season_end,team,line,confidence,source_url,note
2026,ANA,84.5,high,https://www.hockey-reference.com/leagues/NHL_2026_preseason_odds.html,= Covers 2025-26 article/SOH; date ~late Sep/early Oct 2025 (HR preseason table; exact date not stated; FLA already reflects Barkov injury)
2026,BOS,80.5,high,https://www.hockey-reference.com/leagues/NHL_2026_preseason_odds.html,= Covers 2025-26 article/SOH; date ~late Sep/early Oct 2025 (HR preseason table; exact date not stated; FLA already reflects Barkov injury)
2026,BUF,85.5,high,https://www.hockey-reference.com/leagues/NHL_2026_preseason_odds.html,= Covers 2025-26 article/SOH; date ~late Sep/early Oct 2025 (HR preseason table; exact date not stated; FLA already reflects Barkov injury)
2026,CGY,83.5,high,https://www.hockey-reference.com/leagues/NHL_2026_preseason_odds.html,= DailyFaceoff bet365 83.5; Covers 82.5; date ~late Sep/early Oct 2025 (HR preseason table; exact date not stated; FLA already reflects Barkov injury)
2026,CAR,106.5,medium,https://www.hockey-reference.com/leagues/NHL_2026_preseason_odds.html,Covers 2025-26 article/SOH 105.5; date ~late Sep/early Oct 2025 (HR preseason table; exact date not stated; FLA already reflects Barkov injury)
2026,CHI,67.5,high,https://www.hockey-reference.com/leagues/NHL_2026_preseason_odds.html,= Covers 2025-26 article/SOH; date ~late Sep/early Oct 2025 (HR preseason table; exact date not stated; FLA already reflects Barkov injury)
2026,COL,105.5,medium,https://www.hockey-reference.com/leagues/NHL_2026_preseason_odds.html,Covers 2025-26 article/SOH 103.5; gambling911 Oct-2 104.5; date ~late Sep/early Oct 2025 (HR preseason table; exact date not stated; FLA already reflects Barkov injury)
2026,CBJ,84.5,high,https://www.hockey-reference.com/leagues/NHL_2026_preseason_odds.html,= gambling911 Oct-2 84.5; Covers 85.5; date ~late Sep/early Oct 2025 (HR preseason table; exact date not stated; FLA already reflects Barkov injury)
2026,DAL,104.5,medium,https://www.hockey-reference.com/leagues/NHL_2026_preseason_odds.html,Covers 2025-26 article/SOH 103.5; gambling911 Oct-2 105.5; date ~late Sep/early Oct 2025 (HR preseason table; exact date not stated; FLA already reflects Barkov injury)
2026,DET,84.5,high,https://www.hockey-reference.com/leagues/NHL_2026_preseason_odds.html,= Covers 2025-26 article/SOH; date ~late Sep/early Oct 2025 (HR preseason table; exact date not stated; FLA already reflects Barkov injury)
2026,EDM,104.5,medium,https://www.hockey-reference.com/leagues/NHL_2026_preseason_odds.html,Covers 2025-26 article/SOH 103.5; gambling911 Oct-2 105.5; date ~late Sep/early Oct 2025 (HR preseason table; exact date not stated; FLA already reflects Barkov injury)
2026,FLA,99.5,high,https://www.hockey-reference.com/leagues/NHL_2026_preseason_odds.html,= Covers 2025-26 article/SOH and gambling911; opened ~106.5 before Barkov injury; date ~late Sep/early Oct 2025 (HR preseason table; exact date not stated; FLA already reflects Barkov injury)
2026,LAK,98.5,high,https://www.hockey-reference.com/leagues/NHL_2026_preseason_odds.html,= Covers 2025-26 article/SOH; date ~late Sep/early Oct 2025 (HR preseason table; exact date not stated; FLA already reflects Barkov injury)
2026,MIN,95.5,high,https://www.hockey-reference.com/leagues/NHL_2026_preseason_odds.html,= Covers 2025-26 article/SOH; date ~late Sep/early Oct 2025 (HR preseason table; exact date not stated; FLA already reflects Barkov injury)
2026,MTL,91.5,medium,https://www.hockey-reference.com/leagues/NHL_2026_preseason_odds.html,Covers 2025-26 article/SOH 90.5; gambling911 90.5; date ~late Sep/early Oct 2025 (HR preseason table; exact date not stated; FLA already reflects Barkov injury)
2026,NSH,83.5,medium,https://www.hockey-reference.com/leagues/NHL_2026_preseason_odds.html,Covers 2025-26 article/SOH 85.5; gambling911 84.5; date ~late Sep/early Oct 2025 (HR preseason table; exact date not stated; FLA already reflects Barkov injury)
2026,NJD,99.5,high,https://www.hockey-reference.com/leagues/NHL_2026_preseason_odds.html,= Covers 2025-26 article/SOH; date ~late Sep/early Oct 2025 (HR preseason table; exact date not stated; FLA already reflects Barkov injury)
2026,NYI,84.5,high,https://www.hockey-reference.com/leagues/NHL_2026_preseason_odds.html,= gambling911 Oct-2 84.5; Covers 83.5; date ~late Sep/early Oct 2025 (HR preseason table; exact date not stated; FLA already reflects Barkov injury)
2026,NYR,95.5,high,https://www.hockey-reference.com/leagues/NHL_2026_preseason_odds.html,= Covers 2025-26 article/SOH; date ~late Sep/early Oct 2025 (HR preseason table; exact date not stated; FLA already reflects Barkov injury)
2026,OTT,95.5,high,https://www.hockey-reference.com/leagues/NHL_2026_preseason_odds.html,= Covers 2025-26 article/SOH; date ~late Sep/early Oct 2025 (HR preseason table; exact date not stated; FLA already reflects Barkov injury)
2026,PHI,84.5,high,https://www.hockey-reference.com/leagues/NHL_2026_preseason_odds.html,= Covers 2025-26 article/SOH; date ~late Sep/early Oct 2025 (HR preseason table; exact date not stated; FLA already reflects Barkov injury)
2026,PIT,76.5,high,https://www.hockey-reference.com/leagues/NHL_2026_preseason_odds.html,= Covers 2025-26 article/SOH; date ~late Sep/early Oct 2025 (HR preseason table; exact date not stated; FLA already reflects Barkov injury)
2026,SJS,70.5,high,https://www.hockey-reference.com/leagues/NHL_2026_preseason_odds.html,= Covers 2025-26 article/SOH; date ~late Sep/early Oct 2025 (HR preseason table; exact date not stated; FLA already reflects Barkov injury)
2026,SEA,78.5,medium,https://www.hockey-reference.com/leagues/NHL_2026_preseason_odds.html,Covers 2025-26 article/SOH 77.5; date ~late Sep/early Oct 2025 (HR preseason table; exact date not stated; FLA already reflects Barkov injury)
2026,STL,92.5,high,https://www.hockey-reference.com/leagues/NHL_2026_preseason_odds.html,= Covers 2025-26 article/SOH; date ~late Sep/early Oct 2025 (HR preseason table; exact date not stated; FLA already reflects Barkov injury)
2026,TBL,102.5,high,https://www.hockey-reference.com/leagues/NHL_2026_preseason_odds.html,= Covers 2025-26 article/SOH; date ~late Sep/early Oct 2025 (HR preseason table; exact date not stated; FLA already reflects Barkov injury)
2026,TOR,99.5,high,https://www.hockey-reference.com/leagues/NHL_2026_preseason_odds.html,= Covers 2025-26 article/SOH; date ~late Sep/early Oct 2025 (HR preseason table; exact date not stated; FLA already reflects Barkov injury)
2026,UTA,92.5,high,https://www.hockey-reference.com/leagues/NHL_2026_preseason_odds.html,Utah Mammoth; = Covers 2025-26 article/SOH; date ~late Sep/early Oct 2025 (HR preseason table; exact date not stated; FLA already reflects Barkov injury)
2026,VAN,90.5,high,https://www.hockey-reference.com/leagues/NHL_2026_preseason_odds.html,= Covers 2025-26 article/SOH; date ~late Sep/early Oct 2025 (HR preseason table; exact date not stated; FLA already reflects Barkov injury)
2026,VGK,106.5,medium,https://www.hockey-reference.com/leagues/NHL_2026_preseason_odds.html,Covers 2025-26 article/SOH 104.5; date ~late Sep/early Oct 2025 (HR preseason table; exact date not stated; FLA already reflects Barkov injury)
2026,WSH,96.5,high,https://www.hockey-reference.com/leagues/NHL_2026_preseason_odds.html,= Covers 2025-26 article/SOH; date ~late Sep/early Oct 2025 (HR preseason table; exact date not stated; FLA already reflects Barkov injury)
2026,WPG,97.5,high,https://www.hockey-reference.com/leagues/NHL_2026_preseason_odds.html,= Covers 2025-26 article/SOH; date ~late Sep/early Oct 2025 (HR preseason table; exact date not stated; FLA already reflects Barkov injury)
2025,ANA,70.5,high,https://www.hockey-reference.com/leagues/NHL_2025_preseason_odds.html,= SportsOddsHistory 2024-25; date ~preseason Sep/Oct 2024 (HR table; matches SportsOddsHistory table)
2025,BOS,99.5,high,https://www.hockey-reference.com/leagues/NHL_2025_preseason_odds.html,= Covers early-season article; date ~preseason Sep/Oct 2024 (HR table; matches SportsOddsHistory table)
2025,BUF,87.5,medium,https://www.hockey-reference.com/leagues/NHL_2025_preseason_odds.html,Covers early-season article 88.5; date ~preseason Sep/Oct 2024 (HR table; matches SportsOddsHistory table)
2025,CGY,80.5,medium,https://www.hockey-reference.com/leagues/NHL_2025_preseason_odds.html,Covers early-season article 81.5; date ~preseason Sep/Oct 2024 (HR table; matches SportsOddsHistory table)
2025,CAR,101.5,high,https://www.hockey-reference.com/leagues/NHL_2025_preseason_odds.html,= SportsOddsHistory 2024-25; Covers early-season article 100.5; date ~preseason Sep/Oct 2024 (HR table; matches SportsOddsHistory table)
2025,CHI,74.5,medium,https://www.hockey-reference.com/leagues/NHL_2025_preseason_odds.html,Covers early-season article 73.5; date ~preseason Sep/Oct 2024 (HR table; matches SportsOddsHistory table)
2025,COL,104.5,high,https://www.hockey-reference.com/leagues/NHL_2025_preseason_odds.html,= SportsOddsHistory 2024-25; Covers early-season article 102.5; date ~preseason Sep/Oct 2024 (HR table; matches SportsOddsHistory table)
2025,CBJ,65.5,high,https://www.hockey-reference.com/leagues/NHL_2025_preseason_odds.html,= SportsOddsHistory 2024-25; Covers early-season article 67.5; date ~preseason Sep/Oct 2024 (HR table; matches SportsOddsHistory table)
2025,DAL,103.5,high,https://www.hockey-reference.com/leagues/NHL_2025_preseason_odds.html,= Covers early-season article; date ~preseason Sep/Oct 2024 (HR table; matches SportsOddsHistory table)
2025,DET,89.5,medium,https://www.hockey-reference.com/leagues/NHL_2025_preseason_odds.html,Covers early-season article 88.5; date ~preseason Sep/Oct 2024 (HR table; matches SportsOddsHistory table)
2025,EDM,108.5,high,https://www.hockey-reference.com/leagues/NHL_2025_preseason_odds.html,= SportsOddsHistory 2024-25 and Covers early-season article; date ~preseason Sep/Oct 2024 (HR table; matches SportsOddsHistory table)
2025,FLA,102.5,high,https://www.hockey-reference.com/leagues/NHL_2025_preseason_odds.html,= SportsOddsHistory 2024-25 and Covers early-season article; date ~preseason Sep/Oct 2024 (HR table; matches SportsOddsHistory table)
2025,LAK,96.5,medium,https://www.hockey-reference.com/leagues/NHL_2025_preseason_odds.html,Covers early-season article 95.5; date ~preseason Sep/Oct 2024 (HR table; matches SportsOddsHistory table)
2025,MIN,93.5,high,https://www.hockey-reference.com/leagues/NHL_2025_preseason_odds.html,= Covers early-season article; date ~preseason Sep/Oct 2024 (HR table; matches SportsOddsHistory table)
2025,MTL,77.5,medium,https://www.hockey-reference.com/leagues/NHL_2025_preseason_odds.html,Covers early-season article 76.5; date ~preseason Sep/Oct 2024 (HR table; matches SportsOddsHistory table)
2025,NSH,99.5,medium,https://www.hockey-reference.com/leagues/NHL_2025_preseason_odds.html,Covers early-season article 98.5; date ~preseason Sep/Oct 2024 (HR table; matches SportsOddsHistory table)
2025,NJD,102.5,high,https://www.hockey-reference.com/leagues/NHL_2025_preseason_odds.html,= SportsOddsHistory 2024-25; Covers early-season article 100.5; date ~preseason Sep/Oct 2024 (HR table; matches SportsOddsHistory table)
2025,NYI,91.5,medium,https://www.hockey-reference.com/leagues/NHL_2025_preseason_odds.html,Covers early-season article 92.5; date ~preseason Sep/Oct 2024 (HR table; matches SportsOddsHistory table)
2025,NYR,100.5,high,https://www.hockey-reference.com/leagues/NHL_2025_preseason_odds.html,= Covers early-season article; date ~preseason Sep/Oct 2024 (HR table; matches SportsOddsHistory table)
2025,OTT,90.5,high,https://www.hockey-reference.com/leagues/NHL_2025_preseason_odds.html,= Covers early-season article; date ~preseason Sep/Oct 2024 (HR table; matches SportsOddsHistory table)
2025,PHI,85.5,high,https://www.hockey-reference.com/leagues/NHL_2025_preseason_odds.html,= Covers early-season article; date ~preseason Sep/Oct 2024 (HR table; matches SportsOddsHistory table)
2025,PIT,90.5,high,https://www.hockey-reference.com/leagues/NHL_2025_preseason_odds.html,= Covers early-season article; date ~preseason Sep/Oct 2024 (HR table; matches SportsOddsHistory table)
2025,SJS,63.5,high,https://www.hockey-reference.com/leagues/NHL_2025_preseason_odds.html,= SportsOddsHistory 2024-25; Covers early-season article 64.5; date ~preseason Sep/Oct 2024 (HR table; matches SportsOddsHistory table)
2025,SEA,87.5,high,https://www.hockey-reference.com/leagues/NHL_2025_preseason_odds.html,= Covers early-season article; date ~preseason Sep/Oct 2024 (HR table; matches SportsOddsHistory table)
2025,STL,87.5,medium,https://www.hockey-reference.com/leagues/NHL_2025_preseason_odds.html,Covers early-season article 86.5; date ~preseason Sep/Oct 2024 (HR table; matches SportsOddsHistory table)
2025,TBL,98.5,high,https://www.hockey-reference.com/leagues/NHL_2025_preseason_odds.html,= Covers early-season article; date ~preseason Sep/Oct 2024 (HR table; matches SportsOddsHistory table)
2025,TOR,102.5,high,https://www.hockey-reference.com/leagues/NHL_2025_preseason_odds.html,= Covers early-season article; date ~preseason Sep/Oct 2024 (HR table; matches SportsOddsHistory table)
2025,UTA,88.5,high,https://www.hockey-reference.com/leagues/NHL_2025_preseason_odds.html,Utah Hockey Club; HR full table only (row verified by final pts); date ~preseason Sep/Oct 2024 (HR table; matches SportsOddsHistory table)
2025,VAN,99.5,high,https://www.hockey-reference.com/leagues/NHL_2025_preseason_odds.html,HR full table only (row verified by final pts); date ~preseason Sep/Oct 2024 (HR table; matches SportsOddsHistory table)
2025,VGK,98.5,high,https://www.hockey-reference.com/leagues/NHL_2025_preseason_odds.html,HR full table only (row verified by final pts); date ~preseason Sep/Oct 2024 (HR table; matches SportsOddsHistory table)
2025,WSH,89.5,high,https://www.hockey-reference.com/leagues/NHL_2025_preseason_odds.html,= SportsOddsHistory 2024-25; date ~preseason Sep/Oct 2024 (HR table; matches SportsOddsHistory table)
2025,WPG,96.5,high,https://www.hockey-reference.com/leagues/NHL_2025_preseason_odds.html,HR full table only (row verified by final pts); date ~preseason Sep/Oct 2024 (HR table; matches SportsOddsHistory table)
2024,ANA,68.5,high,https://www.hockey-reference.com/leagues/NHL_2024_preseason_odds.html,= SportsOddsHistory 2023-24; date ~preseason Sep/Oct 2023 (HR table; matches SportsOddsHistory table)
2024,ARI,76.5,high,https://www.hockey-reference.com/leagues/NHL_2024_preseason_odds.html,HR full table only (row verified by final pts); date ~preseason Sep/Oct 2023 (HR table; matches SportsOddsHistory table)
2024,BOS,101.5,high,https://www.hockey-reference.com/leagues/NHL_2024_preseason_odds.html,= SportsOddsHistory 2023-24; date ~preseason Sep/Oct 2023 (HR table; matches SportsOddsHistory table)
2024,BUF,92.5,high,https://www.hockey-reference.com/leagues/NHL_2024_preseason_odds.html,HR full table only (row verified by final pts); date ~preseason Sep/Oct 2023 (HR table; matches SportsOddsHistory table)
2024,CGY,94.5,high,https://www.hockey-reference.com/leagues/NHL_2024_preseason_odds.html,HR full table only (row verified by final pts); date ~preseason Sep/Oct 2023 (HR table; matches SportsOddsHistory table)
2024,CAR,106.5,high,https://www.hockey-reference.com/leagues/NHL_2024_preseason_odds.html,= SportsOddsHistory 2023-24; SBD opener 109.5; date ~preseason Sep/Oct 2023 (HR table; matches SportsOddsHistory table)
2024,CHI,72.5,high,https://www.hockey-reference.com/leagues/NHL_2024_preseason_odds.html,= SportsOddsHistory 2023-24; date ~preseason Sep/Oct 2023 (HR table; matches SportsOddsHistory table)
2024,COL,106.5,high,https://www.hockey-reference.com/leagues/NHL_2024_preseason_odds.html,= SportsOddsHistory 2023-24; SBD opener 105.5; date ~preseason Sep/Oct 2023 (HR table; matches SportsOddsHistory table)
2024,CBJ,73.5,high,https://www.hockey-reference.com/leagues/NHL_2024_preseason_odds.html,HR full table only (row verified by final pts); date ~preseason Sep/Oct 2023 (HR table; matches SportsOddsHistory table)
2024,DAL,104.5,high,https://www.hockey-reference.com/leagues/NHL_2024_preseason_odds.html,= SportsOddsHistory 2023-24; date ~preseason Sep/Oct 2023 (HR table; matches SportsOddsHistory table)
2024,DET,85.5,high,https://www.hockey-reference.com/leagues/NHL_2024_preseason_odds.html,HR full table only (row verified by final pts); date ~preseason Sep/Oct 2023 (HR table; matches SportsOddsHistory table)
2024,EDM,106.5,high,https://www.hockey-reference.com/leagues/NHL_2024_preseason_odds.html,= SportsOddsHistory 2023-24 and SBD; date ~preseason Sep/Oct 2023 (HR table; matches SportsOddsHistory table)
2024,FLA,98.5,high,https://www.hockey-reference.com/leagues/NHL_2024_preseason_odds.html,HR full table only (row verified by final pts); date ~preseason Sep/Oct 2023 (HR table; matches SportsOddsHistory table)
2024,LAK,100.5,high,https://www.hockey-reference.com/leagues/NHL_2024_preseason_odds.html,HR full table only (row verified by final pts); date ~preseason Sep/Oct 2023 (HR table; matches SportsOddsHistory table)
2024,MIN,96.5,high,https://www.hockey-reference.com/leagues/NHL_2024_preseason_odds.html,HR full table only (row verified by final pts); date ~preseason Sep/Oct 2023 (HR table; matches SportsOddsHistory table)
2024,MTL,71.5,high,https://www.hockey-reference.com/leagues/NHL_2024_preseason_odds.html,HR full table only (row verified by final pts); date ~preseason Sep/Oct 2023 (HR table; matches SportsOddsHistory table)
2024,NSH,87.5,high,https://www.hockey-reference.com/leagues/NHL_2024_preseason_odds.html,HR full table only (row verified by final pts); date ~preseason Sep/Oct 2023 (HR table; matches SportsOddsHistory table)
2024,NJD,105.5,high,https://www.hockey-reference.com/leagues/NHL_2024_preseason_odds.html,= SportsOddsHistory 2023-24 and SBD; date ~preseason Sep/Oct 2023 (HR table; matches SportsOddsHistory table)
2024,NYI,92.5,high,https://www.hockey-reference.com/leagues/NHL_2024_preseason_odds.html,HR full table only (row verified by final pts); date ~preseason Sep/Oct 2023 (HR table; matches SportsOddsHistory table)
2024,NYR,101.5,high,https://www.hockey-reference.com/leagues/NHL_2024_preseason_odds.html,= SportsOddsHistory 2023-24; date ~preseason Sep/Oct 2023 (HR table; matches SportsOddsHistory table)
2024,OTT,91.5,high,https://www.hockey-reference.com/leagues/NHL_2024_preseason_odds.html,HR full table only (row verified by final pts); date ~preseason Sep/Oct 2023 (HR table; matches SportsOddsHistory table)
2024,PHI,75.5,high,https://www.hockey-reference.com/leagues/NHL_2024_preseason_odds.html,HR full table only (row verified by final pts); date ~preseason Sep/Oct 2023 (HR table; matches SportsOddsHistory table)
2024,PIT,96.5,high,https://www.hockey-reference.com/leagues/NHL_2024_preseason_odds.html,HR full table only (row verified by final pts); date ~preseason Sep/Oct 2023 (HR table; matches SportsOddsHistory table)
2024,SJS,67.5,high,https://www.hockey-reference.com/leagues/NHL_2024_preseason_odds.html,= SportsOddsHistory 2023-24; date ~preseason Sep/Oct 2023 (HR table; matches SportsOddsHistory table)
2024,SEA,92.5,high,https://www.hockey-reference.com/leagues/NHL_2024_preseason_odds.html,= SportsOddsHistory 2023-24; date ~preseason Sep/Oct 2023 (HR table; matches SportsOddsHistory table)
2024,STL,83.5,high,https://www.hockey-reference.com/leagues/NHL_2024_preseason_odds.html,HR full table only (row verified by final pts); date ~preseason Sep/Oct 2023 (HR table; matches SportsOddsHistory table)
2024,TBL,95.5,high,https://www.hockey-reference.com/leagues/NHL_2024_preseason_odds.html,= SportsOddsHistory 2023-24; date ~preseason Sep/Oct 2023 (HR table; matches SportsOddsHistory table)
2024,TOR,105.5,high,https://www.hockey-reference.com/leagues/NHL_2024_preseason_odds.html,= SportsOddsHistory 2023-24 and SBD; date ~preseason Sep/Oct 2023 (HR table; matches SportsOddsHistory table)
2024,VAN,90.5,high,https://www.hockey-reference.com/leagues/NHL_2024_preseason_odds.html,= SportsOddsHistory 2023-24; date ~preseason Sep/Oct 2023 (HR table; matches SportsOddsHistory table)
2024,VGK,103.5,high,https://www.hockey-reference.com/leagues/NHL_2024_preseason_odds.html,= SportsOddsHistory 2023-24; date ~preseason Sep/Oct 2023 (HR table; matches SportsOddsHistory table)
2024,WSH,85.5,high,https://www.hockey-reference.com/leagues/NHL_2024_preseason_odds.html,HR full table only (row verified by final pts); date ~preseason Sep/Oct 2023 (HR table; matches SportsOddsHistory table)
2024,WPG,91.5,high,https://www.hockey-reference.com/leagues/NHL_2024_preseason_odds.html,= SportsOddsHistory 2023-24; SBD opener 92.5; date ~preseason Sep/Oct 2023 (HR table; matches SportsOddsHistory table)
2023,ANA,79.5,high,https://www.hockey-reference.com/leagues/NHL_2023_preseason_odds.html,= theScore opening totals; date ~preseason Sep/Oct 2022 (HR table)
2023,ARI,65.5,high,https://www.hockey-reference.com/leagues/NHL_2023_preseason_odds.html,HR full table only (row verified by final pts); date ~preseason Sep/Oct 2022 (HR table)
2023,BOS,96.5,medium,https://www.hockey-reference.com/leagues/NHL_2023_preseason_odds.html,theScore opening totals 95.5; date ~preseason Sep/Oct 2022 (HR table)
2023,BUF,77.5,high,https://www.hockey-reference.com/leagues/NHL_2023_preseason_odds.html,= theScore opening totals; date ~preseason Sep/Oct 2022 (HR table)
2023,CGY,102.5,high,https://www.hockey-reference.com/leagues/NHL_2023_preseason_odds.html,= theScore opening totals; date ~preseason Sep/Oct 2022 (HR table)
2023,CAR,102.5,high,https://www.hockey-reference.com/leagues/NHL_2023_preseason_odds.html,= theScore opening totals; date ~preseason Sep/Oct 2022 (HR table)
2023,CHI,67.5,high,https://www.hockey-reference.com/leagues/NHL_2023_preseason_odds.html,HR full table only (row verified by final pts); date ~preseason Sep/Oct 2022 (HR table)
2023,COL,111.5,high,https://www.hockey-reference.com/leagues/NHL_2023_preseason_odds.html,= theScore opening totals; date ~preseason Sep/Oct 2022 (HR table)
2023,CBJ,79.5,medium,https://www.hockey-reference.com/leagues/NHL_2023_preseason_odds.html,HR full table only; batch not final-pts verified; date ~preseason Sep/Oct 2022 (HR table)
2023,DAL,93.5,medium,https://www.hockey-reference.com/leagues/NHL_2023_preseason_odds.html,theScore opening totals 94.5; date ~preseason Sep/Oct 2022 (HR table)
2023,DET,84.5,medium,https://www.hockey-reference.com/leagues/NHL_2023_preseason_odds.html,HR full table only; batch not final-pts verified; date ~preseason Sep/Oct 2022 (HR table)
2023,EDM,102.5,medium,https://www.hockey-reference.com/leagues/NHL_2023_preseason_odds.html,theScore opening totals 104.5; date ~preseason Sep/Oct 2022 (HR table)
2023,FLA,105.5,high,https://www.hockey-reference.com/leagues/NHL_2023_preseason_odds.html,= theScore opening totals; date ~preseason Sep/Oct 2022 (HR table)
2023,LAK,96.5,medium,https://www.hockey-reference.com/leagues/NHL_2023_preseason_odds.html,HR full table only; batch not final-pts verified; date ~preseason Sep/Oct 2022 (HR table)
2023,MIN,100.5,medium,https://www.hockey-reference.com/leagues/NHL_2023_preseason_odds.html,HR full table only; batch not final-pts verified; date ~preseason Sep/Oct 2022 (HR table)
2023,MTL,71.5,medium,https://www.hockey-reference.com/leagues/NHL_2023_preseason_odds.html,HR full table only; batch not final-pts verified; date ~preseason Sep/Oct 2022 (HR table)
2023,NSH,97.5,medium,https://www.hockey-reference.com/leagues/NHL_2023_preseason_odds.html,theScore opening totals 96.5; date ~preseason Sep/Oct 2022 (HR table)
2023,NJD,89.5,medium,https://www.hockey-reference.com/leagues/NHL_2023_preseason_odds.html,theScore opening totals 88.5; date ~preseason Sep/Oct 2022 (HR table)
2023,NYI,93.5,high,https://www.hockey-reference.com/leagues/NHL_2023_preseason_odds.html,HR full table only (row verified by final pts); date ~preseason Sep/Oct 2022 (HR table)
2023,NYR,99.5,high,https://www.hockey-reference.com/leagues/NHL_2023_preseason_odds.html,HR full table only (row verified by final pts); date ~preseason Sep/Oct 2022 (HR table)
2023,OTT,86.5,high,https://www.hockey-reference.com/leagues/NHL_2023_preseason_odds.html,HR full table only (row verified by final pts); date ~preseason Sep/Oct 2022 (HR table)
2023,PHI,73.5,high,https://www.hockey-reference.com/leagues/NHL_2023_preseason_odds.html,HR full table only (row verified by final pts); date ~preseason Sep/Oct 2022 (HR table)
2023,PIT,101.5,high,https://www.hockey-reference.com/leagues/NHL_2023_preseason_odds.html,= theScore opening totals; date ~preseason Sep/Oct 2022 (HR table)
2023,SJS,76.5,medium,https://www.hockey-reference.com/leagues/NHL_2023_preseason_odds.html,theScore opening totals 75.5; date ~preseason Sep/Oct 2022 (HR table)
2023,SEA,81.5,medium,https://www.hockey-reference.com/leagues/NHL_2023_preseason_odds.html,theScore opening totals 80.5; date ~preseason Sep/Oct 2022 (HR table)
2023,STL,95.5,medium,https://www.hockey-reference.com/leagues/NHL_2023_preseason_odds.html,theScore opening totals 96.5; date ~preseason Sep/Oct 2022 (HR table)
2023,TBL,103.5,high,https://www.hockey-reference.com/leagues/NHL_2023_preseason_odds.html,= theScore opening totals; date ~preseason Sep/Oct 2022 (HR table)
2023,TOR,107.5,high,https://www.hockey-reference.com/leagues/NHL_2023_preseason_odds.html,= theScore opening totals; date ~preseason Sep/Oct 2022 (HR table)
2023,VAN,92.5,high,https://www.hockey-reference.com/leagues/NHL_2023_preseason_odds.html,HR full table only (row verified by final pts); date ~preseason Sep/Oct 2022 (HR table)
2023,VGK,96.5,high,https://www.hockey-reference.com/leagues/NHL_2023_preseason_odds.html,HR full table only (row verified by final pts); date ~preseason Sep/Oct 2022 (HR table)
2023,WSH,94.5,medium,https://www.hockey-reference.com/leagues/NHL_2023_preseason_odds.html,theScore opening totals 95.5; date ~preseason Sep/Oct 2022 (HR table)
2023,WPG,87.5,high,https://www.hockey-reference.com/leagues/NHL_2023_preseason_odds.html,HR full table only (row verified by final pts); date ~preseason Sep/Oct 2022 (HR table)
2022,ANA,70.5,medium,https://www.hockey-reference.com/leagues/NHL_2022_preseason_odds.html,HR only; HR 2021-22 table has an apparent error (NYI 63.5) so single-source rows downgraded; date ~preseason Sep/Oct 2021 (HR table)
2022,ARI,69.5,medium,https://www.hockey-reference.com/leagues/NHL_2022_preseason_odds.html,HR only; HR 2021-22 table has an apparent error (NYI 63.5) so single-source rows downgraded; date ~preseason Sep/Oct 2021 (HR table)
2022,BOS,103.5,medium,https://www.hockey-reference.com/leagues/NHL_2022_preseason_odds.html,HR only; HR 2021-22 table has an apparent error (NYI 63.5) so single-source rows downgraded; date ~preseason Sep/Oct 2021 (HR table)
2022,BUF,68.5,medium,https://www.hockey-reference.com/leagues/NHL_2022_preseason_odds.html,HR only; HR 2021-22 table has an apparent error (NYI 63.5) so single-source rows downgraded; date ~preseason Sep/Oct 2021 (HR table)
2022,CGY,90.5,medium,https://www.hockey-reference.com/leagues/NHL_2022_preseason_odds.html,HR only; HR 2021-22 table has an apparent error (NYI 63.5) so single-source rows downgraded; date ~preseason Sep/Oct 2021 (HR table)
2022,CAR,95.5,medium,https://www.hockey-reference.com/leagues/NHL_2022_preseason_odds.html,HR only; HR 2021-22 table has an apparent error (NYI 63.5) so single-source rows downgraded; date ~preseason Sep/Oct 2021 (HR table)
2022,CHI,91.5,medium,https://www.hockey-reference.com/leagues/NHL_2022_preseason_odds.html,SBD 2021-22 89.5/90.5; date ~preseason Sep/Oct 2021 (HR table)
2022,COL,110.5,medium,https://www.hockey-reference.com/leagues/NHL_2022_preseason_odds.html,SBD 2021-22 111.5; date ~preseason Sep/Oct 2021 (HR table)
2022,CBJ,76.5,medium,https://www.hockey-reference.com/leagues/NHL_2022_preseason_odds.html,HR only; HR 2021-22 table has an apparent error (NYI 63.5) so single-source rows downgraded; date ~preseason Sep/Oct 2021 (HR table)
2022,DAL,95.5,medium,https://www.hockey-reference.com/leagues/NHL_2022_preseason_odds.html,HR only; HR 2021-22 table has an apparent error (NYI 63.5) so single-source rows downgraded; date ~preseason Sep/Oct 2021 (HR table)
2022,DET,77.5,medium,https://www.hockey-reference.com/leagues/NHL_2022_preseason_odds.html,HR only; HR 2021-22 table has an apparent error (NYI 63.5) so single-source rows downgraded; date ~preseason Sep/Oct 2021 (HR table)
2022,EDM,97.5,medium,https://www.hockey-reference.com/leagues/NHL_2022_preseason_odds.html,HR only; HR 2021-22 table has an apparent error (NYI 63.5) so single-source rows downgraded; date ~preseason Sep/Oct 2021 (HR table)
2022,FLA,101.5,medium,https://www.hockey-reference.com/leagues/NHL_2022_preseason_odds.html,HR only; HR 2021-22 table has an apparent error (NYI 63.5) so single-source rows downgraded; date ~preseason Sep/Oct 2021 (HR table)
2022,LAK,85.5,medium,https://www.hockey-reference.com/leagues/NHL_2022_preseason_odds.html,HR only; HR 2021-22 table has an apparent error (NYI 63.5) so single-source rows downgraded; date ~preseason Sep/Oct 2021 (HR table)
2022,MIN,97.5,medium,https://www.hockey-reference.com/leagues/NHL_2022_preseason_odds.html,HR only; HR 2021-22 table has an apparent error (NYI 63.5) so single-source rows downgraded; date ~preseason Sep/Oct 2021 (HR table)
2022,MTL,89.5,high,https://www.hockey-reference.com/leagues/NHL_2022_preseason_odds.html,= SBD 2021-22; date ~preseason Sep/Oct 2021 (HR table)
2022,NSH,84.5,medium,https://www.hockey-reference.com/leagues/NHL_2022_preseason_odds.html,HR only; HR 2021-22 table has an apparent error (NYI 63.5) so single-source rows downgraded; date ~preseason Sep/Oct 2021 (HR table)
2022,NJD,90.5,medium,https://www.hockey-reference.com/leagues/NHL_2022_preseason_odds.html,SBD 2021-22 88.5 (open)/89.5; date ~preseason Sep/Oct 2021 (HR table)
2022,NYI,99.5,medium,https://www.sportsbettingdime.com/nhl/futures/regular-season-points-over-under-odds/2022-season/,"SOURCE IS SBD (O-110/U-119), not HR; HR lists 63.5 which is an apparent data error; date ~preseason Sep/Oct 2021 (HR table)"
2022,NYR,95.5,high,https://www.hockey-reference.com/leagues/NHL_2022_preseason_odds.html,= SBD 2021-22; date ~preseason Sep/Oct 2021 (HR table)
2022,OTT,72.5,medium,https://www.hockey-reference.com/leagues/NHL_2022_preseason_odds.html,SBD 2021-22 75.5/76.5; date ~preseason Sep/Oct 2021 (HR table)
2022,PHI,94.5,medium,https://www.hockey-reference.com/leagues/NHL_2022_preseason_odds.html,SBD 2021-22 92.5; date ~preseason Sep/Oct 2021 (HR table)
2022,PIT,98.5,medium,https://www.hockey-reference.com/leagues/NHL_2022_preseason_odds.html,SBD 2021-22 96.5; date ~preseason Sep/Oct 2021 (HR table)
2022,SJS,83.5,high,https://www.hockey-reference.com/leagues/NHL_2022_preseason_odds.html,= SBD 2021-22 (SBD opener 80.5); date ~preseason Sep/Oct 2021 (HR table)
2022,SEA,92.5,medium,https://www.hockey-reference.com/leagues/NHL_2022_preseason_odds.html,expansion season; SBD 2021-22 90.5 (open)/94.5; date ~preseason Sep/Oct 2021 (HR table)
2022,STL,94.5,medium,https://www.hockey-reference.com/leagues/NHL_2022_preseason_odds.html,HR only; HR 2021-22 table has an apparent error (NYI 63.5) so single-source rows downgraded; date ~preseason Sep/Oct 2021 (HR table)
2022,TBL,108.5,medium,https://www.hockey-reference.com/leagues/NHL_2022_preseason_odds.html,SBD 2021-22 107.5; date ~preseason Sep/Oct 2021 (HR table)
2022,TOR,106.5,medium,https://www.hockey-reference.com/leagues/NHL_2022_preseason_odds.html,HR only; HR 2021-22 table has an apparent error (NYI 63.5) so single-source rows downgraded; date ~preseason Sep/Oct 2021 (HR table)
2022,VAN,88.5,medium,https://www.hockey-reference.com/leagues/NHL_2022_preseason_odds.html,HR only; HR 2021-22 table has an apparent error (NYI 63.5) so single-source rows downgraded; date ~preseason Sep/Oct 2021 (HR table)
2022,VGK,106.5,medium,https://www.hockey-reference.com/leagues/NHL_2022_preseason_odds.html,SBD 2021-22 107.5; date ~preseason Sep/Oct 2021 (HR table)
2022,WSH,94.5,medium,https://www.hockey-reference.com/leagues/NHL_2022_preseason_odds.html,SBD 2021-22 95.5; date ~preseason Sep/Oct 2021 (HR table)
2022,WPG,92.5,medium,https://www.hockey-reference.com/leagues/NHL_2022_preseason_odds.html,HR only; HR 2021-22 table has an apparent error (NYI 63.5) so single-source rows downgraded; date ~preseason Sep/Oct 2021 (HR table)
2020,ANA,81.5,high,https://www.hockey-reference.com/leagues/NHL_2020_preseason_odds.html,"HR full table only (row verified by final pts); date ~preseason Sep/Oct 2019 (HR table = SportsOddsHistory); season COVID-shortened, bets voided; line is for 82 GP"
2020,ARI,89.5,high,https://www.hockey-reference.com/leagues/NHL_2020_preseason_odds.html,"HR full table only (row verified by final pts); date ~preseason Sep/Oct 2019 (HR table = SportsOddsHistory); season COVID-shortened, bets voided; line is for 82 GP"
2020,BOS,100.5,high,https://www.hockey-reference.com/leagues/NHL_2020_preseason_odds.html,"HR full table only (row verified by final pts); date ~preseason Sep/Oct 2019 (HR table = SportsOddsHistory); season COVID-shortened, bets voided; line is for 82 GP"
2020,BUF,83.5,high,https://www.hockey-reference.com/leagues/NHL_2020_preseason_odds.html,"HR full table only (row verified by final pts); date ~preseason Sep/Oct 2019 (HR table = SportsOddsHistory); season COVID-shortened, bets voided; line is for 82 GP"
2020,CGY,96.5,high,https://www.hockey-reference.com/leagues/NHL_2020_preseason_odds.html,"HR full table only (row verified by final pts); date ~preseason Sep/Oct 2019 (HR table = SportsOddsHistory); season COVID-shortened, bets voided; line is for 82 GP"
2020,CAR,95.5,high,https://www.hockey-reference.com/leagues/NHL_2020_preseason_odds.html,"= SportsOddsHistory 2019-20; date ~preseason Sep/Oct 2019 (HR table = SportsOddsHistory); season COVID-shortened, bets voided; line is for 82 GP"
2020,CHI,89.5,high,https://www.hockey-reference.com/leagues/NHL_2020_preseason_odds.html,"HR full table only (row verified by final pts); date ~preseason Sep/Oct 2019 (HR table = SportsOddsHistory); season COVID-shortened, bets voided; line is for 82 GP"
2020,COL,97.5,high,https://www.hockey-reference.com/leagues/NHL_2020_preseason_odds.html,"= SportsOddsHistory 2019-20; SBD 98.5; date ~preseason Sep/Oct 2019 (HR table = SportsOddsHistory); season COVID-shortened, bets voided; line is for 82 GP"
2020,CBJ,83.5,high,https://www.hockey-reference.com/leagues/NHL_2020_preseason_odds.html,"HR full table only (row verified by final pts); date ~preseason Sep/Oct 2019 (HR table = SportsOddsHistory); season COVID-shortened, bets voided; line is for 82 GP"
2020,DAL,97.5,high,https://www.hockey-reference.com/leagues/NHL_2020_preseason_odds.html,"HR full table only (row verified by final pts); date ~preseason Sep/Oct 2019 (HR table = SportsOddsHistory); season COVID-shortened, bets voided; line is for 82 GP"
2020,DET,76.5,high,https://www.hockey-reference.com/leagues/NHL_2020_preseason_odds.html,"HR full table only (row verified by final pts); date ~preseason Sep/Oct 2019 (HR table = SportsOddsHistory); season COVID-shortened, bets voided; line is for 82 GP"
2020,EDM,85.5,high,https://www.hockey-reference.com/leagues/NHL_2020_preseason_odds.html,"= SportsOddsHistory 2019-20; date ~preseason Sep/Oct 2019 (HR table = SportsOddsHistory); season COVID-shortened, bets voided; line is for 82 GP"
2020,FLA,95.5,high,https://www.hockey-reference.com/leagues/NHL_2020_preseason_odds.html,"HR full table only (row verified by final pts); date ~preseason Sep/Oct 2019 (HR table = SportsOddsHistory); season COVID-shortened, bets voided; line is for 82 GP"
2020,LAK,74.5,high,https://www.hockey-reference.com/leagues/NHL_2020_preseason_odds.html,"= SportsOddsHistory 2019-20; date ~preseason Sep/Oct 2019 (HR table = SportsOddsHistory); season COVID-shortened, bets voided; line is for 82 GP"
2020,MIN,87.5,high,https://www.hockey-reference.com/leagues/NHL_2020_preseason_odds.html,"HR full table only (row verified by final pts); date ~preseason Sep/Oct 2019 (HR table = SportsOddsHistory); season COVID-shortened, bets voided; line is for 82 GP"
2020,MTL,89.5,high,https://www.hockey-reference.com/leagues/NHL_2020_preseason_odds.html,"HR full table only (row verified by final pts); date ~preseason Sep/Oct 2019 (HR table = SportsOddsHistory); season COVID-shortened, bets voided; line is for 82 GP"
2020,NSH,97.5,high,https://www.hockey-reference.com/leagues/NHL_2020_preseason_odds.html,"= SportsOddsHistory 2019-20; date ~preseason Sep/Oct 2019 (HR table = SportsOddsHistory); season COVID-shortened, bets voided; line is for 82 GP"
2020,NJD,90.5,high,https://www.hockey-reference.com/leagues/NHL_2020_preseason_odds.html,"HR full table only (row verified by final pts); date ~preseason Sep/Oct 2019 (HR table = SportsOddsHistory); season COVID-shortened, bets voided; line is for 82 GP"
2020,NYI,91.5,high,https://www.hockey-reference.com/leagues/NHL_2020_preseason_odds.html,"HR full table only (row verified by final pts); date ~preseason Sep/Oct 2019 (HR table = SportsOddsHistory); season COVID-shortened, bets voided; line is for 82 GP"
2020,NYR,88.5,high,https://www.hockey-reference.com/leagues/NHL_2020_preseason_odds.html,"= SportsOddsHistory 2019-20; date ~preseason Sep/Oct 2019 (HR table = SportsOddsHistory); season COVID-shortened, bets voided; line is for 82 GP"
2020,OTT,70.5,high,https://www.hockey-reference.com/leagues/NHL_2020_preseason_odds.html,"= SportsOddsHistory 2019-20; date ~preseason Sep/Oct 2019 (HR table = SportsOddsHistory); season COVID-shortened, bets voided; line is for 82 GP"
2020,PHI,90.5,high,https://www.hockey-reference.com/leagues/NHL_2020_preseason_odds.html,"HR full table only (row verified by final pts); date ~preseason Sep/Oct 2019 (HR table = SportsOddsHistory); season COVID-shortened, bets voided; line is for 82 GP"
2020,PIT,95.5,high,https://www.hockey-reference.com/leagues/NHL_2020_preseason_odds.html,"HR full table only (row verified by final pts); date ~preseason Sep/Oct 2019 (HR table = SportsOddsHistory); season COVID-shortened, bets voided; line is for 82 GP"
2020,SJS,94.5,high,https://www.hockey-reference.com/leagues/NHL_2020_preseason_odds.html,"= SBD 2019-20; date ~preseason Sep/Oct 2019 (HR table = SportsOddsHistory); season COVID-shortened, bets voided; line is for 82 GP"
2020,STL,96.5,high,https://www.hockey-reference.com/leagues/NHL_2020_preseason_odds.html,"HR full table only (row verified by final pts); date ~preseason Sep/Oct 2019 (HR table = SportsOddsHistory); season COVID-shortened, bets voided; line is for 82 GP"
2020,TBL,108.5,high,https://www.hockey-reference.com/leagues/NHL_2020_preseason_odds.html,"= SBD 2019-20; date ~preseason Sep/Oct 2019 (HR table = SportsOddsHistory); season COVID-shortened, bets voided; line is for 82 GP"
2020,TOR,102.5,high,https://www.hockey-reference.com/leagues/NHL_2020_preseason_odds.html,"= SBD 2019-20; date ~preseason Sep/Oct 2019 (HR table = SportsOddsHistory); season COVID-shortened, bets voided; line is for 82 GP"
2020,VAN,87.5,high,https://www.hockey-reference.com/leagues/NHL_2020_preseason_odds.html,"HR full table only (row verified by final pts); date ~preseason Sep/Oct 2019 (HR table = SportsOddsHistory); season COVID-shortened, bets voided; line is for 82 GP"
2020,VGK,101.5,high,https://www.hockey-reference.com/leagues/NHL_2020_preseason_odds.html,"= SportsOddsHistory 2019-20; SBD 102.5; date ~preseason Sep/Oct 2019 (HR table = SportsOddsHistory); season COVID-shortened, bets voided; line is for 82 GP"
2020,WSH,97.5,high,https://www.hockey-reference.com/leagues/NHL_2020_preseason_odds.html,"HR full table only (row verified by final pts); date ~preseason Sep/Oct 2019 (HR table = SportsOddsHistory); season COVID-shortened, bets voided; line is for 82 GP"
2020,WPG,94.5,high,https://www.hockey-reference.com/leagues/NHL_2020_preseason_odds.html,"HR full table only (row verified by final pts); date ~preseason Sep/Oct 2019 (HR table = SportsOddsHistory); season COVID-shortened, bets voided; line is for 82 GP"
2019,ANA,94.5,high,https://www.hockey-reference.com/leagues/NHL_2019_preseason_odds.html,= SBD 2018-19 tracker (Oct 1); date ~Oct 1 2018 (SBD tracker 'as of Oct 1' matches HR)
2019,ARI,81.5,high,https://www.hockey-reference.com/leagues/NHL_2019_preseason_odds.html,HR full table only (row verified by final pts); date ~Oct 1 2018 (SBD tracker 'as of Oct 1' matches HR)
2019,BOS,102.5,high,https://www.hockey-reference.com/leagues/NHL_2019_preseason_odds.html,= SBD 2018-19 tracker (Oct 1); date ~Oct 1 2018 (SBD tracker 'as of Oct 1' matches HR)
2019,BUF,80.5,high,https://www.hockey-reference.com/leagues/NHL_2019_preseason_odds.html,HR full table only (row verified by final pts); date ~Oct 1 2018 (SBD tracker 'as of Oct 1' matches HR)
2019,CGY,93.5,high,https://www.hockey-reference.com/leagues/NHL_2019_preseason_odds.html,= SBD 2018-19 tracker (Oct 1); date ~Oct 1 2018 (SBD tracker 'as of Oct 1' matches HR)
2019,CAR,86.5,medium,https://www.hockey-reference.com/leagues/NHL_2019_preseason_odds.html,SBD Oct-1 85.5 / 84.5; date ~Oct 1 2018 (SBD tracker 'as of Oct 1' matches HR)
2019,CHI,85.5,high,https://www.hockey-reference.com/leagues/NHL_2019_preseason_odds.html,HR full table only (row verified by final pts); date ~Oct 1 2018 (SBD tracker 'as of Oct 1' matches HR)
2019,COL,89.5,high,https://www.hockey-reference.com/leagues/NHL_2019_preseason_odds.html,HR full table only (row verified by final pts); date ~Oct 1 2018 (SBD tracker 'as of Oct 1' matches HR)
2019,CBJ,97.5,high,https://www.hockey-reference.com/leagues/NHL_2019_preseason_odds.html,= SBD 2018-19 tracker (Oct 1); date ~Oct 1 2018 (SBD tracker 'as of Oct 1' matches HR)
2019,DAL,94.5,high,https://www.hockey-reference.com/leagues/NHL_2019_preseason_odds.html,HR full table only (row verified by final pts); date ~Oct 1 2018 (SBD tracker 'as of Oct 1' matches HR)
2019,DET,75.5,high,https://www.hockey-reference.com/leagues/NHL_2019_preseason_odds.html,HR full table only (row verified by final pts); date ~Oct 1 2018 (SBD tracker 'as of Oct 1' matches HR)
2019,EDM,91.5,high,https://www.hockey-reference.com/leagues/NHL_2019_preseason_odds.html,HR full table only (row verified by final pts); date ~Oct 1 2018 (SBD tracker 'as of Oct 1' matches HR)
2019,FLA,94.5,high,https://www.hockey-reference.com/leagues/NHL_2019_preseason_odds.html,HR full table only (row verified by final pts); date ~Oct 1 2018 (SBD tracker 'as of Oct 1' matches HR)
2019,LAK,93.5,high,https://www.hockey-reference.com/leagues/NHL_2019_preseason_odds.html,= SBD 2018-19 tracker (Oct 1); date ~Oct 1 2018 (SBD tracker 'as of Oct 1' matches HR)
2019,MIN,95.5,high,https://www.hockey-reference.com/leagues/NHL_2019_preseason_odds.html,= SBD 2018-19 tracker (Oct 1); date ~Oct 1 2018 (SBD tracker 'as of Oct 1' matches HR)
2019,MTL,80.5,high,https://www.hockey-reference.com/leagues/NHL_2019_preseason_odds.html,HR full table only (row verified by final pts); date ~Oct 1 2018 (SBD tracker 'as of Oct 1' matches HR)
2019,NSH,104.5,high,https://www.hockey-reference.com/leagues/NHL_2019_preseason_odds.html,= SBD 2018-19 tracker (Oct 1); date ~Oct 1 2018 (SBD tracker 'as of Oct 1' matches HR)
2019,NJD,90.5,high,https://www.hockey-reference.com/leagues/NHL_2019_preseason_odds.html,HR full table only (row verified by final pts); date ~Oct 1 2018 (SBD tracker 'as of Oct 1' matches HR)
2019,NYI,82.5,high,https://www.hockey-reference.com/leagues/NHL_2019_preseason_odds.html,= SBD 2018-19 tracker (Oct 1); date ~Oct 1 2018 (SBD tracker 'as of Oct 1' matches HR)
2019,NYR,75.5,high,https://www.hockey-reference.com/leagues/NHL_2019_preseason_odds.html,= SBD 2018-19 tracker (Oct 1); date ~Oct 1 2018 (SBD tracker 'as of Oct 1' matches HR)
2019,OTT,71.5,high,https://www.hockey-reference.com/leagues/NHL_2019_preseason_odds.html,HR full table only (row verified by final pts); date ~Oct 1 2018 (SBD tracker 'as of Oct 1' matches HR)
2019,PHI,97.5,high,https://www.hockey-reference.com/leagues/NHL_2019_preseason_odds.html,HR full table only (row verified by final pts); date ~Oct 1 2018 (SBD tracker 'as of Oct 1' matches HR)
2019,PIT,102.5,high,https://www.hockey-reference.com/leagues/NHL_2019_preseason_odds.html,HR full table only (row verified by final pts); date ~Oct 1 2018 (SBD tracker 'as of Oct 1' matches HR)
2019,SJS,101.5,high,https://www.hockey-reference.com/leagues/NHL_2019_preseason_odds.html,HR full table only (row verified by final pts); date ~Oct 1 2018 (SBD tracker 'as of Oct 1' matches HR)
2019,STL,97.5,high,https://www.hockey-reference.com/leagues/NHL_2019_preseason_odds.html,HR full table only (row verified by final pts); date ~Oct 1 2018 (SBD tracker 'as of Oct 1' matches HR)
2019,TBL,106.5,high,https://www.hockey-reference.com/leagues/NHL_2019_preseason_odds.html,= SBD 2018-19 tracker (Oct 1); date ~Oct 1 2018 (SBD tracker 'as of Oct 1' matches HR)
2019,TOR,105.5,high,https://www.hockey-reference.com/leagues/NHL_2019_preseason_odds.html,= SBD 2018-19 tracker (Oct 1); date ~Oct 1 2018 (SBD tracker 'as of Oct 1' matches HR)
2019,VAN,77.5,high,https://www.hockey-reference.com/leagues/NHL_2019_preseason_odds.html,HR full table only (row verified by final pts); date ~Oct 1 2018 (SBD tracker 'as of Oct 1' matches HR)
2019,VGK,97.5,high,https://www.hockey-reference.com/leagues/NHL_2019_preseason_odds.html,HR full table only (row verified by final pts); date ~Oct 1 2018 (SBD tracker 'as of Oct 1' matches HR)
2019,WSH,97.5,high,https://www.hockey-reference.com/leagues/NHL_2019_preseason_odds.html,HR full table only (row verified by final pts); date ~Oct 1 2018 (SBD tracker 'as of Oct 1' matches HR)
2019,WPG,105.5,high,https://www.hockey-reference.com/leagues/NHL_2019_preseason_odds.html,= SBD 2018-19 tracker (Oct 1); date ~Oct 1 2018 (SBD tracker 'as of Oct 1' matches HR)
