team,name,status,injury,timeline_text,report_date,source_url,est_games_out,est_min,est_max,confidence,note
BOS,Charlie McAvoy,ir:out,"Suspension (6 games, playoff slash on Zach Benson); sat out preseason finale",Ineligible until Oct 13 (6th BOS game done),2026-09-25,https://www.bostonglobe.com/2026/09/25/sports/charlie-mcavoy-bruins-nhl-preseason/,6,6,8,high,Suspension not injury; BOS schedule: 6 games before Oct 13. Globe says unlikely to return until after suspension anyway.
FLA,Brad Marchand,ir:out,Offseason surgery (Aug; lower body/hip-sports hernia),Maurice: out for entire month of October,2026-09-17,https://www.yardbarker.com/nhl/articles/panthers_marchand_out_through_october_gadjovich_out_indefinitely/s1_16958_44317418,14,11,18,medium,14 FLA games before Nov 1. Zito earlier said back 'early in the season'.
FLA,Jonah Gadjovich,ir:out,Neck (surgery 2025-26; never returned),Injured non-roster; out indefinitely,2026-09-17,https://thehockeynews.com/nhl/florida-panthers/latest-news/panthers-place-jonah-gadjovich-on-injured-non-roster-to-start-2026-27-nhl-season,30,10,82,low,No timeline at all; depth forward.
PIT,Bryan Rust,ir:out,Upper body (hurt in preseason finale Sept 26),Week-to-week (Dubas); placed on IR Sept 28,2026-09-28,https://www.nhl.com/news/pittsburgh-penguins-bryan-rust-injury-status,5,3,10,medium,"Dubas tweet via @PensInsideScoop decoded to 2026-09-28 18:20 UTC. PIT: 3 games before Oct 6, 6 before Oct 13."
LAK,Kevin Fiala,ir:out,"Lower-leg fracture (2026 Olympics, surgery Feb + follow-up procedure)",At least three weeks away from playing (as of Sept 17); on IR in Sept 28 opening roster,2026-09-17,https://www.rotowire.com/hockey/headlines/kevin-fiala-injury-not-close-to-returning-593257,7,3,18,low,"'Not close to returning'; no firmer update found by cutoff. 3 LAK games before Oct 8, 6 before Oct 20."
CGY,Jonathan Huberdeau,ir:out,Hip resurfacing surgery (March); skating setback ~mid-Sept,Will miss start of season; no timeline (Conroy); IR Sept 28,2026-09-28,https://flamesnation.ca/news/calgary-flames-opening-roster-huberdeau-suniev-2026-27,14,6,40,low,CGY: 14 games before Nov 1.
VAN,Thatcher Demko,ir:out,Hip surgery (January),"Starts on IR; Henrik Sedin: goal is back before Christmas, won't be ready early",2026-09-28,https://www.tsn.ca/nhl/article/canucks-hoping-g-demko-to-return-from-hip-surgery-before-christmas/,36,24,56,medium,Exact publish date ~Sept 28 (articles say 'return delayed beyond Tuesday's opener'). VAN: 36 games before Dec 15.
EDM,Frederik Andersen,ir:out,Knee (lingering from playoffs),"Bowman Sept 28: longer than Savoie, no set timeline; Babcock Sept 29 AM: back 'maybe' December",2026-09-28,https://oilersnation.com/news/edmonton-oilers-injury-update-matt-savoie-frederik-andersen,31,21,49,medium,"Babcock 'maybe December' quote given Tue Sept 29 before home opener (pre-game presser, likely pre-cutoff): https://www.rotowire.com/hockey/headlines/frederik-andersen-injury-not-close-to-return-594179 . EDM: 31 games before Dec 5."
EDM,Mattias Janmark,ir:out,Recovering from offseason medical procedure/surgery,Bowman: 'isn't close... several weeks away'; no timeline,2026-09-28,https://www.cbssports.com/fantasy/hockey/news/oilers-mattias-janmark-remains-without-timeline/,14,6,36,low,Exact date of Bowman Sports1440 comment unclear (late Sept). EDM: 14 games before Nov 1.
EDM,Matt Savoie,ir:out,Lower body (offseason training injury),"Bowman (earlier): start skating in ~a week, return later in October; Babcock Sept 29 AM: ~eight more weeks",2026-09-29,https://oilersnation.com/news/edmonton-oilers-injury-update-nugent-hopkins-savoie-dickinson-babcock-bowman,22,11,33,low,Conflicting: Bowman 'later in October' (~11-14 games) vs Babcock 'another eight weeks' (to ~Nov 24 = 26 games). Babcock quote was game-day morning Sept 29 (NHL.com status report 9/29); treat as borderline pre-cutoff.
EDM,Alec Regula,ir:out,Recovering from medical procedure after 2025-26 season,No timeline given; missed camp,2026-08-26,https://www.nhl.com/news/frederik-andersen-mattias-janmark-expected-to-miss-training-camp-for-edmonton-oilers,10,3,42,low,No specific update found in late Sept.
BUF,Jason Zucker,ir:out,Sports hernia surgery,Could miss 'a couple of weeks' / first two weeks of season; IR Sept 28,2026-09-16,https://www.fingerlakes1.com/2026/09/16/sabres-forward-jason-zucker-to-miss-start-of-season-after-sports-hernia-surgery/,5,3,13,medium,"BUF opener Oct 1; 3 games before Oct 8, 7 before Oct 15."
BUF,Mattias Samuelsson,ir:out,Lower body (blocked shot Sept 22),"Week-to-week, IR Sept 28; Sept 29: skated on own, Ruff 'very close', could practice Wed and play opener",2026-09-29,https://www.buffalohockeybeat.com/mattias-samuelsson-might-be-ready-for-opener-sabres-could-make-roster-move/,1,0,4,medium,Sept 29 Ruff comments were after Tuesday practice (midday); later Sept 30 reports excluded.
NJD,Nick Bjugstad,ir:out,Torn left pectoral (surgery early Sept),Out 4-6 months; injured non-roster,2026-09-10,https://www.prohockeyrumors.com/2026/09/devils-nick-bjugstad-out-four-to-six-months.html,57,44,70,medium,"Report date approximate (early/mid Sept). NJD: 44 games before Jan 5, 58 before Feb 5, 70 before Mar 10."
NJD,Stefan Noesen,ir:out,Knee (surgery Jan 2026) - recovered,Participated in camp from day 1; included on Devils' 23-man opening roster Sept 28,2026-09-28,https://www.nhl.com/devils/news/devils-2026-27-opening-roster-release-9-28-26,0,0,1,medium,MoneyPuck 'ir:out' looks stale from 2025-26. Healthy; may be a lineup/scratch decision rather than injury.
TBL,Yanni Gourde,ir:out,Hip surgery (offseason),Out until December (BriseBois) - at least first 26 games,2026-09-16,https://www.prohockeyrumors.com/2026/09/lightnings-yanni-gourde-out-until-december-following-hip-surgery.html,28,26,45,medium,TBL: 26 games before Dec 1.
TBL,Dominic James,ir:out,Broken right hand (offseason training),Expected to miss first two weeks of the regular season,2026-09-16,https://www.dailyfaceoff.com/news/tampa-bay-lightning-yanni-gourde-out-december-dominic-james-miss-time-nhl-news,5,3,11,medium,TBL opener Oct 1; 6 games before Oct 14.
ANA,Troy Terry,ir:out,Hip surgery (June),5-6 months; out until at least December; injured non-roster,2026-09-16,https://www.prohockeyrumors.com/2026/09/anaheim-ducks-injury-updates.html,30,23,43,medium,"ANA: 32 games before Dec 10, 23 before Nov 20."
ANA,Ian Moore,ir:out,Lower body,Expected to miss 2-4 weeks (mid-Sept); on IR to start season,2026-09-28,https://www.rotowire.com/hockey/headlines/ian-moore-injury-shelved-on-ir-to-start-season-594155,2,0,7,medium,ANA opener Oct 2; 2-4 weeks from ~Sept 16 = ~Sept 30-Oct 14.
VAN,Filip Chytil,ir:ir,Shoulder (muscular strain; hit boards Sept 24 preseason),"Week-to-week (GM Ryan Johnson); IR, eligible Oct 2",2026-09-25,https://www.tsn.ca/nhl/article/canucks-place-chytil-on-ir-still-do-not-expect-demko-to-be-ready-for-season-opener/,4,2,12,medium,"Misses at least first 2 VAN games (Sept 29, Oct 1). Long concussion history is a risk factor."
CHI,Connor Bedard,ir:out;mp_return:2026-11-04,Left shoulder surgery (July; ~4-month recovery),"Out ~4 months (to early/mid Nov); Blashill: assume he misses first month, not close to practicing",2026-09-28,https://sports.yahoo.com/articles/blashill-provides-blackhawks-injury-updates-161627701.html,16,14,28,medium,"CHI: 14 games before Nov 1, 18 before Nov 8. MoneyPuck 11-04 (15 games) consistent."
NYI,Mathew Barzal,mp_return:2026-11-07,Knee/lower body inflammation (aggravated prior injury),"Shut down ~2 weeks from Sept 17; traveling, not ruled out for opener (Sept 27); non-roster IR Sept 28",2026-09-28,https://www.nhl.com/news/nhl-status-report-news-and-notes-september-27-2026,3,1,10,low,Post-cutoff Darche update (tweet decoded 2026-09-30 14:49 UTC) excluded. NYI: 3 games before Oct 8.
CAR,Seth Jarvis,mp_return:2026-11-01,"Right shoulder surgery (torn labrum + rotator cuff, late June)",4-6 months; 'a little bit ahead of schedule'; non-roster to start season,2026-09-28,https://panow.com/2026/09/28/hurricanes-jarvis-still-grinding-back-from-shoulder-surgery-as-stanley-cup-champions-open-season/,13,10,30,medium,"CAR: 10 games before Oct 20, 15 before Nov 1."
CAR,Alexander Nikishin,mp_return:2026-11-01,"Not injured: unsigned RFA holdout, reportedly requested trade",Did not attend camp; will not be with CAR for opener; Tulsky Sept 28 'trying to find a resolution'; Friedman: possible 3-way (CAR-WPG-STL) with Hellebuyck,2026-09-28,https://www.dailyfaceoff.com/news/alexander-nikishin-carolina-hurricanes-trying-find-resolution-nhl-future-gm-eric-tulsky,10,1,50,low,Contract dispute; resolution could be sudden (trade+sign) or drag. May end up on another team (STL most linked).
MIN,Filip Gustavsson,mp_return:2026-11-01,Offseason hip surgery,"Guerin (summer): could be available within first month or two of season; on IR, not on opening roster",2026-09-28,https://www.dailyfaceoff.com/news/minnesota-wild-brock-faber-filip-gustavsson-injured-reserve-nhl-news-2026-27-season-roster,15,9,35,low,MIN: 15 games before Oct 31.
TOR,Elvis Merzlikins,mp_return:2026-11-10 (listed CBJ),Shoulder surgery (late August),Traded CBJ->TOR Sept 28 (Marchenko deal); prognosis 4-6 months from surgery; LTIR,2026-09-28,https://theleafsnation.com/news/toronto-maple-leafs-projected-opening-night-roster-post-marchenko-trade,50,37,64,medium,"NOTE TEAM CHANGE: now TOR (listed as CBJ). Chayka confirmed 4-6 months Sept 29 briefing: https://www.dailyfaceoff.com/news/toronto-maple-leafs-elvis-merzlikins-injury-recovery-timeline-four-five-months-nhl-news . TOR: 37 games before Dec 20, 50 before Jan 20. MoneyPuck 11-10 looks stale."
MTL,Kaiden Guhle,mp_return:2026-11-05,Adductor (minor surgery),Expected back in 4-5 weeks (from Sept 16); IR Sept 28,2026-09-16,https://www.nhl.com/canadiens/news/medical-update-on-kaiden-guhle-sept-16-2026,8,4,14,medium,Return window ~Oct 14-21; MTL: 8 games before Oct 18.
WSH,Rasmus Sandin,mp_return:2026-11-10,Torn ACL right knee (surgery April 2026),6-9 months; GM Patrick hopeful for early end (Sept); injured non-roster,2026-09-17,https://russianmachineneverbreaks.com/2026/09/17/rasmus-sandin-skates-no-contact-acl-injury/,14,8,40,low,6 months ~ late Oct (10 WSH games before Oct 25); 9 months ~ late Jan.
WPG,Elias Salomonsson,mp_return:2026-11-03,Shoulder surgery (late April),Ahead of schedule; Arniel (Sept 25): likely around mid-October,2026-09-25,https://illegalcurve.com/winnipeg-jets-provide-training-camp-injury-updates-including-confirmation-elias-salomonsson-is-ahead-of-schedule/,6,4,14,medium,WPG opener Oct 2; 6 games before Oct 15.
TOR,Max Domi,mp_return:2026-10-31,Back surgery (May 25) with complications,Out indefinitely; failed physical; placed on LTIR/IR to open season,2026-09-28,https://www.cbssports.com/fantasy/hockey/news/maple-leafs-max-domi-on-long-term-injured-reserve/,30,10,82,low,"If on LTIR, minimum 10 games & 24 days. No medical timeline at all."
TOR,Dakota Joshua,mp_return:2026-10-31,Core muscle (lingering),Week-to-week (Chayka Sept 28); will miss start of season; IR,2026-09-28,https://www.dailyfaceoff.com/news/toronto-maple-leafs-dakota-joshua-out-week-to-week-undisclosed-injury-nhl,8,4,19,low,"Some outlets say LTIR (min 10 games) others IR; TOR: 4 games before Oct 8, 8 before Oct 17."
EDM,Jason Dickinson,mp_return:2026-11-03,Foot,"Bowman Sept 28: not serious, skating and practicing, not far away; Babcock Sept 29: 'a bit away'",2026-09-28,https://oilersnation.com/news/edmonton-oilers-injury-update-matt-savoie-frederik-andersen,4,1,11,low,EDM: 4 games before Oct 8.
CBJ,Isac Lundestrom,mp_return:2026-11-10,Achilles (offseason training; surgery),Expected back early November; miss at least first 12-15 games; non-roster IR Sept 25 / LTIR,2026-09-25,https://www.rotowire.com/hockey/headlines/isac-lundestrom-injury-lands-on-non-roster-injured-reserve-593752,15,12,31,medium,CBJ: 15 games before Nov 7.
CBJ,Mikael Pyyhtia,mp_return:2026-11-10,Lower body (preseason game Sept 22),Non-roster IR Sept 25; no timeline,2026-09-25,https://www.cbssports.com/fantasy/hockey/news/blue-jackets-mikael-pyyhtia-on-non-roster-injured-reserve/,4,1,12,low,Fringe player; likely assigned to AHL Cleveland when healthy.
WSH,Alex Ovechkin,dtd,Lower body (training camp),Held out of preseason as precaution; Carbery/Ovechkin: expected ready for opener Oct 2 at CAR,2026-09-25,https://www.nhl.com/news/washington-capitals-alex-ovechkin-playing-status-ready-for-season-opener,0,0,2,medium,
DET,Dylan Larkin,dtd,"Upper body (off-ice training, early Sept)",Missed all preseason; day-to-day; kept on 23-man roster Sept 28 (would go on IR if not ready for Oct 2 opener),2026-09-28,https://heavy.com/sports/nhl/detroit-red-wings/dylan-larkin-decision-final-roster-opener/,1,0,4,low,Being kept off IR suggests expected soon.
OTT,Andre Burakovsky,dtd,Upper body (cross-check into boards vs MTL Sept 26),Not placed on IR Sept 28; status not updated by team,2026-09-28,https://www.canucksworld.com/2026/09/28/senators-reduce-their-roster-to-23-players-place-three-on-injury-list/,1,0,5,low,OTT opener Oct 3. Post-cutoff (Sept 30) coach update excluded.
OTT,Artem Zub,dtd,Knee (from last postseason),"Injured non-roster Sept 28; on schedule to return early in season, unlikely ready for start",2026-09-28,https://www.nhl.com/senators/news/ottawa-senators-reduce-roster-to-23-players,4,1,12,low,"OTT: 3 games before Oct 8, 9 before Oct 20."
MIN,Brock Faber,dtd,Skull fracture (hit by deflected puck Sept 25); surgery Sept 27,"Out indefinitely (Guerin, Tue Sept 29); IR retroactive to Sept 25",2026-09-29,https://www.nhl.com/news/brock-faber-injury-status-update-september-29-2026,12,4,30,low,"Surgery disclosure was Sept 29 (Wild morning availability, likely pre-cutoff). IR placement itself known Sept 28. No return timeline."
BUF,Ukko-Pekka Luukkonen,dtd,"Lower body (tweak, left preseason finale Sept 26, precautionary)","Not placed on IR Sept 28; practiced fully Sept 29, could be ready for Oct 1 opener",2026-09-29,https://www.canucksworld.com/2026/09/29/luukkonen-practices-could-be-ready-for-season-opener/,0,0,1,medium,Sept 29 practice report (midday) - likely pre-cutoff; Sept 30 'expected to start' confirmation excluded.
BUF,Alex Lyon,dtd,Upper body (glove hand; Sept 24 preseason),Not on IR; Ruff: likely to miss a couple days / matter of days,2026-09-28,https://www.rotowire.com/hockey/headlines/alex-lyon-injury-likely-to-miss-a-couple-days-594173,1,0,4,medium,Backup G; Colten Ellis backup if Lyon not ready.
VAN,Jake DeBrusk,dtd,Lower body (blocked shot Sept 26),Missed Monday practice; reported expected to play opener Sept 29,2026-09-29,https://nhl.com/news/vancouver-canucks-edmonton-oilers-game-preview-september-29-2026,0,0,2,medium,Game-day projected lineups article (morning); did not use game result.
PIT,Andrei Kuzmenko,dtd,Personal - bereavement leave (father killed Sept 22 in Russia),Left team Sept 24; non-roster; no return date,2026-09-25,https://www.espn.com/nhl/story/_/id/50023292/penguins-kuzmenko-takes-leave-father-killed-bear,2,0,8,low,PIT opener Sept 30.
WPG,Connor Hellebuyck,suspended,Not injured: suspended (failed to report to camp) after public trade request (Aug 27),"Indefinite team suspension from Sept 17; Cheveldayoff: no timeline on trade; Friedman (Sept 28-29): CAR most aggressive, exploring 3-way with STL/Nikishin",2026-09-29,https://russianmachineneverbreaks.com/2026/09/29/connor-hellebuyck-carolina-hurricanes-three-way-trade-jets-blues-rumor/,12,2,82,low,"Very unlikely to play for WPG; games out ~ until trade. NMC, won't waive for Canadian teams. Also: https://www.tsn.ca/nhl/article/cheveldayoff-says-jets-will-continue-to-explore-trade-options-for-suspended-g-hellebuyck/"
EDM,Ryan Nugent-Hopkins,extra (not in list),Lower body (end of practice Mon Sept 28),Out for opener; Babcock Sept 29 AM: 'day-to-day usually means two weeks',2026-09-29,https://www.dailyfaceoff.com/news/ryan-nugent-hopkins-edmonton-oilers-miss-start-2026-27-nhl-season-injury-mike-babcock,5,1,11,medium,EXTRA: new injury after 9/28 snapshot. Babcock presser morning of Sept 29 (pre-cutoff). EDM: 5 games before Oct 13.
UTA,Maveric Lamoureux,extra (not in list),"Dislocated shoulder, surgery","Out 4-6 months (Armstrong, Sept 28); IR",2026-09-28,https://www.nhl.com/news/nhl-status-report-news-and-notes-september-28-2026,60,53,77,medium,"EXTRA: depth D. UTA: 53 games before Jan 28, 77 before Mar 28."
