player_id,team,starts,sa,ga,wins,shutouts,name,saves,sv_pct,gaa
8478872,UTA,52.7344,1425.6139,160.5862,27.2802,2.8533,Karel Vejmelka,1265.0277,0.8874,3.0452
8478048,NYR,52.4844,1536.8902,149.8550,26.0650,3.4265,Igor Shesterkin,1387.0352,0.9025,2.8552
8476883,TBL,52.4062,1418.2048,139.7099,30.1942,4.0969,Andrei Vasilevskiy,1278.4949,0.9015,2.6659
8476999,OTT,51.8906,1331.7690,141.6994,29.1219,3.7803,Linus Ullmark,1190.0696,0.8936,2.7307
8477424,NSH,51.0156,1445.8468,157.2054,24.6310,2.6842,Juuse Saros,1288.6414,0.8913,3.0815
8475311,LAK,50.2812,1432.8813,147.0485,25.0826,3.0985,Darcy Kuemper,1285.8328,0.8974,2.9245
8480843,ANA,49.5469,1281.9653,168.1162,23.6370,1.9324,Lukas Dostal,1113.8491,0.8689,3.3931
8481692,CGY,48.5938,1441.8339,163.3012,19.6922,1.9565,Dustin Wolf,1278.5327,0.8867,3.3605
8479979,DAL,48.5156,1311.2317,137.5210,27.0823,3.2439,Jake Oettinger,1173.7107,0.8951,2.8346
8480280,BOS,48.3750,1381.8955,143.7658,24.2496,2.8101,Jeremy Swayman,1238.1297,0.8960,2.9719
8478009,NYI,48.3594,1274.4400,140.8563,23.5001,2.9812,Ilya Sorokin,1133.5837,0.8895,2.9127
8478916,SEA,48.1875,1419.7374,165.5487,19.8053,1.7867,Joey Daccord,1254.1887,0.8834,3.4355
8480313,WSH,48.1250,1367.2523,139.0994,25.3237,3.0135,Logan Thompson,1228.1529,0.8983,2.8904
8476434,DET,47.5156,1274.3617,147.4521,22.5817,2.4373,John Gibson,1126.9096,0.8843,3.1032
8479973,WPG,46.9844,1271.3901,142.4865,22.1026,2.6048,Stuart Skinner,1128.9036,0.8879,3.0326
8480045,BUF,46.5938,1246.7824,141.0688,25.2815,2.5415,Ukko-Pekka Luukkonen,1105.7136,0.8869,3.0276
8482982,CBJ,46.1406,1248.6979,124.4142,24.3371,3.5104,Jet Greaves,1124.2837,0.9004,2.6964
8475683,TOR,46.1250,1457.2036,158.5682,19.4940,1.6988,Sergei Bobrovsky,1298.6354,0.8912,3.4378
8478499,VGK,45.8438,1214.9266,127.6018,26.6099,3.2186,Adin Hill,1087.3248,0.8950,2.7834
8481519,CHI,45.5000,1296.8578,153.5154,17.9040,1.8071,Spencer Knight,1143.3424,0.8816,3.3740
8483703,PIT,45.1250,1243.8258,153.3250,21.6125,1.7334,Sergei Murashov,1090.5008,0.8767,3.3978
8474593,FLA,44.9062,1276.1505,127.1201,25.0677,2.9845,Jacob Markstrom,1149.0304,0.9004,2.8308
8478470,MTL,44.8906,1255.9412,138.5191,23.5041,2.3288,Samuel Montembeault,1117.4221,0.8897,3.0857
8482076,NJD,44.7344,1220.7437,134.5588,23.7172,2.5052,Nico Daws,1086.1849,0.8898,3.0080
8480947,VAN,44.5938,1313.9095,171.4468,15.4775,1.1040,Kevin Lankinen,1142.4627,0.8695,3.8446
8482137,SJS,44.3281,1350.3717,145.8592,19.3849,1.9072,Yaroslav Askarov,1204.5125,0.8920,3.2904
8476412,STL,44.3281,1357.6487,140.4292,21.0594,2.1765,Jordan Binnington,1217.2195,0.8966,3.1679
8478406,COL,44.0938,1106.7319,125.4164,27.5170,2.8748,Mackenzie Blackwood,981.3155,0.8867,2.8443
8481611,CAR,43.9062,1146.6524,127.4466,27.2150,2.7108,Pyotr Kochetkov,1019.2058,0.8889,2.9027
8477465,EDM,42.5781,1104.2360,118.6216,23.5600,2.9716,Tristan Jarry,985.6144,0.8926,2.7860
8478435,PHI,42.4375,1189.5314,127.6850,20.0739,2.3841,Dan Vladar,1061.8464,0.8927,3.0088
8479361,PHI,41.5625,1180.8846,121.2805,19.8042,2.5552,Joseph Woll,1059.6041,0.8973,2.9180
8483548,CAR,40.0938,967.5384,114.5437,25.1463,2.5775,Brandon Bussi,852.9947,0.8816,2.8569
8475809,COL,39.9062,996.6908,110.4446,25.2283,2.7989,Scott Wedgewood,886.2462,0.8892,2.7676
8477968,SJS,39.6719,1219.7815,131.0581,17.2819,1.6900,Alex Nedeljkovic,1088.7234,0.8926,3.3036
8480981,STL,39.6719,1161.1350,123.7508,19.0028,2.0275,Joel Hofer,1037.3842,0.8934,3.1194
8474596,NJD,39.2656,1072.1759,115.0706,21.0311,2.3550,Jake Allen,957.1053,0.8927,2.9306
8482487,MTL,39.1094,1081.8831,114.9207,20.9702,2.3303,Jakub Dobes,966.9624,0.8938,2.9384
8481033,FLA,39.0938,1128.6578,113.1891,21.4900,2.4481,Akira Schmid,1015.4687,0.8997,2.8953
8481668,PIT,38.8750,1056.8116,135.7305,18.5233,1.3657,Arturs Silovs,921.0811,0.8716,3.4915
8479406,MIN,38.7656,1083.0781,105.9651,21.4850,2.8388,Filip Gustavsson,977.1130,0.9022,2.7335
8482821,CHI,38.5000,1128.6985,140.2459,14.4911,1.1890,Arvid Soderblom,988.4526,0.8757,3.6428
8479394,VGK,38.1562,986.3849,109.3708,21.8145,2.4664,Carter Hart,877.0141,0.8891,2.8664
8475660,CBJ,37.8594,1048.1578,110.4386,19.2479,2.3280,Cam Talbot,937.7192,0.8946,2.9171
8479312,BUF,37.4062,1016.2340,116.4439,19.9954,1.8891,Alex Lyon,899.7901,0.8854,3.1130
8482661,MIN,37.2344,1029.3229,104.2585,20.3279,2.5523,Jesper Wallstedt,925.0644,0.8987,2.8001
8483532,WPG,37.0156,1007.0067,114.8332,17.0648,1.9246,Clay Stevenson,892.1735,0.8860,3.1023
8480193,DET,36.4844,970.4666,118.8465,16.8234,1.6187,Daniil Tarasov,851.6201,0.8775,3.2575
8479292,WSH,35.8750,1010.7421,110.4008,18.2779,1.8857,Charlie Lindgren,900.3413,0.8908,3.0774
8475831,SEA,35.8125,1059.2290,124.9293,14.7616,1.2784,Philipp Grubauer,934.2997,0.8821,3.4884
8473575,NYI,35.6406,976.4364,106.2805,16.9805,2.0656,Semyon Varlamov,870.1559,0.8912,2.9820
8480022,BOS,35.6250,1035.5534,118.6385,16.7398,1.4661,Michael DiPietro,916.9149,0.8854,3.3302
8476932,TOR,35.6094,1112.9828,120.1594,15.1093,1.3969,Anthony Stolarz,992.8234,0.8920,3.3744
8479193,DAL,35.4844,1001.4581,99.4036,19.8576,2.4514,Casey DeSmith,902.0545,0.9007,2.8013
8482445,CGY,35.4062,1056.6348,119.4367,14.1695,1.4100,Devin Cooley,937.1981,0.8870,3.3733
8478024,ANA,34.4531,898.9869,119.4166,16.4880,1.2527,Ville Husso,779.5703,0.8672,3.4661
8476341,LAK,33.7188,959.6200,102.6285,16.6368,1.8612,Anton Forsberg,856.9915,0.8931,3.0437
8481020,NSH,32.9844,937.3676,104.6593,15.3593,1.6080,Justus Annunen,832.7083,0.8883,3.1730
8481035,OTT,32.1094,843.7246,94.8712,17.5488,1.9006,Samuel Ersson,748.8534,0.8876,2.9546
8483710,TBL,31.5938,853.1329,88.5345,17.7210,2.1660,Dennis Hildeby,764.5984,0.8962,2.8023
8476914,NYR,31.5156,926.5567,101.0207,14.7460,1.4813,Joonas Korpisalo,825.5360,0.8910,3.2054
8482657,UTA,31.2656,860.8965,98.8360,15.7715,1.5158,Sebastian Cossa,762.0605,0.8852,3.1612
8477967,VAN,21.0000,625.1784,75.2357,7.6415,0.6719,Thatcher Demko,549.9427,0.8797,3.5827
8482221,EDM,20.9531,528.9471,59.2434,11.4718,1.4007,Devon Levi,469.7037,0.8880,2.8274
8475883,EDM,20.4688,525.3960,55.2588,11.4909,1.5590,Frederik Andersen,470.1372,0.8948,2.6997
8482447,VAN,18.4062,548.5442,72.9926,6.2130,0.4019,Leevi Meriläinen,475.5516,0.8669,3.9656
8475717,MIN,8.0000,230.0882,23.3137,4.2399,0.4893,Calvin Pickard,206.7745,0.8987,2.9142
8478007,TOR,2.2656,72.0909,8.3050,0.8824,0.0648,Elvis Merzlikins,63.7859,0.8848,3.6657
