team,q01,q02,q03,q04,q05,q06,q07,q08,q09,q10,q11,q12,q13,q14,q15,q16,q17,q18,q19,q20,q21,q22,q23,q24,q25,q26,q27,q28,q29,q30,q31,q32,q33,q34,q35,q36,q37,q38,q39,q40,q41,q42,q43,q44,q45,q46,q47,q48,q49,q50,q51,q52,q53,q54,q55,q56,q57,q58,q59,q60,q61,q62,q63,q64,q65,q66,q67,q68,q69,q70,q71,q72,q73,q74,q75,q76,q77,q78,q79,q80,q81,q82,q83,q84,q85,q86,q87,q88,q89,q90,q91,q92,q93,q94,q95,q96,q97,q98,q99
ANA,60.0,63.0,66.0,67.0,69.0,70.0,71.0,72.0,72.0,73.0,74.0,75.0,75.0,76.0,76.0,77.0,77.0,78.0,78.0,79.0,79.0,80.0,80.0,81.0,81.0,81.0,82.0,82.0,83.0,83.0,83.0,84.0,84.0,84.0,85.0,85.0,85.0,86.0,86.0,86.0,87.0,87.0,87.0,88.0,88.0,88.0,89.0,89.0,89.0,90.0,90.0,90.0,91.0,91.0,91.0,92.0,92.0,92.0,93.0,93.0,93.0,94.0,94.0,95.0,95.0,95.0,96.0,96.0,96.0,97.0,97.0,97.3,98.0,98.0,99.0,99.0,100.0,100.0,101.0,101.0,101.0,102.0,102.0,103.0,103.0,104.0,105.0,105.0,106.0,107.0,107.0,108.0,109.0,110.0,111.0,112.0,114.0,116.0,120.0
BOS,63.0,66.0,68.0,70.0,71.0,72.0,73.0,74.0,75.0,76.0,76.0,77.0,77.0,78.0,79.0,79.0,80.0,80.0,81.0,81.0,81.0,82.0,82.0,83.0,83.0,84.0,84.0,84.7,85.0,85.0,86.0,86.0,86.0,87.0,87.0,87.0,88.0,88.0,88.0,89.0,89.0,89.0,90.0,90.0,90.0,91.0,91.0,91.0,92.0,92.0,92.0,93.0,93.0,93.0,94.0,94.0,94.0,95.0,95.0,95.0,96.0,96.0,96.0,97.0,97.0,97.0,98.0,98.0,99.0,99.0,99.0,100.0,100.0,100.0,101.0,101.0,102.0,102.0,102.0,103.0,103.0,104.0,104.0,105.0,105.0,106.0,106.0,107.0,108.0,108.0,109.0,110.0,111.0,112.0,113.0,114.0,116.0,118.0,121.0
BUF,69.0,73.0,75.0,77.0,78.0,80.0,81.0,81.0,82.0,83.0,84.0,84.0,85.0,86.0,86.0,87.0,87.0,88.0,88.0,89.0,89.0,90.0,90.0,91.0,91.0,91.0,92.0,92.0,93.0,93.0,93.0,94.0,94.0,94.0,95.0,95.0,96.0,96.0,96.0,97.0,97.0,97.0,98.0,98.0,98.0,99.0,99.0,99.0,99.0,100.0,100.0,100.0,101.0,101.0,101.0,102.0,102.0,102.0,103.0,103.0,103.0,104.0,104.0,104.0,105.0,105.0,105.0,106.0,106.0,106.0,107.0,107.0,108.0,108.0,108.0,109.0,109.0,109.0,110.0,110.0,111.0,111.0,112.0,112.0,113.0,113.0,114.0,114.0,115.0,116.0,116.0,117.0,118.0,119.0,120.0,121.0,123.0,125.0,128.0
CAR,84.0,87.0,89.0,91.0,92.0,93.0,94.0,95.0,96.0,96.0,97.0,98.0,98.0,99.0,100.0,100.0,101.0,101.0,102.0,102.0,103.0,103.0,103.0,104.0,104.0,104.0,105.0,105.0,106.0,106.0,106.0,107.0,107.0,107.0,108.0,108.0,108.0,109.0,109.0,109.0,110.0,110.0,110.0,111.0,111.0,111.0,112.0,112.0,112.0,112.0,113.0,113.0,113.0,114.0,114.0,114.0,115.0,115.0,115.0,116.0,116.0,116.0,116.0,117.0,117.0,117.0,118.0,118.0,118.0,119.0,119.0,119.0,120.0,120.0,121.0,121.0,121.0,122.0,122.0,123.0,123.0,123.0,124.0,124.0,125.0,125.0,126.0,126.0,127.0,128.0,128.0,129.0,130.0,131.0,132.0,133.0,134.0,136.0,139.0
CBJ,68.0,72.0,74.0,75.0,77.0,78.0,79.0,80.0,80.0,81.0,82.0,83.0,83.0,84.0,84.0,85.0,85.0,86.0,86.0,87.0,87.0,88.0,88.0,89.0,89.0,89.0,90.0,90.0,91.0,91.0,91.0,92.0,92.0,92.0,93.0,93.0,93.0,94.0,94.0,94.0,95.0,95.0,95.0,96.0,96.0,96.0,97.0,97.0,97.0,97.0,98.0,98.0,98.0,99.0,99.0,99.0,100.0,100.0,100.0,101.0,101.0,101.0,102.0,102.0,102.0,103.0,103.0,103.0,104.0,104.0,104.0,105.0,105.0,105.0,106.0,106.0,107.0,107.0,107.0,108.0,108.0,109.0,109.0,110.0,110.0,111.0,111.0,112.0,113.0,113.0,114.0,115.0,116.0,117.0,118.0,119.0,121.0,123.0,126.0
CGY,50.0,53.0,55.0,56.0,57.0,58.0,59.0,60.0,61.0,62.0,62.0,63.0,64.0,64.0,65.0,65.0,66.0,66.0,67.0,67.0,67.0,68.0,68.0,69.0,69.0,69.0,70.0,70.0,71.0,71.0,71.0,72.0,72.0,73.0,73.0,73.0,74.0,74.0,74.0,75.0,75.0,75.0,75.0,76.0,76.0,76.0,77.0,77.0,77.0,78.0,78.0,78.0,79.0,79.0,79.0,80.0,80.0,80.0,81.0,81.0,81.0,82.0,82.0,82.0,83.0,83.0,83.0,84.0,84.0,84.0,85.0,85.0,86.0,86.0,86.0,87.0,87.0,88.0,88.0,89.0,89.0,90.0,90.0,91.0,91.0,92.0,92.0,93.0,93.0,94.0,95.0,96.0,97.0,98.0,99.0,100.0,102.0,104.0,108.0
CHI,47.0,50.0,52.0,54.0,55.0,56.0,57.0,58.0,59.0,59.0,60.0,61.0,61.0,62.0,62.0,63.0,63.0,64.0,64.0,65.0,65.0,65.0,66.0,66.0,67.0,67.0,67.0,68.0,68.0,68.0,69.0,69.0,69.0,70.0,70.0,71.0,71.0,71.0,71.0,72.0,72.0,72.0,73.0,73.0,73.0,74.0,74.0,74.0,75.0,75.0,75.0,76.0,76.0,76.0,77.0,77.0,77.0,78.0,78.0,78.0,79.0,79.0,79.0,80.0,80.0,80.0,81.0,81.0,81.0,82.0,82.0,82.0,83.0,83.0,84.0,84.0,84.0,85.0,85.0,86.0,86.0,87.0,87.0,88.0,88.0,89.0,90.0,90.0,91.0,92.0,92.0,93.0,94.0,95.0,96.0,98.0,99.0,102.0,105.0
COL,84.0,87.0,90.0,92.0,93.0,94.0,95.0,96.0,97.0,98.0,98.0,99.0,100.0,100.0,101.0,101.0,102.0,102.0,103.0,103.0,104.0,104.0,105.0,105.0,105.0,106.0,106.0,107.0,107.0,107.0,108.0,108.0,108.0,109.0,109.0,109.0,109.0,110.0,110.0,110.0,111.0,111.0,111.0,112.0,112.0,112.0,113.0,113.0,113.0,114.0,114.0,114.0,114.0,115.0,115.0,115.0,116.0,116.0,116.0,117.0,117.0,117.0,118.0,118.0,118.0,118.0,119.0,119.0,120.0,120.0,120.0,121.0,121.0,121.0,122.0,122.0,122.0,123.0,123.0,124.0,124.0,124.0,125.0,125.0,126.0,126.0,127.0,127.0,128.0,129.0,129.0,130.0,131.0,132.0,133.0,134.0,135.0,137.0,140.0
DAL,74.0,77.0,79.0,81.0,83.0,84.0,85.0,86.0,86.0,87.0,88.0,89.0,89.0,90.0,90.0,91.0,91.0,92.0,92.0,93.0,93.0,94.0,94.0,95.0,95.0,95.0,96.0,96.0,97.0,97.0,97.0,98.0,98.0,98.0,99.0,99.0,99.0,100.0,100.0,100.0,101.0,101.0,101.0,102.0,102.0,102.0,103.0,103.0,103.0,104.0,104.0,104.0,104.0,105.0,105.0,105.0,106.0,106.0,106.0,107.0,107.0,107.0,108.0,108.0,108.0,109.0,109.0,109.0,110.0,110.0,110.0,111.0,111.0,112.0,112.0,112.0,113.0,113.0,114.0,114.0,114.0,115.0,115.0,116.0,116.0,117.0,117.0,118.0,118.0,119.0,120.0,120.0,121.0,122.0,123.0,125.0,126.0,128.0,131.0
DET,60.0,63.0,65.0,67.0,68.0,69.0,70.0,71.0,72.0,72.0,73.0,74.0,75.0,75.0,76.0,76.0,77.0,77.0,78.0,78.0,79.0,79.0,79.0,80.0,80.0,81.0,81.0,81.0,82.0,82.0,83.0,83.0,83.0,84.0,84.0,84.0,85.0,85.0,85.0,86.0,86.0,86.0,87.0,87.0,87.0,88.0,88.0,88.0,88.0,89.0,89.0,89.0,90.0,90.0,90.0,91.0,91.0,91.0,92.0,92.0,92.0,93.0,93.0,93.0,94.0,94.0,94.0,95.0,95.0,96.0,96.0,96.0,97.0,97.0,97.0,98.0,98.0,99.0,99.0,100.0,100.0,101.0,101.0,102.0,102.0,103.0,103.0,104.0,105.0,105.0,106.0,107.0,108.0,109.0,110.0,111.0,113.0,115.0,118.0
EDM,73.0,77.0,79.0,81.0,82.0,83.0,84.0,85.0,86.0,87.0,87.0,88.0,89.0,89.0,90.0,90.0,91.0,91.0,92.0,92.0,93.0,93.0,94.0,94.0,94.0,95.0,95.0,96.0,96.0,96.0,97.0,97.0,97.0,98.0,98.0,98.0,99.0,99.0,99.0,100.0,100.0,100.0,101.0,101.0,101.0,102.0,102.0,102.0,103.0,103.0,103.0,104.0,104.0,104.0,104.0,105.0,105.0,105.0,106.0,106.0,106.0,107.0,107.0,107.0,108.0,108.0,108.0,109.0,109.0,109.0,110.0,110.0,110.0,111.0,111.0,112.0,112.0,113.0,113.0,113.0,114.0,114.0,115.0,115.0,116.0,116.0,117.0,117.0,118.0,119.0,119.0,120.0,121.0,122.0,123.0,124.0,126.0,128.0,130.0
FLA,73.0,77.0,79.0,81.0,82.0,83.0,84.0,85.0,86.0,87.0,87.0,88.0,89.0,89.0,90.0,90.0,91.0,91.0,92.0,92.0,93.0,93.0,93.0,94.0,94.0,95.0,95.0,95.0,96.0,96.0,97.0,97.0,97.0,98.0,98.0,98.0,99.0,99.0,99.0,100.0,100.0,100.0,101.0,101.0,101.0,102.0,102.0,102.0,102.0,103.0,103.0,103.0,104.0,104.0,104.0,105.0,105.0,105.0,106.0,106.0,106.0,107.0,107.0,108.0,108.0,108.0,109.0,109.0,109.0,110.0,110.0,110.0,111.0,111.0,111.0,112.0,112.0,113.0,113.0,114.0,114.0,114.0,115.0,115.0,116.0,117.0,117.0,118.0,118.0,119.0,120.0,120.0,121.0,122.0,123.0,125.0,126.0,128.0,131.0
LAK,65.0,68.0,70.0,72.0,73.0,74.0,75.0,76.0,76.0,77.0,78.0,79.0,79.0,80.0,80.0,81.0,81.0,82.0,82.0,83.0,83.0,84.0,84.0,84.0,85.0,85.0,86.0,86.0,87.0,87.0,87.0,88.0,88.0,88.0,89.0,89.0,89.0,90.0,90.0,90.0,90.0,91.0,91.0,91.0,92.0,92.0,92.0,93.0,93.0,93.0,94.0,94.0,94.0,95.0,95.0,95.0,96.0,96.0,96.0,97.0,97.0,97.0,98.0,98.0,98.0,99.0,99.0,99.0,100.0,100.0,101.0,101.0,101.0,102.0,102.0,102.0,103.0,103.0,104.0,104.0,105.0,105.0,106.0,106.0,107.0,107.0,108.0,108.0,109.0,110.0,110.0,111.0,112.0,113.0,114.0,115.0,117.0,119.0,122.0
MIN,72.0,76.0,78.0,80.0,81.0,82.0,83.0,84.0,85.0,86.0,86.0,87.0,88.0,88.0,89.0,89.0,90.0,90.0,91.0,91.0,92.0,92.0,93.0,93.0,93.0,94.0,94.0,95.0,95.0,95.0,96.0,96.0,96.0,97.0,97.0,98.0,98.0,98.0,99.0,99.0,99.0,99.0,100.0,100.0,100.0,101.0,101.0,101.0,102.0,102.0,102.0,103.0,103.0,103.0,104.0,104.0,104.0,105.0,105.0,105.0,106.0,106.0,106.0,107.0,107.0,107.0,108.0,108.0,108.0,109.0,109.0,109.0,110.0,110.0,110.0,111.0,111.0,112.0,112.0,112.0,113.0,113.0,114.0,114.0,115.0,115.0,116.0,116.0,117.0,118.0,118.0,119.0,120.0,121.0,122.0,123.0,125.0,127.0,129.0
MTL,69.0,72.0,74.0,76.0,77.0,78.9,80.0,80.0,81.0,82.0,83.0,84.0,84.0,85.0,85.0,86.0,86.0,87.0,87.0,88.0,88.0,89.0,89.0,90.0,90.0,90.0,91.0,91.0,92.0,92.0,92.0,93.0,93.0,94.0,94.0,94.0,95.0,95.0,95.0,96.0,96.0,96.0,97.0,97.0,97.0,98.0,98.0,98.0,99.0,99.0,99.0,100.0,100.0,100.0,101.0,101.0,101.0,101.0,102.0,102.0,103.0,103.0,103.0,104.0,104.0,104.0,105.0,105.0,105.0,106.0,106.0,106.0,107.0,107.0,107.0,108.0,108.0,109.0,109.0,110.0,110.0,110.0,111.0,111.0,112.0,112.0,113.0,114.0,114.0,115.0,116.0,116.0,117.0,118.0,119.0,121.0,122.0,125.0,128.0
NJD,69.0,72.0,75.0,77.0,78.0,79.0,80.0,81.0,82.0,83.0,83.0,84.0,85.0,85.0,86.0,86.0,87.0,87.0,88.0,88.8,89.0,89.0,90.0,90.0,91.0,91.0,92.0,92.0,92.0,93.0,93.0,93.0,94.0,94.0,94.0,95.0,95.0,96.0,96.0,96.0,97.0,97.0,97.0,98.0,98.0,98.0,98.0,99.0,99.0,99.0,100.0,100.0,100.0,101.0,101.0,101.0,102.0,102.0,102.0,103.0,103.0,103.0,104.0,104.0,104.0,105.0,105.0,105.0,106.0,106.0,106.0,107.0,107.0,108.0,108.0,108.0,109.0,109.0,110.0,110.0,110.0,111.0,111.0,112.0,112.0,113.0,114.0,114.0,115.0,115.0,116.0,117.0,118.0,119.0,120.0,121.0,123.0,125.0,128.0
NSH,60.0,64.0,66.0,68.0,69.0,70.0,71.0,72.0,73.0,74.0,75.0,75.0,76.0,76.0,77.0,77.0,78.0,78.0,79.0,79.0,80.0,80.0,81.0,81.0,81.0,82.0,82.0,83.0,83.0,83.0,84.0,84.0,85.0,85.0,85.0,85.0,86.0,86.0,87.0,87.0,87.0,88.0,88.0,88.0,89.0,89.0,89.0,90.0,90.0,90.0,90.0,91.0,91.0,91.0,92.0,92.0,92.0,93.0,93.0,93.0,94.0,94.0,94.0,95.0,95.0,95.0,96.0,96.0,96.0,97.0,97.0,97.0,98.0,98.0,99.0,99.0,99.0,100.0,100.0,101.0,101.0,102.0,102.0,103.0,103.0,104.0,104.0,105.0,106.0,107.0,107.0,108.0,109.0,110.0,111.0,113.0,114.0,116.0,120.0
NYI,63.0,66.0,68.0,70.0,71.0,72.0,73.0,74.0,75.0,76.0,76.0,77.0,78.0,78.0,79.0,79.0,80.0,80.0,81.0,81.0,81.0,82.0,82.0,83.0,83.0,83.0,84.0,84.0,85.0,85.0,85.0,86.0,86.0,86.0,87.0,87.0,87.0,88.0,88.0,88.0,89.0,89.0,89.0,90.0,90.0,90.0,91.0,91.0,91.0,92.0,92.0,92.0,93.0,93.0,93.0,94.0,94.0,94.0,95.0,95.0,95.0,96.0,96.0,96.0,97.0,97.0,97.0,98.0,98.0,98.0,99.0,99.0,99.0,100.0,100.0,101.0,101.0,101.0,102.0,102.0,103.0,103.0,104.0,104.0,105.0,105.0,106.0,107.0,107.0,108.0,109.0,110.0,110.0,111.0,112.0,114.0,115.0,118.0,121.0
NYR,63.0,66.0,68.0,70.0,71.0,72.0,73.0,74.0,75.0,76.0,76.0,77.0,78.0,78.0,79.0,79.0,80.0,80.0,81.0,81.0,82.0,82.0,82.0,83.0,83.0,84.0,84.0,84.0,85.0,85.0,85.0,86.0,86.0,87.0,87.0,87.0,88.0,88.0,88.0,89.0,89.0,89.0,90.0,90.0,90.0,91.0,91.0,91.0,91.0,92.0,92.0,92.0,93.0,93.0,93.0,94.0,94.0,94.0,95.0,95.0,95.0,96.0,96.0,96.0,97.0,97.0,98.0,98.0,98.0,99.0,99.0,99.0,100.0,100.0,101.0,101.0,101.0,102.0,102.0,103.0,103.0,104.0,104.0,105.0,105.0,106.0,106.0,107.0,107.0,108.0,109.0,110.0,111.0,111.0,112.0,114.0,116.0,118.0,121.0
OTT,74.0,77.0,79.0,81.0,82.0,83.0,84.0,85.0,86.0,87.0,87.0,88.0,89.0,89.0,90.0,90.0,91.0,91.0,92.0,92.0,93.0,93.0,94.0,94.0,95.0,95.0,95.0,96.0,96.0,96.0,97.0,97.0,98.0,98.0,98.0,99.0,99.0,99.0,100.0,100.0,100.0,101.0,101.0,101.0,102.0,102.0,102.0,102.0,103.0,103.0,103.0,104.0,104.0,104.0,105.0,105.0,105.0,106.0,106.0,106.0,107.0,107.0,107.0,108.0,108.0,108.0,109.0,109.0,109.0,110.0,110.0,110.0,111.0,111.0,112.0,112.0,112.0,113.0,113.0,114.0,114.0,115.0,115.0,115.0,116.0,117.0,117.0,118.0,118.0,119.0,120.0,120.0,121.0,122.0,123.0,124.0,126.0,128.0,131.0
PHI,61.0,65.0,67.0,69.0,70.0,71.0,72.0,73.0,73.0,74.0,75.0,76.0,76.0,77.0,77.0,78.0,78.0,79.0,79.0,80.0,80.0,80.0,81.0,81.0,82.0,82.0,82.0,83.0,83.0,84.0,84.0,84.0,85.0,85.0,85.0,86.0,86.0,86.0,87.0,87.0,87.0,88.0,88.0,88.0,89.0,89.0,89.0,90.0,90.0,90.0,90.0,91.0,91.0,91.0,92.0,92.0,92.0,93.0,93.0,93.0,94.0,94.0,94.0,95.0,95.0,95.0,96.0,96.0,96.0,97.0,97.0,98.0,98.0,98.0,99.0,99.0,100.0,100.0,100.0,101.0,101.0,102.0,102.0,103.0,103.0,104.0,104.0,105.0,106.0,106.0,107.0,108.0,109.0,110.0,111.0,112.0,114.0,116.0,120.0
PIT,60.0,63.0,65.0,67.0,68.0,69.0,70.0,71.0,72.0,73.0,73.0,74.0,75.0,75.0,76.0,76.0,77.0,77.0,78.0,78.0,79.0,79.0,80.0,80.0,80.0,81.0,81.0,82.0,82.0,82.0,83.0,83.0,84.0,84.0,84.0,85.0,85.0,85.0,86.0,86.0,86.0,87.0,87.0,87.0,88.0,88.0,88.0,89.0,89.0,89.0,90.0,90.0,90.0,91.0,91.0,91.0,92.0,92.0,92.0,93.0,93.0,93.0,94.0,94.0,94.0,95.0,95.0,96.0,96.0,96.0,97.0,97.0,97.0,98.0,98.0,99.0,99.0,99.0,100.0,100.0,101.0,101.0,102.0,102.0,103.0,103.0,104.0,105.0,105.0,106.0,107.0,108.0,109.0,110.0,111.0,112.0,114.0,116.0,119.0
SEA,51.0,54.0,56.0,57.0,58.0,60.0,61.0,61.0,62.0,63.0,64.0,64.0,65.0,66.0,66.0,67.0,67.0,68.0,68.0,68.0,69.0,69.0,70.0,70.0,71.0,71.0,71.0,72.0,72.0,73.0,73.0,73.0,74.0,74.0,74.0,75.0,75.0,75.0,76.0,76.0,76.0,77.0,77.0,77.0,78.0,78.0,78.0,79.0,79.0,79.0,80.0,80.0,80.0,81.0,81.0,81.0,81.0,82.0,82.0,83.0,83.0,83.0,83.0,84.0,84.0,85.0,85.0,85.0,86.0,86.0,86.0,87.0,87.0,88.0,88.0,88.0,89.0,89.0,90.0,90.0,91.0,91.0,92.0,92.0,93.0,93.0,94.0,95.0,95.0,96.0,97.0,97.0,98.0,99.0,101.0,102.0,104.0,106.0,109.0
SJS,55.0,58.0,60.0,61.0,63.0,64.0,65.0,66.0,67.0,67.0,68.0,69.0,69.0,70.0,71.0,71.0,72.0,72.0,73.0,73.0,74.0,74.0,74.0,75.0,75.0,76.0,76.0,76.0,77.0,77.0,78.0,78.0,78.0,79.0,79.0,79.0,80.0,80.0,80.0,81.0,81.0,81.0,82.0,82.0,82.0,83.0,83.0,83.0,84.0,84.0,84.0,84.5,85.0,85.0,85.0,86.0,86.0,86.0,87.0,87.0,87.0,88.0,88.0,88.0,89.0,89.0,90.0,90.0,90.0,91.0,91.0,91.0,92.0,92.0,93.0,93.0,93.0,94.0,94.0,95.0,95.0,96.0,96.0,97.0,97.0,98.0,98.0,99.0,100.0,100.0,101.0,102.0,103.0,104.0,105.0,106.0,108.0,110.0,113.0
STL,62.0,64.0,67.0,68.0,69.0,70.0,71.0,72.0,73.0,74.0,74.0,75.0,76.0,76.0,77.0,78.0,78.0,78.0,79.0,79.0,80.0,80.0,81.0,81.0,81.0,82.0,82.0,83.0,83.0,83.0,84.0,84.0,84.0,85.0,85.0,86.0,86.0,86.0,86.0,87.0,87.0,87.0,88.0,88.0,88.0,89.0,89.0,89.0,90.0,90.0,90.0,91.0,91.0,91.0,92.0,92.0,92.0,93.0,93.0,93.0,94.0,94.0,94.0,95.0,95.0,95.0,96.0,96.0,96.0,97.0,97.0,97.0,98.0,98.0,98.0,99.0,99.0,100.0,100.0,101.0,101.0,102.0,102.0,103.0,103.0,104.0,104.0,105.0,106.0,106.0,107.0,108.0,109.0,110.0,111.0,112.0,114.0,116.0,119.0
TBL,76.0,79.0,82.0,83.0,84.0,85.0,86.0,87.0,88.0,89.0,90.0,90.0,91.0,92.0,92.0,93.0,93.0,94.0,94.0,95.0,95.0,96.0,96.0,96.0,97.0,97.0,98.0,98.0,98.0,99.0,99.0,100.0,100.0,100.0,101.0,101.0,101.0,102.0,102.0,102.0,103.0,103.0,103.0,104.0,104.0,104.0,105.0,105.0,105.0,105.0,106.0,106.0,106.0,107.0,107.0,107.0,108.0,108.0,108.0,109.0,109.0,109.0,110.0,110.0,110.0,111.0,111.0,111.0,112.0,112.0,112.0,113.0,113.0,113.0,114.0,114.0,114.0,115.0,115.0,116.0,116.0,116.0,117.0,117.0,118.0,118.0,119.0,120.0,120.0,121.0,122.0,122.0,123.0,124.0,125.0,126.0,128.0,130.0,132.0
TOR,53.0,56.0,58.0,59.0,60.0,61.0,62.0,63.0,64.0,65.0,65.9,66.0,67.0,67.0,68.0,68.0,69.0,69.0,70.0,70.0,71.0,71.0,72.0,72.0,72.0,73.0,73.0,73.0,74.0,74.0,75.0,75.0,75.0,76.0,76.0,76.0,77.0,77.0,77.0,78.0,78.0,78.0,78.0,79.0,79.0,79.0,80.0,80.0,80.0,81.0,81.0,81.0,82.0,82.0,82.0,83.0,83.0,83.0,84.0,84.0,84.0,85.0,85.0,85.0,86.0,86.0,87.0,87.0,87.0,88.0,88.0,88.0,89.0,89.0,90.0,90.0,91.0,91.0,91.0,92.0,92.0,93.0,93.0,94.0,94.0,95.0,96.0,96.0,97.0,98.0,98.0,99.0,100.0,101.0,102.0,104.0,105.0,108.0,111.0
UTA,66.0,69.0,72.0,73.0,75.0,76.0,77.0,78.0,78.0,79.0,80.0,80.0,81.0,81.0,82.0,83.0,83.0,84.0,84.0,85.0,85.0,85.0,86.0,86.0,87.0,87.0,88.0,88.0,88.0,89.0,89.0,89.0,90.0,90.0,90.0,91.0,91.0,91.0,92.0,92.0,92.0,93.0,93.0,93.0,94.0,94.0,94.0,95.0,95.0,95.0,96.0,96.0,96.0,97.0,97.0,97.0,98.0,98.0,98.0,99.0,99.0,99.0,100.0,100.0,100.0,101.0,101.0,102.0,102.0,102.0,103.0,103.0,103.0,104.0,104.0,105.0,105.0,105.0,106.0,106.0,107.0,107.0,108.0,108.0,109.0,109.0,110.0,110.0,111.0,112.0,113.0,113.0,114.0,115.0,116.0,118.0,119.0,121.0,125.0
VAN,41.0,44.0,46.0,47.0,48.0,49.0,50.0,51.0,52.0,52.0,53.0,54.0,54.0,55.0,55.0,56.0,56.0,57.0,57.0,58.0,58.0,59.0,59.0,59.0,60.0,60.0,60.7,61.0,61.0,62.0,62.0,62.0,63.0,63.0,63.0,64.0,64.0,64.0,65.0,65.0,65.0,65.0,66.0,66.0,66.0,67.0,67.0,67.0,68.0,68.0,68.0,69.0,69.0,69.0,70.0,70.0,70.0,71.0,71.0,71.0,72.0,72.0,72.0,73.0,73.0,73.0,74.0,74.0,74.0,75.0,75.0,76.0,76.0,76.0,77.0,77.0,78.0,78.0,79.0,79.0,80.0,80.0,81.0,81.0,82.0,82.0,83.0,83.0,84.0,85.0,86.0,87.0,87.0,89.0,90.0,91.0,93.0,95.0,99.0
VGK,76.0,79.0,82.0,83.0,85.0,86.0,87.0,88.0,89.0,90.0,90.0,91.0,92.0,92.0,93.0,93.0,94.0,94.0,95.0,95.0,96.0,96.0,96.0,97.0,97.0,98.0,98.0,98.0,99.0,99.0,100.0,100.0,100.0,101.0,101.0,101.0,102.0,102.0,102.0,103.0,103.0,103.0,104.0,104.0,104.0,105.0,105.0,105.0,105.0,106.0,106.0,106.0,107.0,107.0,107.0,108.0,108.0,108.0,109.0,109.0,109.0,110.0,110.0,110.0,110.0,111.0,111.0,111.3,112.0,112.0,113.0,113.0,113.0,114.0,114.0,114.0,115.0,115.0,116.0,116.0,116.0,117.0,117.0,118.0,118.0,119.0,119.0,120.0,121.0,121.0,122.0,123.0,123.0,124.0,125.0,126.0,128.0,130.0,133.0
WPG,60.0,63.0,65.0,67.0,68.0,69.0,70.0,71.0,72.0,73.0,73.0,74.0,75.0,75.0,76.0,76.0,77.0,77.0,78.0,78.0,78.0,79.0,79.0,80.0,80.0,81.0,81.0,81.0,82.0,82.0,82.0,83.0,83.0,83.0,84.0,84.0,84.0,85.0,85.0,85.0,86.0,86.0,86.0,87.0,87.0,87.0,88.0,88.0,88.0,89.0,89.0,89.0,90.0,90.0,90.0,90.0,91.0,91.0,91.0,92.0,92.0,92.0,93.0,93.0,93.0,94.0,94.0,94.0,95.0,95.0,96.0,96.0,96.0,97.0,97.0,97.0,98.0,98.0,99.0,99.0,100.0,100.0,101.0,101.0,102.0,102.0,103.0,104.0,104.0,105.0,106.0,106.0,107.0,108.0,109.0,111.0,112.0,114.0,118.0
WSH,67.0,71.0,73.0,74.0,76.0,77.0,78.0,79.0,80.0,81.0,81.0,82.0,83.0,83.0,84.0,84.0,85.0,85.0,86.0,86.0,87.0,87.0,87.0,88.0,88.0,89.0,89.0,89.0,90.0,90.0,91.0,91.0,91.0,92.0,92.0,92.0,93.0,93.0,93.0,94.0,94.0,94.0,95.0,95.0,95.0,96.0,96.0,96.0,97.0,97.0,97.0,98.0,98.0,98.0,99.0,99.0,99.0,100.0,100.0,100.0,101.0,101.0,101.0,102.0,102.0,102.0,103.0,103.0,103.0,104.0,104.0,104.0,105.0,105.0,105.0,106.0,106.0,107.0,107.0,108.0,108.0,109.0,109.0,110.0,110.0,111.0,111.0,112.0,113.0,113.0,114.0,115.0,116.0,116.0,118.0,119.0,121.0,122.0,126.0
