game_id,team,player_id,name,toi_ev,toi_pp,toi_sh,sog_mean,sog_p10,sog_p90,goals_mean,goals_p10,goals_p90,assists_mean,assists_p10,assists_p90,points_mean,points_p10,points_p90,ixg_mean,ixg_p10,ixg_p90,p_goal,p_point
2026020001,CAR,8480817,K'Andre Miller,17.91,0.58,2.34,1.653,0.0,3.0,0.093,0.0,0.0,0.34,0.0,1.0,0.433,0.0,1.0,0.085,0.014,0.184,0.0887,0.343
2026020001,CAR,8480336,Sean Walker,17.35,0.55,2.32,2.08,0.0,4.0,0.097,0.0,0.0,0.319,0.0,1.0,0.416,0.0,1.0,0.105,0.021,0.219,0.0921,0.3277
2026020001,CAR,8476958,Jaccob Slavin,17.29,0.29,3.37,1.573,0.0,3.0,0.06,0.0,0.0,0.241,0.0,1.0,0.301,0.0,1.0,0.065,0.007,0.151,0.0586,0.2523
2026020001,CAR,8478970,Jalen Chatfield,16.02,0.26,2.28,1.318,0.0,3.0,0.075,0.0,0.0,0.192,0.0,1.0,0.267,0.0,1.0,0.079,0.011,0.173,0.0717,0.2296
2026020001,CAR,8476906,Shayne Gostisbehere,14.96,3.63,0.24,2.101,0.0,4.0,0.137,0.0,1.0,0.499,0.0,1.0,0.635,0.0,2.0,0.147,0.042,0.286,0.1271,0.4518
2026020001,CAR,8484428,Charles Alexis Legault,12.66,0.19,1.52,0.926,0.0,2.0,0.04,0.0,0.0,0.129,0.0,1.0,0.168,0.0,1.0,0.046,0.002,0.113,0.039,0.1509
2026020001,CAR,8482809,Jackson Blake,13.97,2.37,0.36,2.297,1.0,4.0,0.361,0.0,1.0,0.388,0.0,1.0,0.749,0.0,2.0,0.342,0.148,0.581,0.3041,0.5039
2026020001,CAR,8482702,Logan Stankoven,13.81,2.57,0.28,2.366,1.0,4.0,0.333,0.0,1.0,0.387,0.0,1.0,0.72,0.0,2.0,0.348,0.151,0.591,0.2836,0.488
2026020001,CAR,8475791,Taylor Hall,13.38,2.41,0.26,1.996,0.0,4.0,0.267,0.0,1.0,0.375,0.0,1.0,0.642,0.0,2.0,0.298,0.121,0.515,0.2346,0.4546
2026020001,CAR,8478427,Sebastian Aho,13.88,5.13,1.8,3.022,1.0,5.0,0.482,0.0,1.0,0.698,0.0,2.0,1.181,0.0,3.0,0.421,0.194,0.697,0.3798,0.6464
2026020001,CAR,8477940,Nikolaj Ehlers,13.26,3.91,0.24,2.972,1.0,5.0,0.337,0.0,1.0,0.557,0.0,2.0,0.895,0.0,2.0,0.304,0.124,0.527,0.2894,0.5617
2026020001,CAR,8480830,Andrei Svechnikov,13.35,5.0,0.24,2.902,1.0,5.0,0.479,0.0,1.0,0.568,0.0,2.0,1.047,0.0,3.0,0.436,0.201,0.724,0.3825,0.6122
2026020001,CAR,8476921,Jordan Martinook,12.22,0.21,2.07,1.505,0.0,3.0,0.144,0.0,1.0,0.203,0.0,1.0,0.347,0.0,1.0,0.171,0.052,0.33,0.1333,0.287
2026020001,CAR,8473533,Jordan Staal,12.73,1.29,2.58,1.548,0.0,3.0,0.214,0.0,1.0,0.28,0.0,1.0,0.494,0.0,1.0,0.231,0.083,0.418,0.1918,0.3751
2026020001,CAR,8480762,Eric Robinson,10.26,0.23,1.34,1.292,0.0,3.0,0.141,0.0,1.0,0.124,0.0,1.0,0.266,0.0,1.0,0.178,0.057,0.337,0.1313,0.2284
2026020001,CAR,8476873,Mark Jankowski,10.09,0.82,1.91,1.169,0.0,3.0,0.166,0.0,1.0,0.2,0.0,1.0,0.366,0.0,1.0,0.17,0.05,0.329,0.1542,0.2984
2026020001,CAR,8477478,William Carrier,9.43,0.25,0.28,1.145,0.0,3.0,0.128,0.0,1.0,0.131,0.0,1.0,0.259,0.0,1.0,0.132,0.034,0.26,0.1207,0.222
2026020001,CAR,8475235,Nicolas Deslauriers,7.94,0.22,0.22,0.755,0.0,2.0,0.062,0.0,0.0,0.09,0.0,0.0,0.153,0.0,1.0,0.081,0.012,0.178,0.0603,0.14
2026020001,FLA,8478055,Gustav Forsling,17.72,0.65,2.17,1.31,0.0,3.0,0.064,0.0,0.0,0.266,0.0,1.0,0.331,0.0,1.0,0.071,0.01,0.156,0.0626,0.2694
2026020001,FLA,8477495,Seth Jones,18.06,3.3,3.59,1.478,0.0,3.0,0.111,0.0,1.0,0.464,0.0,1.0,0.575,0.0,2.0,0.113,0.029,0.225,0.1037,0.4164
2026020001,FLA,8477932,Aaron Ekblad,17.32,1.34,2.7,1.171,0.0,3.0,0.073,0.0,0.0,0.275,0.0,1.0,0.347,0.0,1.0,0.075,0.013,0.16,0.0698,0.285
2026020001,FLA,8478859,Niko Mikkola,16.44,0.2,2.5,0.809,0.0,2.0,0.041,0.0,0.0,0.116,0.0,1.0,0.157,0.0,1.0,0.047,0.004,0.115,0.0405,0.1439
2026020001,FLA,8475179,Dmitry Kulikov,15.06,0.15,2.3,0.715,0.0,2.0,0.032,0.0,0.0,0.091,0.0,0.0,0.123,0.0,1.0,0.039,0.002,0.096,0.0314,0.1132
2026020001,FLA,8477493,Aleksander Barkov,15.0,2.91,0.98,1.987,0.0,4.0,0.315,0.0,1.0,0.585,0.0,2.0,0.9,0.0,2.0,0.263,0.108,0.46,0.2709,0.5598
2026020001,FLA,8477409,Carter Verhaeghe,14.23,3.18,0.28,2.237,1.0,4.0,0.304,0.0,1.0,0.398,0.0,1.0,0.702,0.0,2.0,0.316,0.139,0.536,0.2599,0.4802
2026020001,FLA,8477933,Sam Reinhart,14.51,4.21,1.15,2.291,1.0,4.0,0.401,0.0,1.0,0.456,0.0,1.0,0.857,0.0,2.0,0.386,0.183,0.639,0.328,0.5422
2026020001,FLA,8477935,Sam Bennett,13.71,3.24,0.68,2.256,1.0,4.0,0.326,0.0,1.0,0.387,0.0,1.0,0.713,0.0,2.0,0.348,0.156,0.584,0.2796,0.4833
2026020001,FLA,8482113,Anton Lundell,13.67,2.75,1.82,1.833,0.0,4.0,0.321,0.0,1.0,0.343,0.0,1.0,0.664,0.0,2.0,0.314,0.138,0.535,0.2764,0.4582
2026020001,FLA,8479314,Matthew Tkachuk,13.91,3.33,0.63,2.346,1.0,4.0,0.389,0.0,1.0,0.551,0.0,2.0,0.94,0.0,2.0,0.36,0.161,0.599,0.3238,0.5691
2026020001,FLA,8480185,Eetu Luostarinen,12.36,0.41,1.27,1.089,0.0,2.0,0.12,0.0,1.0,0.173,0.0,1.0,0.293,0.0,1.0,0.128,0.035,0.25,0.1125,0.2471
2026020001,FLA,8480801,Brady Tkachuk,13.21,2.82,0.22,2.542,1.0,5.0,0.33,0.0,1.0,0.4,0.0,1.0,0.729,0.0,2.0,0.346,0.154,0.577,0.2828,0.4919
2026020001,FLA,8475462,Radko Gudas,11.6,0.17,1.25,0.681,0.0,2.0,0.029,0.0,0.0,0.099,0.0,0.0,0.128,0.0,1.0,0.032,0.001,0.084,0.0282,0.1165
2026020001,FLA,8474189,Lars Eller,9.29,0.26,1.07,0.808,0.0,2.0,0.071,0.0,0.0,0.086,0.0,0.0,0.157,0.0,1.0,0.107,0.026,0.216,0.0686,0.143
2026020001,FLA,8477903,Garnet Hathaway,8.84,0.3,0.9,0.585,0.0,2.0,0.061,0.0,0.0,0.062,0.0,0.0,0.123,0.0,1.0,0.08,0.014,0.173,0.0599,0.1156
2026020001,FLA,8483771,Sandis Vilmanis,9.08,0.2,0.26,0.732,0.0,2.0,0.074,0.0,0.0,0.11,0.0,1.0,0.184,0.0,1.0,0.087,0.017,0.185,0.0712,0.1653
2026020001,FLA,8478147,Bokondji Imama,6.48,0.18,0.18,0.589,0.0,2.0,0.044,0.0,0.0,0.039,0.0,0.0,0.083,0.0,0.0,0.06,0.007,0.136,0.0432,0.0789
