playerId,position,birthDate
8478421,L,1996-12-14
8477180,G,1989-05-04
8465992,R,1974-08-27
8477932,D,1996-02-07
8471451,C,1986-04-24
8469534,D,1983-04-30
8471004,D,1981-03-07
8474604,D,1990-05-18
8474030,R,1989-09-07
8470310,D,1983-09-27
8475619,L,1985-05-30
8469672,L,1981-07-02
8458519,D,1973-01-17
8482691,C,2002-11-14
8475332,D,1991-02-27
8481550,L,2001-05-10
8480871,D,2000-08-15
8478996,C,1996-05-06
8470063,R,1983-01-06
8476431,D,1992-10-26
8481726,C,2000-10-12
8483686,D,2003-11-17
8477454,L,1995-04-20
8484166,C,2004-10-12
8456283,D,1971-07-10
8479323,D,1998-02-17
8478874,R,1996-10-03
8467925,R,1980-08-14
8474641,C,1990-02-06
8478903,G,1997-05-12
8480341,C,1994-06-22
8483609,R,2000-09-14
8476457,D,1992-11-12
8476392,C,1993-03-29
8466216,C,1979-02-15
8471717,D,1986-10-12
8471385,D,1984-03-29
8476522,C,1991-03-04
8476917,D,1994-08-16
8482197,R,2001-09-25
8480008,C,1999-05-11
8483669,L,2004-09-07
8479530,G,1997-05-02
8476330,G,1992-11-26
8482482,D,2000-08-07
8478499,G,1996-05-11
8459053,D,1973-07-03
8477960,R,1996-09-13
8481683,L,1999-11-06
8480851,C,2000-01-02
8474049,R,1989-04-24
8481033,G,2000-05-12
8484254,D,1999-04-09
8481699,R,2001-07-05
8471219,G,1985-02-13
8476409,C,1993-02-25
8481607,D,2001-01-04
8474166,D,1987-07-26
8480831,D,2000-08-06
8477493,C,1995-09-02
8483463,C,2004-02-06
8482783,G,2002-01-04
8480037,C,1999-01-09
8478839,C,1997-01-07
8469466,R,1983-08-13
8467502,R,1978-12-23
8478848,G,1997-01-06
8467913,G,1981-01-07
8479718,C,1997-05-21
8475968,R,1991-08-31
8473415,D,1988-04-04
8476283,C,1993-03-07
8483731,L,2003-11-20
8475163,R,1990-10-01
8479337,R,1997-12-18
8480029,L,1999-09-13
8475836,C,1991-01-30
8468500,L,1982-06-19
8476851,C,1994-02-12
8471274,D,1985-07-30
8474005,D,1989-01-20
8467392,D,1979-10-18
8480113,L,1993-12-21
8476435,C,1993-09-09
8473986,L,1989-09-14
8458529,R,1973-02-24
8482155,R,2001-10-28
8479312,G,1992-12-09
8477968,G,1996-01-07
8481618,C,2001-01-28
8479423,L,1998-03-02
8471214,L,1985-09-17
8474565,D,1990-01-18
8474046,D,1989-05-09
8471774,G,1987-07-28
8482634,C,1999-12-10
8467338,L,1979-11-21
8477949,R,1996-05-10
8481532,C,2001-02-26
8480382,G,1996-02-10
8480823,D,1999-11-15
8482222,L,1994-06-17
8475788,C,1991-10-21
8471303,D,1986-04-21
8482125,R,2002-01-23
8477021,C,1994-08-11
8482100,D,2001-10-02
8471334,C,1985-08-25
8475755,D,1992-03-03
8471228,R,1986-07-05
8481014,D,2000-01-06
8475130,G,1987-01-05
8470120,R,1984-03-03
8470257,L,1984-03-01
8470685,D,1984-05-30
8480384,C,1997-07-17
8475248,D,1990-12-20
8473605,L,1988-04-22
8480186,R,1997-08-02
8477505,C,1994-09-22
8481630,D,1996-02-07
8470719,C,1985-06-26
8470358,R,1981-04-11
8478851,D,1996-10-08
8479657,L,1997-02-25
8468086,L,1981-06-16
8476414,R,1991-09-05
8470678,D,1985-07-05
8471221,L,1985-10-09
8480074,L,1999-09-13
8471296,D,1986-04-25
8482246,G,1998-06-29
8467412,L,1980-04-09
8467909,D,1981-04-10
8476289,D,1992-01-02
8480281,R,1999-06-25
8482109,L,2001-10-11
8481656,L,2001-01-06
8474057,G,1989-06-17
8478075,L,1996-08-05
8459443,D,1975-01-09
8475314,L,1990-07-03
8474765,G,1988-05-03
8475195,G,1990-03-19
8470378,D,1984-01-06
8477444,L,1995-02-09
8470301,C,1984-02-23
8481732,L,2000-07-26
8474670,R,1990-09-11
8460639,R,1975-02-08
8476960,C,1994-08-06
8480158,D,1995-06-18
8477971,D,1996-01-21
8475372,C,1987-12-23
8477341,L,1994-11-21
8468534,D,1975-07-13
8478561,L,1990-06-13
8473568,R,1987-02-28
8474154,R,1987-11-18
8481642,R,1993-02-26
8470603,L,1985-02-03
8483808,L,1996-02-04
8474681,C,1990-05-30
8467496,D,1978-12-20
8478842,D,1994-07-29
8480830,R,2000-03-26
8476883,G,1994-07-25
8471236,D,1985-10-13
8475250,C,1991-02-22
8471284,D,1986-06-08
8477205,D,1990-11-29
8475461,L,1991-01-03
8469626,D,1981-06-30
8473550,D,1988-07-11
8459596,L,1973-08-24
8474638,D,1988-02-04
8471699,C,1987-06-14
8477429,C,1994-07-08
8476020,C,1992-07-29
8471956,L,1986-07-27
8473682,C,1983-01-02
8466333,D,1979-03-17
8471409,R,1985-12-13
8477202,G,1988-02-11
8467927,D,1980-03-24
8470838,C,1984-07-15
8471217,L,1985-12-12
8473584,D,1986-09-07
8474748,D,1990-03-25
8478233,L,1996-04-04
8477249,C,1988-09-18
8469685,C,1981-11-06
8479369,D,1998-03-17
8467355,L,1980-05-05
8479249,C,1994-01-14
8467453,G,1980-05-04
8476381,R,1991-07-20
8477092,G,1993-04-20
8476388,D,1993-07-03
8471848,D,1987-03-03
8472382,D,1982-10-30
8468517,L,1981-02-06
8468434,L,1977-08-25
8476206,C,1988-04-15
8467304,D,1975-03-10
8476407,D,1993-04-27
8471188,D,1980-05-25
8483699,D,2004-04-27
8481065,C,1999-10-02
8474557,D,1984-08-13
8467511,G,1980-06-18
8478074,R,1996-03-06
8478463,R,1997-06-08
8475868,D,1990-07-15
8478519,C,1997-07-15
8477407,L,1995-08-26
8479447,R,1993-09-30
8477511,R,1994-09-16
8474061,R,1989-04-18
8478409,C,1996-12-20
8470618,R,1985-01-05
8476932,G,1994-01-20
8477312,G,1994-05-01
8474849,L,1989-11-21
8468535,C,1982-07-20
8470265,D,1984-05-06
8477289,D,1986-07-29
8477320,L,1995-03-14
8476341,G,1992-11-27
8485391,C,2007-05-07
8471418,G,1986-05-07
8475270,D,1990-03-25
8475165,C,1991-04-24
8478073,D,1994-11-29
8482113,C,2001-10-03
8475210,R,1990-11-21
8477415,L,1994-05-13
8471873,D,1986-08-01
8468501,D,1982-02-25
8481637,L,1993-03-01
8468704,R,1980-07-03
8474550,G,1983-08-29
8473973,L,1984-10-22
8477293,G,1989-05-12
8480965,C,1994-03-17
8471685,C,1987-08-24
8482964,D,2001-01-30
8480242,L,1999-01-14
8465025,R,1978-04-13
8481721,R,2001-03-15
8483395,L,2001-01-09
8473573,C,1988-05-24
8482245,D,1995-10-03
8481552,D,2001-01-04
8478550,L,1991-10-30
8481560,R,2001-06-26
8484938,R,2001-04-06
8481626,C,1997-10-29
8477476,L,1995-07-04
8482515,G,2001-10-31
8473459,D,1988-07-25
8481668,G,2001-03-22
8484783,D,2005-10-28
8481501,G,1995-08-08
8482821,G,1999-08-19
8477085,D,1994-05-27
8478512,C,1992-12-12
8478040,R,1996-02-16
8480467,D,1997-02-17
8478455,L,1997-06-23
8475766,L,1992-01-13
8479318,C,1997-09-17
8482993,R,2002-10-10
8479536,L,1998-02-10
8484223,D,2005-03-11
8484234,L,2004-11-16
8470647,R,1985-07-10
8476624,C,1993-02-26
8467890,D,1981-03-05
8480849,C,2000-06-09
8470199,R,1983-04-14
8475761,R,1991-11-27
8479359,L,1998-02-04
8484762,R,2006-01-28
8471750,G,1986-11-21
8475279,D,1991-05-09
8470280,L,1984-01-22
8479416,D,1998-03-25
8466300,R,1978-07-17
8475196,R,1990-10-18
8477433,D,1995-01-12
8475603,C,1987-04-09
8477018,D,1993-04-20
8480259,C,1999-02-26
8485414,C,2007-04-19
8473933,D,1984-02-20
8473493,C,1988-03-30
8481827,L,2001-07-13
8483570,C,1998-11-15
8468868,R,1982-06-25
8475681,G,1986-09-11
8474727,R,1988-07-11
8476043,C,1987-02-13
8478049,D,1996-05-28
8476526,L,1993-01-16
8471372,C,1984-05-11
8473600,R,1987-04-29
8471678,L,1986-09-29
8484800,C,2006-01-14
8475833,C,1992-05-13
8456464,R,1970-11-09
8474035,L,1988-09-21
8472361,R,1983-06-20
8482399,D,1996-02-06
8467361,C,1980-02-16
8471767,C,1986-09-27
8476399,L,1991-11-28
8471260,L,1986-02-18
8473608,C,1988-02-03
8479595,D,1996-01-26
8476370,L,1993-02-20
8478480,C,1997-01-02
8471218,R,1986-08-31
8480870,C,2000-02-06
8477500,C,1995-04-05
8481553,R,2001-07-08
8475637,R,1987-04-26
8476769,R,1989-01-21
8447958,C,1971-01-01
8482259,C,1996-06-15
8472365,R,1981-10-17
8471676,R,1987-03-17
8473610,D,1988-02-29
8480955,D,1990-02-14
8482167,R,2002-03-04
8478147,L,1996-08-03
8476922,C,1994-01-23
8476432,C,1993-06-15
8479383,L,1998-06-18
8471223,D,1986-02-14
8477916,R,1992-03-25
8481524,D,2001-06-13
8464960,C,1978-04-16
8470159,C,1983-10-19
8465028,L,1978-04-18
8468504,R,1982-04-17
8476779,D,1988-08-24
8483471,C,2003-12-19
8460580,D,1976-08-12
8474089,C,1989-05-20
8473419,L,1988-05-11
8457261,L,1971-11-29
8473927,C,1983-05-03
8467389,C,1980-05-02
8470755,R,1985-02-04
8471521,R,1984-07-28
8467331,D,1979-11-06
8475097,G,1986-03-19
8468515,L,1981-03-01
8474651,G,1989-09-16
8482073,D,2001-09-20
8484203,L,2005-05-05
8477041,D,1993-06-16
8481442,D,1996-06-05
8485405,C,2007-03-16
8476869,D,1994-03-26
8480801,L,1999-09-16
8483890,R,2003-06-26
8485385,C,2007-02-09
8477631,L,1995-03-29
8482061,L,1998-03-11
8469666,R,1982-04-04
8475650,L,1987-01-31
8483548,G,1998-06-25
8478443,D,1996-11-26
8475869,D,1991-08-21
8476214,L,1988-09-13
8471273,C,1986-04-29
8479520,L,1997-05-22
8479542,L,1998-08-27
8477990,G,1996-03-29
8475295,R,1990-03-08
8475430,D,1990-06-04
8474850,L,1988-09-20
8474646,L,1990-03-22
8477986,D,1994-04-11
8475204,C,1991-04-10
8471283,L,1984-03-16
8476438,L,1992-10-27
8483407,D,1999-06-02
8469755,R,1983-07-12
8474091,C,1989-02-14
8479293,L,1991-12-31
8471450,R,1985-04-25
8482730,D,2003-02-09
8475638,C,1987-03-24
8475188,D,1991-01-21
8481167,D,1999-08-23
8478010,C,1996-03-13
8475170,C,1991-08-22
8481530,L,2001-05-28
8470601,D,1985-02-27
8469516,D,1983-03-31
8482153,C,2001-10-22
8475848,R,1992-05-06
8476867,C,1994-03-25
8478425,D,1997-07-29
8476894,L,1994-05-19
8477962,L,1996-03-15
8471705,D,1987-06-22
8459461,C,1975-08-15
8477943,L,1996-04-27
8451302,L,1969-01-23
8475996,C,1991-01-07
8474090,D,1989-02-08
8459433,D,1975-02-20
8476944,L,1992-06-11
8475455,D,1990-11-13
8466160,L,1979-01-16
8475641,D,1987-03-31
8479734,D,1997-05-24
8482747,L,2003-01-05
8470613,D,1985-03-09
8462161,G,1977-03-12
8468489,G,1982-04-02
8474698,D,1989-05-17
8470607,D,1985-04-20
8462176,D,1977-01-07
8456547,D,1970-08-10
8474135,D,1988-06-25
8482132,L,2002-09-09
8475757,R,1992-04-26
8471321,D,1985-11-29
8465122,D,1976-12-23
8475792,R,1992-05-02
8471978,D,1986-03-03
8474236,L,1988-12-28
8479353,C,1998-03-29
8476967,D,1994-01-06
8481517,R,1999-04-30
8471187,D,1982-01-15
8478004,D,1995-09-24
8474050,L,1988-12-24
8465968,C,1978-08-14
8479419,L,1998-07-20
8477488,D,1994-11-15
8476439,R,1993-07-01
8478881,L,1996-02-28
8470119,D,1983-06-28
8470737,L,1984-04-24
8471840,L,1987-06-02
8462052,G,1977-01-02
8470619,C,1984-12-18
8466285,D,1979-05-23
8475208,D,1991-09-06
8470880,G,1985-04-09
8468599,D,1981-03-02
8476363,R,1992-06-03
8476808,C,1988-07-26
8471822,G,1987-02-04
8476207,C,1988-02-26
8467407,R,1979-01-18
8483531,L,1999-01-11
8474873,D,1990-07-16
8471683,D,1987-03-26
8467977,R,1981-09-02
8476772,R,1988-06-01
8477314,C,1995-05-11
8468427,D,1977-04-15
8467856,D,1973-09-28
8458525,R,1973-02-21
8471803,D,1985-04-14
8468506,C,1982-03-01
8465113,R,1978-03-16
8482369,D,1997-11-24
8478444,R,1997-02-25
8482122,D,2002-08-22
8476934,L,1994-02-02
8475754,C,1991-10-15
8474436,L,1987-01-16
8471728,L,1987-02-17
8475980,C,1991-09-26
8469639,C,1983-06-23
8468498,D,1980-09-26
8470774,D,1984-10-03
8467332,D,1980-08-21
8471254,L,1986-03-09
8459406,D,1972-07-15
8474516,C,1986-01-20
8473412,C,1987-11-12
8459462,D,1975-06-08
8470988,D,1984-04-22
8475810,R,1992-05-11
8481815,R,1999-06-14
8460626,D,1976-02-11
8477847,L,1991-11-12
8473431,C,1988-03-01
8477210,R,1991-09-30
8470700,R,1984-07-21
8475278,C,1991-03-12
8480083,L,1994-12-01
8478058,L,1994-03-17
8474029,D,1989-01-15
8473504,R,1987-11-18
8479984,D,1998-12-13
8471811,C,1986-09-30
8477361,G,1994-10-19
8479985,D,1998-11-19
8480069,D,1998-10-30
8478452,D,1997-06-06
8480884,D,2000-04-11
8482250,C,1997-03-19
8475714,C,1991-09-25
8480157,D,1994-02-02
8484221,C,2005-01-21
8476763,G,1988-11-02
8475717,G,1992-04-15
8479557,C,1997-06-27
8475177,D,1991-05-09
8474715,R,1989-06-05
8471216,D,1986-04-04
8479341,D,1998-06-19
8475764,D,1991-12-05
8470123,R,1984-04-15
8483481,C,2004-06-07
8469733,C,1983-03-22
8475660,G,1987-07-05
8470320,G,1984-02-29
8481546,D,2001-01-05
8483045,R,2002-06-09
8480075,D,1999-05-05
8474611,D,1990-03-19
8480858,C,2000-06-24
8478888,C,1996-10-09
8476799,D,1988-10-07
8471679,G,1987-08-16
8477472,D,1995-01-28
8479336,R,1997-12-01
8474125,D,1986-11-09
8474176,L,1988-08-23
8482761,G,2003-05-20
8473539,D,1987-11-05
8471262,C,1985-10-12
8469470,D,1983-01-27
8479358,L,1997-11-24
8482781,D,2003-01-14
8474077,R,1988-09-10
8480292,R,1997-08-18
8477369,D,1994-07-27
8475154,R,1991-04-01
8474844,L,1989-08-09
8479394,G,1998-08-13
8475622,G,1985-12-19
8482802,L,2002-03-28
8477240,C,1989-05-10
8477409,C,1995-08-14
8484759,D,2005-09-29
8478376,R,1991-10-27
8471282,D,1985-07-28
8475231,C,1991-02-27
8479193,G,1991-08-13
8479578,D,1997-02-25
8479999,C,1998-11-22
8479268,D,1992-07-18
8475602,C,1987-10-18
8480051,G,1999-08-11
8476975,C,1993-08-13
8476827,D,1989-05-26
8473434,G,1986-06-10
8471411,C,1986-01-26
8469812,R,1982-03-27
8471885,C,1987-01-18
8477244,D,1990-05-07
8476905,C,1994-04-22
8480426,D,1998-04-21
8484428,D,2003-09-05
8476948,L,1994-06-23
8470370,L,1982-06-22
8475745,C,1992-03-02
8479292,G,1993-12-18
8479325,D,1997-12-21
8476322,C,1992-02-02
8482507,L,2002-01-09
8478029,C,1995-10-25
8478486,C,1997-08-23
8479597,D,1996-03-19
8476224,D,1986-12-20
8477453,D,1995-02-22
8471246,L,1986-01-29
8475648,D,1989-06-29
8471761,D,1986-10-27
8470329,D,1984-07-09
8446053,D,1962-01-25
8460567,R,1976-03-08
8472368,R,1983-12-23
8476904,G,1994-05-18
8460562,C,1976-08-20
8472263,L,1980-10-31
8459425,C,1975-07-05
8470274,L,1983-06-02
8470772,G,1985-06-05
8467967,C,1980-11-11
8475184,L,1991-04-30
8470543,L,1979-09-26
8462152,G,1976-04-20
8470383,L,1981-11-18
8474535,C,1986-03-06
8467493,R,1979-06-18
8458568,G,1972-11-26
8464956,D,1978-03-09
8470871,L,1984-05-29
8473485,R,1987-10-30
8473589,D,1988-02-05
8475690,D,1989-12-20
8474052,L,1989-04-07
8469501,R,1983-06-03
8476919,C,1994-07-01
8471762,C,1987-03-15
8475780,R,1991-05-27
8475227,D,1990-01-07
8467348,D,1980-04-28
8477043,D,1994-08-06
8477989,C,1996-02-02
8469555,D,1982-07-06
8478432,R,1997-04-15
8477850,D,1991-02-09
8475087,C,1986-03-10
8478868,D,1996-04-02
8475749,L,1992-05-26
8478846,D,1995-03-17
8478036,C,1996-04-05
8477006,C,1994-04-05
8469575,D,1982-02-05
8474018,L,1989-02-20
8476444,G,1992-12-27
8469467,R,1982-04-17
8478056,C,1996-03-29
8470667,L,1985-04-06
8473512,R,1988-01-12
8448772,R,1965-07-16
8483532,G,1999-03-03
8472262,D,1983-04-05
8479343,R,1998-07-29
8470886,D,1985-02-19
8474042,C,1989-07-24
8471760,C,1987-01-07
8476879,D,1993-12-21
8475236,C,1991-05-24
8471742,D,1987-08-08
8479996,C,1999-04-01
8474597,D,1989-11-30
8474570,C,1990-02-18
8477832,R,1990-05-20
8469591,C,1983-04-18
8471657,L,1984-06-26
8469474,R,1982-11-23
8477529,C,1994-12-26
8474002,D,1989-04-25
8474606,D,1990-04-24
8478367,C,1993-07-22
8481540,R,2001-01-02
8480252,C,1999-04-06
8484873,D,2006-06-28
8481043,L,1998-05-17
8484287,D,2001-06-09
8482149,C,2002-01-01
8481133,L,2000-02-01
8476766,L,1990-08-26
8481655,R,2001-04-25
8482705,C,2003-05-16
8482062,R,1995-10-28
8476278,C,1993-03-28
8470662,C,1985-01-28
8471862,C,1986-03-09
8470644,R,1984-09-30
8476525,D,1992-10-29
8476536,C,1993-06-20
8469582,L,1982-07-08
8465005,D,1977-12-12
8478400,C,1997-01-30
8474569,C,1989-10-20
8480420,G,1994-06-20
8484911,R,2002-09-21
8481551,G,2000-10-05
8474575,D,1990-03-08
8482703,C,2003-01-04
8474121,C,1989-02-12
8468778,R,1982-03-03
8476892,D,1993-05-12
8474098,C,1989-04-20
8476925,C,1993-11-05
8478841,D,1997-05-03
8484144,C,2005-07-17
8475736,L,1992-02-25
8477015,R,1994-01-14
8479382,C,1998-04-16
8476941,D,1994-04-13
8484529,C,2005-05-02
8477365,D,1995-04-28
8480980,C,1999-06-26
8476945,G,1993-05-19
8478971,G,1997-03-31
8470295,L,1982-08-25
8477881,C,1990-08-16
8475303,G,1990-05-01
8482067,D,1996-09-12
8478402,C,1997-01-13
8481580,L,2001-01-15
8476473,D,1993-03-26
8482074,C,2001-09-25
8478856,R,1996-03-11
8483447,C,2004-05-05
8477839,L,1992-06-08
8479982,D,1998-09-18
8478442,C,1996-12-20
8475260,C,1990-09-10
8470645,G,1984-12-31
8475086,C,1985-02-23
8470705,C,1984-05-08
8470621,R,1985-05-16
8470714,D,1984-01-05
8481461,D,1995-09-02
8474130,R,1989-07-25
8476195,C,1989-12-14
8473558,C,1988-06-01
8473924,D,1978-02-13
8464981,D,1978-08-16
8471239,G,1986-03-18
8458943,L,1973-12-20
8465166,R,1977-04-26
8467950,G,1981-05-21
8455919,C,1971-09-04
8475414,L,1990-09-13
8465041,C,1977-04-07
8459004,D,1974-09-13
8475225,C,1989-09-05
8468647,R,1981-03-17
8469658,G,1975-09-03
8476846,G,1984-02-16
8480876,C,2000-03-06
8471185,L,1982-12-28
8475734,L,1991-12-04
8448382,G,1967-04-29
8477508,C,1995-02-02
8470147,G,1983-05-23
8475310,L,1991-02-22
8468166,G,1979-10-05
8477583,C,1993-02-08
8483445,L,2004-01-19
8470294,L,1984-06-27
8482094,D,2002-05-15
8464977,C,1978-06-16
8478057,C,1996-05-15
8477541,D,1994-01-05
8474668,R,1988-08-05
8484164,R,2005-06-15
8474774,D,1990-03-13
8475748,L,1992-06-30
8477059,R,1986-03-09
8480994,C,2000-03-03
8476923,D,1994-08-07
8467096,D,1976-07-12
8468540,G,1980-06-19
8470639,C,1985-07-13
8471958,D,1984-04-29
8469465,D,1982-12-13
8465175,R,1977-01-30
8467939,D,1981-06-15
8464983,L,1977-04-18
8479252,D,1994-06-01
8475105,R,1987-04-29
8478435,G,1997-08-20
8474095,C,1989-04-23
8471261,L,1986-02-21
8478365,L,1994-12-12
8460621,R,1972-12-11
8476835,L,1987-04-19
8480771,D,1995-03-30
8464975,C,1977-10-06
8470666,L,1985-01-28
8477901,L,1991-11-01
8476401,C,1993-03-09
8466149,R,1978-12-18
8471305,G,1986-03-28
8467875,L,1980-09-26
8478466,R,1997-03-17
8471433,G,1986-04-28
8462115,D,1976-10-14
8478069,L,1994-02-19
8471476,L,1985-03-06
8484388,L,2005-02-15
8482624,D,1997-07-11
8481536,D,2000-10-20
8480193,G,1999-03-27
8482101,L,2002-02-06
8483526,C,2003-12-19
8483525,R,2003-12-22
8475732,D,1991-09-29
8477215,D,1990-03-07
8470671,C,1984-09-06
8476982,C,1994-01-30
8470996,D,1985-06-13
8479371,D,1998-06-20
8478046,L,1995-07-05
8468482,L,1981-01-21
8467430,G,1980-09-02
8468660,L,1980-08-10
8475311,G,1990-05-05
8459574,R,1975-03-15
8477498,D,1995-02-04
8475423,R,1990-02-09
8476379,D,1993-07-17
8468121,R,1979-10-22
8471794,C,1987-01-21
8458982,R,1972-04-01
8478178,D,1996-02-28
8473932,C,1985-06-22
8470986,C,1984-07-07
8458172,D,1972-05-13
8475661,L,1989-10-06
8460533,C,1976-02-20
8470655,R,1984-05-01
8471266,L,1984-11-24
8470920,R,1984-03-31
8471976,C,1986-09-14
8480063,D,1999-06-23
8480328,R,1994-02-21
8481019,C,2000-04-11
8468502,D,1981-06-18
8483460,D,2003-11-28
8470877,R,1984-08-10
8480144,C,1995-01-12
8478436,R,1997-01-28
8468626,L,1981-05-12
8471276,C,1986-04-28
8471336,R,1986-03-17
8467330,C,1980-08-17
8470263,G,1983-05-23
8470656,D,1984-10-18
8473511,C,1987-02-04
8469664,R,1981-12-28
8476426,D,1993-04-09
8477956,R,1996-05-25
8474102,L,1988-05-28
8479496,G,1992-08-19
8475182,D,1990-10-08
8475233,D,1990-10-22
8473673,D,1987-05-07
8475068,R,1985-04-06
8483766,D,2003-02-18
8469483,C,1982-03-15
8485493,R,1996-02-10
8470189,L,1983-04-20
8474660,D,1990-05-30
8477913,L,1989-09-15
8474518,D,1984-11-22
8482110,C,2001-10-27
8462036,C,1976-09-27
8467583,D,1980-07-20
8478567,D,1993-07-08
8458536,C,1973-06-15
8483398,D,2000-05-18
8480990,D,2000-01-12
8462050,D,1976-10-01
8470268,D,1983-10-11
8478495,R,1997-06-07
8478843,C,1997-01-18
8479395,D,1998-02-15
8477902,R,1991-12-31
8478502,D,1996-10-30
8483710,G,2001-08-19
8477929,C,1990-07-03
8469619,D,1981-07-18
8469770,D,1983-03-20
8483485,D,2004-07-12
8484142,C,2005-04-27
8459064,C,1973-04-23
8469647,L,1982-06-23
8473432,R,1986-12-20
8475762,D,1992-03-04
8474683,C,1990-04-20
8471810,D,1987-03-17
8468001,C,1981-06-11
8470061,D,1984-04-21
8464966,D,1978-08-24
8471396,D,1985-03-14
8469485,C,1983-05-04
8478585,C,1986-12-29
8473953,D,1984-10-13
8474613,C,1990-06-18
8474500,L,1984-12-17
8473544,C,1987-09-22
8476884,D,1994-01-16
8468674,D,1982-04-03
8471227,G,1986-05-04
8475758,R,1992-06-14
8482445,G,1997-05-25
8483461,R,2004-01-10
8471682,R,1987-01-01
8476913,C,1994-07-19
8482221,G,2001-12-27
8478038,D,1994-02-21
8479346,C,1998-07-20
8477471,D,1995-05-09
8476416,D,1993-02-10
8470602,D,1985-04-10
8467354,D,1980-07-22
8480041,D,1999-06-16
8484386,D,2005-02-04
8481716,L,2000-09-10
8476436,R,1993-03-23
8477082,D,1989-03-12
8475179,D,1990-10-29
8475200,D,1991-07-23
8478857,L,1996-10-01
8481562,D,2001-09-07
8483752,C,2002-07-03
8468575,C,1980-08-03
8476952,C,1994-03-09
8477994,C,1996-02-25
8480946,C,1995-07-02
8477330,L,1995-08-21
8479942,R,1993-04-18
8478866,C,1994-08-08
8459246,L,1972-01-07
8482131,D,2002-01-12
8467928,D,1980-03-26
8458361,C,1971-01-21
8476462,D,1993-06-17
8468114,D,1980-03-12
8480208,R,1998-04-27
8479465,L,1994-06-20
8480221,C,1998-08-06
8474137,L,1989-03-08
8470787,D,1983-10-26
8482123,G,2002-07-19
8474563,D,1989-12-08
8481563,D,2001-03-26
8470970,C,1985-05-15
8477243,C,1989-06-29
8470778,L,1984-02-17
8482055,L,1998-06-09
8475213,C,1991-01-29
8471226,R,1985-10-30
8478211,L,1995-11-24
8470281,D,1983-07-16
8476464,D,1993-09-07
8471310,C,1986-07-16
8470606,R,1984-11-04
8470834,D,1985-03-27
8474138,L,1988-02-27
8471671,D,1987-02-02
8471208,R,1982-09-28
8474682,G,1989-09-16
8481692,G,2001-04-16
8460806,G,1969-10-12
8470131,C,1983-06-22
8474100,L,1989-07-05
8479639,D,1998-02-19
8481528,C,2001-02-09
8476331,D,1993-05-01
8482663,L,2003-03-04
8480263,G,1998-09-20
8479580,C,1996-08-26
8482193,G,2002-06-07
8482699,R,2003-04-10
8482077,L,2001-09-23
8477946,C,1996-07-30
8475795,D,1992-04-20
8475153,D,1991-01-03
8470798,D,1984-08-29
8480049,D,1999-01-24
8478106,C,1995-06-01
8478440,C,1997-03-07
8479380,G,1998-01-03
8478062,D,1996-08-17
8484158,R,2005-05-20
8460492,D,1976-06-26
8475663,G,1988-01-05
8475277,G,1990-11-20
8480009,R,1999-04-22
8480185,C,1998-09-02
8480199,G,1999-04-19
8481585,L,2001-01-23
8482475,R,2001-02-01
8479510,R,1996-07-10
8481102,L,2000-06-07
8480948,D,1991-09-17
8481178,D,2000-03-30
8477496,C,1994-12-02
8480012,C,1998-11-12
8483678,D,2004-02-16
8483510,D,2004-08-31
8481725,L,2001-07-05
8478007,G,1994-04-13
8475770,R,1992-06-16
8482126,D,2002-02-23
8480205,C,1999-06-01
8482476,L,2001-11-16
8482929,D,2001-02-02
8477486,L,1994-12-14
8484471,C,2005-06-27
8471263,R,1986-04-22
8477227,R,1988-07-07
8465050,C,1977-12-16
8460720,L,1976-08-17
8466142,D,1979-04-17
8477480,G,1995-07-06
8470611,C,1985-09-07
8475199,D,1991-05-08
8468252,R,1980-03-07
8473468,D,1988-04-14
8470180,L,1983-02-14
8466399,C,1975-11-01
8480762,L,1995-06-14
8474554,L,1987-10-20
8470595,C,1984-10-29
8474025,L,1989-02-10
8474892,L,1990-03-06
8480073,D,1999-09-02
8475982,D,1988-12-11
8478416,D,1997-05-28
8470299,C,1983-12-17
8467396,L,1978-11-06
8473588,R,1986-08-06
8473975,G,1982-03-08
8475790,D,1992-01-07
8476979,D,1992-03-14
8475640,D,1988-12-15
8475287,L,1991-03-23
8473446,D,1988-03-21
8478902,G,1996-10-14
8474578,D,1990-05-31
8481707,G,2000-09-03
8468650,D,1982-07-29
8476902,D,1994-05-23
8478451,D,1997-06-26
8482206,R,2002-08-30
8482807,D,2003-01-15
8460504,L,1975-09-22
8479289,D,1992-11-17
8483573,R,1998-02-05
8480803,D,1999-10-20
8471730,C,1986-12-03
8477091,D,1994-05-22
8475104,D,1988-02-16
8478542,C,1993-07-28
8475169,L,1991-08-02
8471215,C,1986-07-31
8460705,G,1975-07-25
8474149,L,1989-03-12
8469543,R,1983-04-04
8474634,C,1990-02-21
8475744,C,1992-05-19
8478563,D,1982-08-27
8478431,L,1996-10-31
8474552,L,1985-02-06
8482763,R,2003-01-19
8480188,L,1999-08-25
8482768,C,2003-04-05
8469492,D,1983-07-19
8478433,G,1997-01-12
8465170,R,1976-12-27
8478488,C,1997-06-03
8480078,C,1999-09-05
8476887,L,1994-08-13
8479406,G,1998-06-07
8480842,C,2000-06-29
8479425,D,1997-11-02
8480820,D,1999-10-20
8462225,D,1976-12-29
8480821,R,1999-11-27
8484403,L,2004-06-27
8465914,D,1975-10-17
8466212,R,1979-05-30
8470777,L,1984-12-07
8467400,D,1980-06-04
8476302,D,1993-03-26
8483493,C,2004-01-14
8478366,R,1994-03-14
8470144,C,1984-04-24
8467949,D,1973-11-08
8483489,C,2004-07-05
8473712,L,1987-10-29
8475878,C,1992-01-01
8470578,D,1981-01-04
8460556,L,1974-10-08
8479329,D,1997-12-27
8483017,D,2003-08-21
8473647,D,1986-01-23
8477919,C,1993-05-01
8475883,G,1989-10-02
8477512,C,1995-04-26
8476368,D,1992-11-24
8482248,C,1993-08-27
8479518,C,1998-01-12
8470090,G,1973-11-29
8478028,L,1996-05-27
8469464,L,1983-05-06
8484210,R,2005-05-07
8475268,L,1990-09-23
8478506,D,1997-01-02
8475254,C,1990-10-06
8480863,L,2000-02-06
8476455,L,1992-11-23
8480014,C,1999-08-16
8481813,C,1992-01-31
8482201,C,2001-01-16
8479748,C,1995-07-29
8468090,D,1981-08-16
8477903,R,1991-11-23
8476343,G,1993-06-28
8475291,R,1991-09-02
8479516,C,1998-04-13
8471011,D,1980-01-28
8475253,L,1991-03-16
8469528,C,1982-09-17
8450900,L,1966-05-23
8479945,D,1994-05-12
8484149,C,2004-10-05
8476966,C,1994-04-16
8475073,D,1985-07-29
8468095,R,1979-12-29
8462060,R,1976-12-07
8484312,G,1999-12-15
8483567,C,2000-10-10
8479424,C,1998-06-27
8479933,C,1992-12-31
8471680,C,1987-01-01
8480213,G,1996-03-01
8479613,L,1996-08-13
8479379,R,1998-02-27
8462823,C,1974-06-25
8478446,C,1997-03-25
8481578,R,2001-04-24
8469920,R,1979-05-21
8471482,D,1985-04-14
8480306,D,1995-07-25
8471253,D,1985-01-20
8460254,D,1973-01-04
8470203,L,1982-06-10
8475735,C,1992-06-17
8470735,R,1984-03-26
8474587,R,1990-06-05
8474688,D,1990-06-20
8473867,C,1981-08-26
8468636,D,1980-06-05
8470169,C,1983-12-17
8476345,C,1992-11-13
8471457,L,1986-05-21
8479969,C,1994-01-21
8476852,D,1994-01-24
8480844,L,2000-06-24
8478465,D,1997-07-21
8470708,R,1985-04-20
8471670,L,1987-05-24
8468707,L,1981-05-07
8478055,D,1996-06-12
8480184,D,1998-10-20
8474679,R,1989-09-01
8477467,D,1994-12-01
8459628,D,1975-04-06
8476854,D,1994-01-20
8479522,D,1998-07-04
8476849,C,1988-08-06
8474667,G,1989-12-29
8484839,D,2006-05-08
8476158,L,1987-09-01
8478173,R,1996-03-02
8477938,D,1996-07-08
8482169,D,2002-05-10
8482148,C,2002-02-09
8480035,D,1999-06-17
8479404,C,1997-08-06
8480164,L,1994-02-28
8475431,G,1983-11-27
8468685,G,1982-03-02
8476868,C,1994-02-07
8467876,C,1980-09-26
8466182,D,1979-01-10
8468083,C,1980-10-09
8481567,D,2001-03-12
8470605,R,1984-03-28
8481070,L,1998-07-11
8481597,G,2001-06-04
8484150,D,2004-11-29
8481003,D,1998-10-21
8483452,C,2004-04-04
8484125,C,2002-08-18
8480112,G,1995-07-07
8482411,G,1995-11-07
8477445,C,1994-10-13
8481715,D,2001-04-29
8474013,D,1989-02-21
8459094,R,1974-01-19
8477452,D,1995-08-05
8480070,D,1999-01-18
8482178,D,2002-01-04
8470273,D,1984-06-04
8484994,L,2005-11-30
8480943,D,1992-10-13
8478048,G,1995-12-30
8476336,R,1991-08-25
8476243,G,1985-07-01
8475128,D,1984-11-13
8470225,R,1981-04-19
8468524,G,1980-06-22
8469454,L,1983-04-15
8480950,D,1994-04-06
8481624,R,1994-10-10
8478492,G,1997-02-22
8482470,D,2000-07-20
8478009,G,1995-08-04
8471763,C,1987-02-14
8483455,L,2004-03-30
8480019,L,1999-02-15
8482192,D,2001-09-28
8480806,C,1999-11-06
8483448,D,2004-02-15
8482765,R,2003-03-15
8477964,L,1995-12-14
8480276,L,1999-01-04
8484984,R,2005-12-10
8478905,G,1996-11-28
8483930,C,2002-08-20
8483491,L,2004-02-04
8481031,G,1999-03-05
8478500,D,1997-01-13
8473582,D,1988-02-18
8475234,G,1991-07-13
8464957,R,1978-04-01
8478833,C,1997-03-25
8482655,D,2000-06-06
8476806,R,1990-07-02
8477456,L,1995-04-08
8476468,C,1993-03-14
8477076,R,1993-07-10
8482175,R,2002-01-14
8471312,R,1986-02-27
8476958,D,1994-05-01
8482072,D,1997-05-18
8475789,G,1992-01-09
8483433,R,2003-10-01
8480835,C,2000-02-03
8478403,C,1996-10-28
8482090,C,2002-09-02
8474519,D,1986-01-24
8481559,C,2001-05-14
8471677,D,1987-01-13
8479581,G,1998-01-06
8480855,C,2000-01-06
8482097,R,2001-09-19
8480056,D,1999-05-20
8478268,R,1994-02-14
8478458,C,1997-01-29
8471681,R,1987-05-19
8481030,D,1999-07-22
8480021,C,1999-02-18
8482144,D,2002-03-19
8485469,R,2002-03-02
8482809,R,2003-08-03
8482654,C,1997-09-28
8481605,D,2001-01-09
8480879,D,2000-06-30
8480196,D,1997-11-18
8484170,G,2004-11-24
8481848,C,2001-03-09
8475185,C,1991-03-02
8478491,D,1997-04-29
8474593,G,1990-01-31
8482874,R,2003-04-22
8479421,D,1998-08-31
8480954,C,1993-10-12
8482150,R,2002-04-15
8480216,C,1999-07-19
8484901,C,2002-02-02
8476885,D,1994-02-26
8477455,L,1995-05-20
8475768,L,1992-06-25
8472338,D,1983-01-18
8474596,G,1990-08-07
8479402,D,1998-06-09
8476987,D,1994-07-25
8477865,D,1991-03-08
8481161,D,1999-09-12
8478498,L,1996-10-17
8477009,D,1994-03-24
8471352,C,1985-03-04
8478133,C,1996-06-02
8474581,D,1990-07-04
8477404,C,1994-10-06
8479991,C,1999-03-10
8484256,D,1999-04-16
8481422,C,1995-05-09
8476931,D,1993-10-12
8478136,D,1996-01-02
8474162,D,1989-02-21
8482089,L,2002-03-29
8479979,G,1998-12-18
8482105,D,2002-07-08
8477937,R,1996-08-17
8478013,D,1996-02-20
8479345,D,1998-03-31
8478417,C,1996-10-31
8481650,L,1993-07-23
8481592,L,2001-03-07
8475164,R,1990-10-13
8482487,G,2001-05-27
8480231,D,1999-06-15
8480143,D,1991-05-12
8471693,D,1987-02-10
8480880,C,2000-03-28
8478562,D,1987-12-30
8471477,C,1985-04-24
8480819,G,1999-11-10
8474161,R,1989-08-15
8477944,L,1996-02-28
8478415,D,1997-02-21
8478970,D,1996-05-15
8459514,R,1974-10-24
8480468,L,1999-04-27
8482744,L,2003-05-31
8471707,L,1987-09-03
8473503,G,1988-03-15
8473536,C,1988-04-25
8470222,D,1984-02-21
8474674,C,1990-03-24
8474037,L,1989-05-04
8474657,C,1989-11-16
8473994,L,1989-07-18
8475190,L,1991-02-20
8475990,D,1990-02-01
8482142,D,2002-04-08
8473827,D,1985-11-17
8475115,D,1985-02-25
8456588,D,1971-03-30
8459457,R,1975-07-24
8467882,C,1981-01-16
8473571,D,1988-02-25
8473465,L,1988-08-05
8476467,D,1992-12-21
8470704,R,1985-01-23
8470699,D,1978-06-18
8480890,C,2000-09-15
8473569,L,1988-01-20
8480172,D,1990-07-29
8475825,D,1992-03-31
8483497,R,2004-07-30
8468714,C,1982-01-31
8479511,C,1998-05-25
8471359,D,1981-09-22
8471480,L,1982-05-11
8471498,R,1986-03-15
8478424,C,1997-05-23
8471766,R,1986-05-13
8477225,G,1991-11-05
8475174,D,1991-01-25
8483728,C,2002-07-07
8477955,L,1996-05-31
8472248,C,1982-09-18
8474716,D,1989-11-29
8474615,R,1990-08-21
8483756,R,2002-11-22
8479994,C,1999-09-12
8467393,L,1975-08-23
8475679,C,1986-02-10
8462042,R,1977-07-01
8448208,R,1972-02-15
8482877,R,2003-07-20
8470860,G,1985-05-13
8467439,D,1974-02-11
8475797,D,1992-02-20
8468526,C,1982-06-24
8475917,R,1990-06-03
8459429,C,1974-10-11
8467844,L,1973-09-02
8466251,L,1979-05-02
8474218,D,1988-06-09
8477450,C,1995-07-04
8474520,D,1984-11-13
8468881,L,1981-06-30
8476309,G,1992-05-18
8467857,C,1975-10-09
8467391,G,1980-01-18
8484255,R,1999-06-17
8469506,R,1982-11-30
8480027,L,1999-07-22
8458954,D,1973-11-02
8469455,C,1983-06-13
8460555,D,1975-07-17
8466147,R,1979-01-16
8468789,C,1980-08-11
8475722,L,1992-01-16
8481061,C,1998-01-22
8458543,D,1972-12-04
8483530,G,1999-04-27
8474291,C,1985-10-16
8470151,D,1983-09-27
8467436,D,1979-09-02
8469508,C,1983-03-02
8462045,D,1977-09-08
8459454,L,1974-12-27
8470816,L,1985-07-16
8477963,C,1996-01-01
8477034,D,1992-12-10
8480304,L,1997-03-22
8481593,D,2001-09-08
8477126,C,1990-02-01
8470661,L,1985-04-29
8476419,C,1992-11-11
8482147,C,2002-05-13
8468745,D,1982-04-22
8477520,C,1994-02-08
8462044,G,1977-05-16
8470580,R,1978-09-03
8470604,C,1985-01-01
8470074,G,1984-05-15
8468113,D,1979-12-18
8471712,G,1987-05-13
8471301,G,1985-11-19
8467831,C,1976-05-03
8470373,C,1977-09-04
8470004,R,1978-02-01
8474511,D,1987-04-13
8473507,D,1987-12-09
8471240,D,1986-02-25
8475784,L,1992-05-16
8468510,L,1981-02-19
8469480,D,1983-09-01
8473553,G,1987-06-09
8479705,L,1997-01-28
8484976,L,1998-03-17
8459024,R,1973-06-24
8470651,C,1985-01-13
8479602,D,1996-12-04
8471781,G,1986-10-17
8478468,D,1997-04-28
8475214,L,1991-04-16
8450978,C,1970-01-17
8474092,G,1989-04-13
8480280,G,1998-11-24
8476819,C,1988-04-30
8470809,R,1984-01-26
8474220,R,1987-09-04
8468162,C,1979-02-04
8475309,R,1991-02-19
8480003,C,1998-10-30
8479407,L,1998-07-30
8475855,R,1991-12-02
8482834,R,1994-09-21
8482661,G,2002-11-14
8480829,C,2000-07-06
8475203,D,1991-04-19
8465067,R,1978-08-10
8473514,L,1987-10-05
8479344,R,1998-05-07
8481058,R,1999-10-03
8482982,G,2001-03-30
8484779,C,2006-08-21
8473523,G,1988-06-25
8474024,C,1989-01-29
8470289,C,1982-12-09
8468213,D,1980-02-21
8474625,R,1989-11-21
8470657,G,1984-03-26
8481486,D,1995-05-11
8483516,R,2004-06-01
8476918,L,1993-05-26
8470201,R,1984-01-04
8483468,C,2004-04-14
8469475,C,1983-08-12
8480238,G,1999-02-24
8478137,L,1992-06-10
8484314,L,1996-11-05
8473482,L,1988-03-16
8479571,R,1998-07-17
8474754,G,1990-04-09
8474168,C,1989-02-05
8483465,R,2004-04-27
8470152,C,1983-12-05
8475807,C,1992-02-25
8481638,L,1993-01-08
8477046,D,1993-06-17
8462077,C,1977-06-21
8462535,L,1976-02-07
8470086,D,1982-12-20
8474577,C,1990-01-30
8466215,D,1977-06-20
8471701,D,1987-06-29
8478176,D,1996-05-04
8476476,D,1992-12-09
8470794,C,1984-07-11
8473921,D,1984-07-05
8451101,C,1969-07-07
8481441,C,1996-01-01
8466138,C,1979-07-02
8480813,C,2000-01-13
8471856,C,1985-08-20
8476227,R,1988-02-06
8476469,R,1993-05-31
8482446,G,2002-01-10
8476441,D,1993-06-28
8478493,C,1997-01-29
8480797,L,2000-02-25
8477810,D,1991-06-08
8480981,G,2000-07-30
8481516,C,1994-05-25
8481641,L,1996-03-23
8480769,C,1995-08-18
8468548,C,1982-03-02
8482911,D,2002-05-14
8469584,C,1983-04-06
8480940,D,1994-03-04
8474383,R,1987-06-14
8480034,L,1999-03-11
8477326,R,1992-02-05
8468208,R,1980-12-02
8479315,R,1998-06-19
8478916,G,1996-08-19
8475767,C,1991-10-20
8480466,D,1999-07-02
8469732,G,1980-02-07
8470207,L,1983-09-23
8475080,G,1981-07-24
8471309,R,1979-12-23
8474085,L,1986-05-15
8460704,G,1973-05-05
8475728,L,1992-07-25
8474662,D,1989-10-10
8476445,C,1992-09-21
8481556,C,2001-04-05
8474590,D,1990-01-10
8474202,G,1984-02-27
8467365,D,1980-06-26
8481558,C,2001-02-14
8476434,G,1993-07-14
8477337,D,1993-05-17
8477401,C,1995-02-14
8475906,D,1992-08-14
8481077,L,1998-08-07
8481206,D,2000-08-02
8466371,C,1973-05-04
8478507,D,1997-05-21
8473562,C,1986-08-09
8475756,L,1992-04-02
8470750,C,1985-01-22
8475186,D,1990-11-19
8474076,D,1989-03-25
8476367,L,1992-05-18
8477961,C,1996-04-16
8473722,L,1982-09-26
8475166,C,1990-09-20
8470113,R,1982-11-21
8468639,D,1980-11-25
8480192,D,1997-07-12
8470187,D,1984-01-19
8476346,L,1993-08-13
8469665,D,1981-10-01
8468584,R,1981-03-30
8476903,G,1994-01-22
8474177,L,1987-05-25
8481489,D,1994-11-10
8473444,C,1986-10-13
8475750,D,1992-02-03
8465024,L,1977-09-29
8479981,L,1998-10-12
8467906,R,1981-02-24
8476463,D,1993-07-12
8467531,D,1980-08-28
8475361,G,1984-10-24
8473972,G,1982-02-12
8477992,G,1995-09-19
8473510,D,1987-11-15
8480007,R,1999-03-31
8478399,D,1997-05-06
8481013,R,2000-07-16
8481219,D,1999-05-16
8473541,G,1988-08-07
8467357,R,1980-07-15
8479373,C,1997-12-20
8480247,R,1997-03-12
8477494,L,1995-03-28
8470318,D,1984-03-02
8480836,C,2000-05-04
8476456,L,1993-06-04
8483476,R,2004-07-24
8476539,R,1990-12-27
8471734,G,1986-01-21
8476411,D,1993-05-28
8473616,R,1986-08-01
8473604,C,1988-04-29
8474164,D,1989-01-30
8475299,G,1991-04-16
8470137,D,1983-09-19
8477380,C,1993-06-19
8479533,L,1998-02-25
8481649,L,1997-09-26
8475820,R,1992-04-13
8478564,C,1988-04-07
8476914,G,1994-04-28
8475198,C,1991-01-03
8475893,C,1990-03-24
8476412,G,1993-07-11
8475150,R,1990-11-02
8474586,R,1990-05-15
8478413,L,1997-02-16
8480913,D,1995-05-09
8480887,D,2000-07-07
8472370,D,1984-02-23
8479385,R,1998-05-05
8471778,L,1986-05-11
8467917,D,1980-08-03
8476921,L,1992-07-25
8475325,C,1989-06-23
8477851,D,1992-06-25
8476877,D,1993-10-08
8475147,L,1990-09-29
8481606,D,2001-02-24
8473533,C,1988-09-10
8475224,R,1991-05-14
8475738,C,1992-04-15
8474818,D,1987-07-26
8469547,R,1983-02-02
8474627,C,1987-12-23
8483435,D,2004-04-05
8460535,G,1976-09-13
8480373,G,1998-01-31
8466203,D,1979-01-20
8477010,C,1994-07-18
8476390,C,1992-10-26
8479970,C,1993-12-01
8476425,C,1993-04-16
8470564,R,1980-03-14
8479361,G,1998-07-12
8476981,R,1994-05-07
8476326,R,1992-10-06
8474573,R,1989-10-02
8477680,R,1992-10-29
8482659,R,2002-02-01
8482623,C,1998-12-08
8470324,D,1984-08-14
8469844,L,1982-09-09
8464984,C,1977-11-16
8470216,G,1984-06-18
8470636,C,1985-02-07
8477972,D,1996-02-15
8477591,R,1990-07-14
8476410,L,1993-05-26
8476312,D,1991-10-07
8477504,D,1995-03-28
8480064,C,1999-05-05
8484509,C,2002-03-22
8481425,D,1995-02-18
8477384,D,1994-01-21
8477959,R,1996-01-22
8479372,D,1998-05-05
8482749,R,2003-08-06
8481004,L,1998-12-31
8484929,L,1998-02-09
8477996,C,1996-01-29
8476915,L,1994-08-13
8475815,D,1991-12-06
8475567,D,1986-12-05
8479328,R,1997-10-15
8477945,D,1995-12-03
8483515,L,2004-03-30
8469638,L,1983-04-01
8475680,G,1987-05-22
8471716,L,1987-02-25
8477428,R,1994-05-14
8477473,R,1995-07-01
8482111,D,2001-11-15
8474027,D,1987-02-10
8479638,R,1998-02-02
8479941,R,1993-03-15
8475413,C,1990-10-01
8473992,D,1988-10-11
8475753,D,1992-03-20
8475845,L,1990-05-18
8476235,R,1987-11-06
8474793,C,1988-06-27
8475718,D,1992-01-30
8484829,C,2001-02-23
8476086,R,1981-05-05
8477993,C,1996-08-02
8480082,C,1993-11-30
8471829,C,1987-06-25
8471251,G,1986-08-30
8471302,G,1986-04-22
8482179,C,1998-03-17
8482785,C,2003-03-13
8474602,D,1990-07-06
8475826,R,1991-12-24
8482088,C,2002-03-24
8468508,R,1981-10-04
8481020,G,2000-03-11
8477424,G,1995-04-19
8481704,C,2001-02-01
8480945,D,1993-11-09
8479976,D,1998-10-06
8476279,D,1991-08-20
8480817,D,2000-01-21
8478039,G,1996-08-16
8481554,R,2001-02-13
8481527,D,2001-01-29
8476147,L,1987-12-09
8485251,C,2003-06-24
8482087,D,2002-01-18
8479977,R,1998-09-29
8479348,D,1998-06-05
8479290,C,1993-04-14
8470631,C,1984-11-18
8478872,G,1996-05-25
8470140,G,1983-11-16
8473991,D,1988-09-24
8476798,D,1987-11-21
8467519,D,1974-07-09
8471403,G,1986-07-01
8485483,L,2002-09-17
8480901,C,1995-09-26
8479288,G,1993-10-02
8473484,L,1988-05-18
8479512,R,1997-07-10
8477953,R,1996-07-23
8474184,D,1988-11-05
8479387,D,1998-02-10
8478434,R,1997-04-08
8476397,D,1993-03-29
8469779,C,1978-11-06
8474048,D,1989-06-11
8470054,D,1982-11-26
8476234,G,1989-07-04
8458229,L,1972-03-28
8471735,D,1986-09-09
8456850,D,1971-04-24
8471694,L,1987-01-04
8478965,G,1995-04-10
8475844,L,1992-04-30
8483675,C,2003-03-10
8467478,D,1979-05-04
8482660,C,2002-10-18
8475720,G,1992-03-26
8477510,L,1994-10-07
8476191,D,1987-11-15
8480860,D,2000-06-27
8469598,D,1981-06-16
8479294,G,1992-05-30
8475246,D,1990-02-23
8477814,D,1991-01-09
8477942,L,1996-07-22
8475857,D,1992-03-06
8475763,R,1992-05-08
8471912,L,1986-12-03
8470630,D,1984-12-13
8483466,D,2004-06-21
8478099,R,1995-12-12
8480947,G,1995-04-28
8480867,G,2000-08-22
8474163,D,1989-03-10
8471331,C,1986-03-12
8474690,G,1990-04-12
8473433,D,1988-03-29
8479291,C,1993-05-21
8476971,L,1993-05-20
8474031,D,1989-01-29
8478831,C,1996-09-20
8459463,G,1975-04-04
8473908,R,1984-02-07
8480748,L,1995-03-31
8479356,L,1998-06-10
8460770,D,1976-03-16
8459670,D,1975-03-18
8481523,C,2001-01-21
8478864,L,1997-04-26
8483467,D,2004-02-05
8480893,R,2000-07-21
8482815,C,1994-10-27
8459001,L,1972-12-22
8476403,D,1991-07-06
8480011,C,1999-05-05
8479986,R,1998-10-16
8478949,R,1997-01-22
8484797,C,2006-05-11
8473560,D,1988-02-16
8471237,L,1986-03-13
8446485,C,1971-05-24
8471846,D,1987-02-23
8471724,D,1987-04-24
8470232,C,1982-02-19
8471729,D,1987-05-02
8471346,R,1986-05-13
8466181,L,1978-11-10
8480443,C,1998-06-11
8480005,L,1999-06-01
8479729,D,1997-12-11
8475219,L,1990-12-12
8467428,R,1980-03-26
8468499,C,1981-07-27
8468568,D,1981-01-16
8468520,D,1981-11-24
8476545,R,1993-04-20
8477073,L,1994-03-25
8472008,R,1980-11-02
8470803,C,1984-05-25
8477335,D,1995-07-12
8466260,L,1979-01-05
8478476,D,1997-08-13
8471231,C,1986-02-19
8475160,L,1991-01-13
8478398,L,1996-12-09
8479304,C,1992-05-05
8471879,D,1986-12-02
8473904,L,1983-11-15
8481237,C,1999-04-29
8473449,R,1988-04-16
8475151,C,1991-02-01
8470724,D,1985-08-12
8476415,C,1992-10-24
8474068,C,1989-08-14
8469581,C,1983-05-16
8471483,C,1984-12-15
8471222,D,1986-02-01
8474642,L,1990-03-25
8475157,C,1991-08-08
8482172,L,2002-06-25
8459441,R,1975-03-13
8483457,D,2004-02-14
8475283,L,1989-08-25
8478967,C,1997-08-04
8474189,C,1989-05-08
8470743,D,1981-09-18
8481575,D,2000-09-24
8476316,G,1993-03-23
8477460,C,1995-03-27
8471232,L,1986-07-28
8468184,D,1979-05-07
8480935,D,1995-12-30
8478474,L,1997-06-23
8481640,C,1998-10-04
8470740,R,1983-02-04
8473931,D,1985-08-13
8482447,G,2002-08-13
8473414,G,1988-04-11
8471402,L,1984-04-13
8484177,R,2004-11-07
8484153,C,2004-12-26
8473463,R,1987-01-23
8477934,C,1995-10-27
8480853,C,2000-02-04
8477070,C,1994-07-29
8483499,L,2004-01-28
8471324,L,1986-01-27
8483425,D,2004-05-18
8480072,C,1998-10-13
8479333,D,1998-02-04
8480161,D,1994-03-04
8475223,R,1991-07-17
8479534,D,1998-09-04
8481024,C,1999-11-16
8475677,L,1986-02-19
8474059,L,1987-02-05
8482243,R,1996-05-19
8476999,G,1993-07-31
8479366,C,1998-03-05
8483431,C,2004-05-04
8474053,C,1989-03-28
8482733,D,2003-04-15
8483012,C,2002-07-09
8481186,R,1996-08-14
8476400,R,1992-10-05
8482702,C,2003-02-26
8479378,D,1998-05-26
8480313,G,1997-02-25
8470626,L,1985-07-17
8478011,D,1996-05-14
8481806,D,2001-05-04
8475839,G,1992-03-06
8475183,C,1991-01-26
8468598,D,1976-08-11
8484152,D,2004-12-21
8473997,L,1988-10-01
8483432,C,2003-11-10
8484214,C,2005-04-05
8474579,D,1990-01-30
8479523,D,1997-07-05
8483549,L,1997-06-19
8479321,D,1997-11-16
8476451,L,1993-01-23
8482078,L,2002-03-28
8478027,C,1995-09-05
8482141,D,2002-03-27
8480843,G,2000-06-22
8471235,L,1985-09-23
8469477,D,1983-03-11
8480780,C,1990-08-05
8482117,L,2002-05-17
8481751,R,1999-04-20
8476310,C,1993-02-25
8478838,C,1996-01-25
8482146,R,2002-02-21
8473989,L,1989-07-25
8476822,C,1989-04-28
8482684,D,2003-09-09
8477366,C,1994-09-19
8479316,C,1997-12-04
8478224,C,1995-11-06
8450824,D,1969-03-26
8474568,D,1989-11-02
8474722,D,1990-04-14
8480439,D,1998-09-26
8475085,C,1985-10-01
8480025,R,1999-07-14
8477346,D,1994-01-07
8478406,G,1996-12-09
8476907,L,1994-03-09
8482713,R,2002-11-15
8484801,C,2006-06-13
8477474,D,1995-04-22
8481544,G,2000-12-13
8480992,G,2000-08-28
8476433,G,1991-04-04
8475175,L,1991-04-12
8474195,L,1989-03-26
8480201,R,1999-02-10
8483763,D,2002-08-25
8476876,G,1993-12-21
8458988,G,1974-08-27
8459308,G,1973-02-04
8467334,C,1980-05-18
8482177,C,2002-07-17
8481743,D,1999-10-11
8462055,G,1977-08-01
8483553,C,1999-07-22
8483401,R,1996-06-19
8483397,C,1999-07-26
8470760,D,1985-06-21
8482063,L,1995-07-31
8471686,D,1987-01-13
8469765,D,1980-10-13
8474631,D,1989-09-17
8471718,C,1987-03-23
8470594,G,1984-11-28
8471752,D,1987-03-11
8470615,C,1985-05-22
8471709,D,1987-03-30
8469473,C,1983-08-24
8475950,C,1988-07-10
8483464,C,2004-04-08
8482079,C,2001-09-23
8474618,D,1990-02-23
8464979,L,1978-09-08
8483620,D,1997-11-24
8475220,L,1991-08-10
8477405,G,1994-11-25
8475149,L,1990-10-06
8475323,C,1990-05-27
8477969,D,1996-05-08
8475834,L,1992-04-07
8475949,L,1991-08-28
8476986,G,1994-07-22
8459493,D,1975-06-24
8476992,G,1991-07-18
8471230,G,1986-04-01
8469670,R,1982-06-17
8469623,D,1977-02-03
8468483,R,1982-02-14
8466148,R,1979-01-12
8480226,R,1998-10-28
8471863,C,1987-03-06
8479983,D,1998-09-17
8474131,R,1988-09-19
8475729,D,1991-10-18
8476062,R,1988-08-12
8474717,D,1990-03-23
8467335,C,1980-08-05
8474697,D,1989-07-12
8470005,C,1978-10-28
8474837,D,1990-04-23
8473532,G,1986-05-10
8467580,D,1977-05-06
8471816,D,1987-05-15
8471241,D,1986-06-01
8470780,D,1984-09-29
8471748,D,1986-09-29
8478017,D,1995-12-25
8470966,D,1983-10-03
8476873,L,1994-09-13
8480355,C,1999-03-11
8473914,C,1985-02-04
8471419,R,1985-07-11
8476471,C,1993-02-22
8474705,C,1988-01-01
8465026,R,1977-02-02
8469488,D,1982-10-11
8475796,D,1992-01-11
8450725,R,1968-02-01
8476460,C,1993-03-15
8475913,R,1992-05-13
8468309,D,1977-12-11
8470614,D,1984-04-27
8474939,C,1984-01-17
8475771,G,1992-08-07
8477448,L,1994-11-30
8476440,C,1993-04-16
8478541,L,1993-03-26
8458530,L,1973-07-30
8479338,D,1998-06-08
8478906,D,1994-06-06
8483546,D,1998-03-16
8481569,D,2001-04-20
8462047,G,1977-08-15
8455710,G,1972-05-06
8468064,R,1981-08-29
8480796,D,1999-10-06
8476924,R,1993-10-05
8469675,G,1974-09-03
8471691,C,1987-02-20
8467899,R,1981-04-19
8474889,G,1990-01-10
8480822,R,1999-10-02
8475716,D,1992-02-18
8480039,C,1999-01-15
8481028,C,1999-11-19
8467343,D,1979-10-28
8470366,C,1983-08-11
8466378,R,1975-06-18
8471277,R,1986-02-26
8464967,C,1977-02-26
8460612,G,1975-08-13
8478891,C,1996-01-15
8477419,L,1995-04-19
8482511,D,2001-01-17
8482745,C,2003-01-30
8481462,L,1996-02-01
8471664,L,1985-09-17
8479972,C,1998-11-03
8475162,D,1990-10-17
8478445,C,1997-05-26
8476856,D,1994-07-25
8482240,L,1994-07-29
8473438,D,1987-09-30
8460540,R,1976-02-03
8468463,L,1976-11-26
8464999,G,1978-01-09
8478472,R,1997-02-09
8479671,R,1997-02-11
8473618,C,1988-01-05
8470804,D,1983-08-10
8451224,D,1969-06-12
8481711,L,2000-10-14
8480162,G,1996-08-26
8481712,R,2000-05-31
8451774,C,1971-02-13
8475692,R,1987-09-01
8473944,R,1982-10-31
8474749,D,1988-06-04
8473492,L,1988-06-07
8476988,D,1994-05-25
8481557,L,2001-04-05
8465059,R,1978-06-13
8474685,L,1989-12-24
8476208,D,1988-02-14
8477836,L,1992-02-28
8467931,D,1980-11-03
8470640,D,1984-09-25
8474488,G,1983-02-11
8465951,L,1978-09-07
8482679,R,2002-11-14
8464989,C,1976-11-02
8471851,R,1986-10-23
8474659,D,1990-05-09
8475168,C,1991-01-16
8470018,L,1981-08-31
8474192,R,1988-01-03
8475118,D,1984-07-20
8470121,D,1983-05-13
8476891,D,1994-01-05
8475252,G,1990-03-07
8474094,R,1988-06-01
8468611,C,1981-06-17
8471436,D,1985-05-21
8475625,D,1987-11-29
8471719,L,1986-10-28
8482641,D,1998-04-14
8471696,D,1986-09-29
8479644,R,1997-05-05
8474709,L,1989-05-08
8476899,G,1994-05-25
8483575,G,1998-02-02
8476442,L,1992-11-05
8471702,D,1986-12-06
8471700,R,1987-09-04
8468523,L,1980-10-22
8476477,L,1993-01-24
8476177,R,1986-06-14
8482460,C,2002-06-29
8483512,C,2004-01-01
8470634,D,1984-10-14
8470162,C,1983-12-19
8481737,C,2000-10-07
8475060,D,1986-10-20
8476807,D,1990-04-23
8477035,G,1994-06-19
8480191,G,1999-06-03
8467408,D,1980-04-07
8471821,R,1986-11-22
8470820,G,1983-07-14
8473580,D,1988-03-17
8478146,C,1996-02-27
8482516,D,2000-06-23
8482720,L,2002-10-17
8475395,D,1991-09-03
8468695,C,1982-03-18
8476285,C,1993-04-27
8479547,R,1998-04-06
8483505,C,2004-03-10
8481525,D,2001-03-09
8485366,D,2007-09-05
8479314,L,1997-12-11
8484241,R,2005-02-06
8475218,D,1990-05-24
8477406,C,1992-12-08
8481555,D,2000-04-12
8471668,C,1987-03-14
8480807,D,2000-03-14
8474582,R,1990-02-21
8482665,C,2002-11-05
8484860,R,2006-03-01
8484387,R,2004-12-09
8483472,D,2004-01-13
8482145,C,2002-01-08
8481719,D,2000-04-19
8477503,C,1995-03-02
8476384,R,1992-11-20
8479368,L,1998-02-17
8479320,D,1997-11-05
8476323,L,1992-05-01
8474157,L,1988-11-20
8475733,C,1992-02-04
8484136,C,2000-09-05
8474607,C,1990-01-30
8485702,R,2000-10-07
8470171,C,1984-02-11
8480314,R,1995-12-12
8478051,C,1995-02-13
8481679,D,2001-04-28
8466202,R,1979-09-04
8482168,D,2001-12-14
8470654,C,1985-03-29
8477983,C,1996-02-20
8479553,C,1995-01-13
8474222,D,1987-05-24
8484958,R,1998-09-19
8480031,L,1999-01-08
8469798,D,1983-07-28
8476509,G,1993-01-12
8474139,C,1989-01-04
8477922,C,1990-07-18
8478020,R,1996-05-13
8475739,L,1992-05-31
8478047,L,1995-09-17
8480828,D,1999-09-23
8469500,L,1982-06-08
8479619,L,1996-05-19
8473416,D,1988-07-05
8475808,C,1992-04-09
8477936,L,1996-06-20
8474584,D,1990-06-24
8480022,G,1999-06-09
8479591,C,1996-09-09
8473564,R,1988-02-17
8473546,L,1987-10-05
8475920,G,1992-09-13
8474636,G,1990-03-02
8480081,D,1994-09-19
8477923,L,1990-01-04
8480891,D,2000-01-13
8474497,D,1985-11-28
8468038,G,1981-05-19
8477446,C,1995-07-04
8479415,C,1998-02-03
8478933,G,1997-07-09
8476352,L,1992-10-02
8482829,L,2002-09-21
8485402,C,2007-02-16
8458573,C,1972-10-03
8476394,D,1993-04-06
8458976,C,1974-03-26
8479543,L,1998-03-13
8477290,L,1988-12-01
8479992,C,1999-04-17
8467905,C,1980-05-16
8467545,R,1980-03-31
8471714,D,1987-08-07
8475958,C,1992-07-25
8474628,D,1990-06-07
8477816,L,1992-08-18
8467937,C,1981-01-17
8462129,C,1977-03-11
8474661,D,1990-07-17
8479482,D,1990-09-08
8473607,G,1988-03-23
8465058,D,1978-09-03
8475907,L,1992-04-20
8474230,L,1986-03-30
8468604,R,1982-03-05
8462147,G,1976-10-26
8476447,R,1993-03-09
8475381,C,1981-07-13
8476459,C,1993-04-18
8474150,C,1989-03-17
8475798,C,1992-02-26
8482451,L,2001-12-17
8467463,R,1976-12-23
8468550,G,1979-09-19
8471916,L,1985-06-27
8482107,D,2002-01-05
8471663,R,1986-12-15
8470800,G,1983-03-30
8471371,R,1985-06-24
8467915,D,1979-11-07
8467964,C,1980-09-11
8477237,G,1990-04-27
8476225,L,1989-07-03
8471941,R,1987-07-08
8467370,C,1980-06-05
8471242,D,1985-10-12
8459640,R,1975-01-05
8476765,L,1991-05-15
8482635,L,1999-02-05
8474884,C,1989-11-24
8471641,C,1982-11-09
8458590,R,1972-07-04
8469460,D,1982-01-19
8475436,L,1989-02-16
8471314,D,1984-09-24
8476875,D,1994-02-27
8470093,G,1983-04-11
8449645,C,1970-06-07
8474531,D,1984-12-12
8466309,D,1978-03-19
8474729,G,1989-01-15
8476422,D,1993-07-13
8467371,C,1980-02-10
8470617,C,1985-02-11
8467336,L,1980-01-13
8471390,C,1985-12-14
8451359,C,1971-06-29
8476209,R,1988-01-20
8469608,G,1982-03-22
8467350,D,1979-05-14
8480087,R,1993-02-25
8471413,D,1986-05-26
8466266,L,1978-01-03
8479998,D,1999-05-25
8471362,C,1984-01-31
8476888,C,1994-05-16
8479573,L,1998-03-12
8479410,D,1998-06-25
8478844,C,1997-01-05
8474571,L,1989-12-16
8469459,C,1983-03-12
8475156,G,1988-07-18
8471747,R,1987-04-01
8482247,D,1994-01-16
8478420,R,1996-10-29
8484933,D,2001-07-01
8460577,R,1976-02-14
8469684,D,1983-06-07
8474128,C,1989-05-19
8473473,L,1988-06-07
8470599,L,1984-12-07
8477425,L,1995-09-13
8483597,L,1999-07-06
8477509,D,1995-03-21
8480036,D,1999-07-18
8459534,R,1974-10-22
8475296,R,1991-08-17
8478483,R,1997-05-05
8480761,D,1996-02-04
8482070,R,1998-01-26
8468884,L,1980-11-24
8478477,C,1997-02-05
8480289,C,1998-12-02
8475782,D,1992-04-30
8480028,C,1999-05-14
8479987,C,1998-07-20
8477449,L,1995-03-02
8476853,D,1994-03-09
8481542,D,2001-04-06
8476855,R,1993-10-06
8484160,C,2004-09-27
8470317,D,1982-12-10
8475613,D,1986-05-07
8474225,R,1984-05-17
8477220,D,1991-07-16
8470775,C,1984-10-05
8476470,D,1992-12-05
8479594,D,1998-05-08
8471804,C,1987-07-24
8474855,G,1983-09-29
8481594,R,2001-01-11
8476319,G,1991-08-08
8477492,C,1995-09-01
8470843,D,1985-01-06
8470136,D,1982-12-17
8469509,D,1983-03-30
8480979,C,1998-10-19
8468503,C,1982-02-09
8477573,L,1994-02-07
8475172,C,1990-10-06
8480145,D,1995-07-29
8478031,D,1996-05-27
8475343,C,1990-05-27
8477464,C,1995-03-22
8477491,R,1995-08-04
8481582,L,2001-09-11
8476406,C,1992-09-26
8481720,C,1999-06-04
8475760,C,1992-07-17
8483565,D,1998-05-12
8474009,C,1988-04-20
8466145,D,1979-01-14
8479381,R,1998-09-07
8482824,D,2000-05-29
8476393,C,1993-07-20
8480084,D,1994-11-21
8471832,C,1987-01-14
8473422,L,1987-10-31
8474207,D,1987-05-15
8475324,D,1990-09-21
8471280,R,1985-12-24
8479250,R,1992-11-01
8484185,L,2005-07-08
8475181,D,1991-03-20
8478447,R,1997-05-23
8473999,R,1989-07-12
8477426,L,1995-03-20
8480246,D,1998-06-15
8474032,D,1989-07-11
8477941,L,1995-12-05
8477951,C,1996-02-23
8468513,D,1982-08-25
8476372,D,1993-06-03
8477466,R,1994-10-23
8474096,C,1988-09-19
8480018,C,1999-08-10
8480275,R,1997-09-09
8473563,C,1987-11-23
8471269,D,1985-01-22
8476482,R,1993-03-06
8457063,D,1970-04-28
8471697,R,1987-03-07
8467956,D,1973-04-12
8468577,D,1975-02-20
8482076,G,2000-12-22
8480002,C,1999-01-04
8481477,C,1995-05-03
8477979,R,1996-05-10
8480814,D,1999-10-07
8471853,L,1987-05-31
8474598,C,1990-01-06
8475235,L,1991-02-22
8479980,D,1998-12-05
8476866,L,1994-01-11
8478467,D,1997-07-18
8478462,C,1997-02-05
8470741,L,1985-02-09
8467353,C,1980-02-18
8481543,C,2000-09-16
8482787,R,2003-02-16
8474566,L,1990-05-25
8483733,R,2003-05-02
8477038,L,1992-07-08
8476453,R,1993-06-17
8481754,C,2001-09-10
8476300,D,1993-03-28
8471348,D,1986-06-16
8481537,D,2000-12-04
8485105,C,2004-02-20
8477957,R,1995-12-30
8478373,R,1993-10-14
8484268,G,2000-04-06
8477997,D,1994-08-30
8477507,D,1995-04-16
8479458,D,1991-10-29
8483668,G,2004-03-14
8473404,G,1978-02-13
8467943,L,1979-12-05
8471769,D,1987-06-06
8468509,D,1981-01-12
8476844,G,1989-09-04
8478859,D,1996-04-27
8459140,G,1973-01-13
8481812,D,1998-03-20
8481042,R,1999-10-17
8476947,L,1993-09-17
8477940,L,1996-02-14
8484321,D,1998-10-05
8477958,R,1995-10-07
8473579,L,1986-07-14
8470597,R,1984-11-05
8482496,C,2000-02-07
8481535,L,2000-12-20
8480878,D,2000-07-27
8475799,R,1992-09-08
8480220,L,1999-02-05
8480865,D,2000-01-07
8479393,L,1998-07-28
8478396,D,1997-01-25
8478454,D,1997-04-02
8483690,C,2003-08-04
8483500,C,2004-03-11
8481491,C,1998-08-31
8469505,D,1982-08-26
8478569,C,1991-12-01
8482700,D,2003-04-28
8460500,D,1976-03-23
8481518,L,2000-11-29
8479974,C,1998-09-19
8467910,D,1981-04-01
8470170,D,1984-03-29
8482803,D,2003-09-10
8448535,G,1970-04-06
8477416,R,1995-04-10
8475171,D,1991-07-17
8482775,C,2003-07-29
8478430,D,1997-05-19
8475342,D,1989-03-24
8484197,C,2005-01-22
8480789,R,2000-06-13
8471508,D,1986-05-01
8480885,G,2000-07-06
8481629,D,1996-05-01
8480042,G,1999-06-22
8466140,C,1978-12-05
8479355,D,1998-05-05
8476874,D,1994-08-22
8478131,R,1995-11-08
8476292,L,1991-03-28
8484259,C,2000-08-29
8471715,G,1987-08-31
8476861,G,1994-02-28
8480147,D,1991-10-07
8484168,C,2005-02-18
8476472,D,1993-07-20
8475715,L,1991-10-29
8474114,R,1989-01-22
8478067,L,1996-08-15
8482712,R,2002-11-10
8473496,L,1987-12-26
8476897,C,1994-03-23
8471756,D,1987-01-21
8467369,D,1980-08-18
8479526,L,1998-09-01
8481105,D,1997-02-06
8484230,C,2005-05-29
8483424,C,2004-02-03
8449895,R,1972-02-12
8483503,D,2004-01-27
8482671,D,2002-11-22
8483538,C,1997-09-23
8480015,R,1999-02-16
8482103,C,2002-03-09
8462209,L,1975-02-26
8474056,D,1989-05-13
8469707,R,1983-03-24
8480944,C,1991-10-05
8484135,C,2000-07-20
8480448,C,1999-05-14
8478450,D,1997-08-24
8466393,R,1979-04-07
8469461,G,1982-11-07
8469752,L,1983-06-16
8471887,R,1987-01-01
8470638,C,1985-07-24
8445739,D,1971-01-27
8474616,C,1990-06-14
8471326,L,1986-03-23
8477887,C,1992-05-29
8476219,C,1986-08-09
8471764,R,1986-12-28
8470302,R,1983-06-22
8470622,R,1984-05-01
8480825,R,2000-01-03
8471388,R,1986-06-08
8474141,R,1988-11-19
8459579,G,1974-07-07
8466139,C,1979-09-15
8474034,L,1988-04-23
8470649,C,1985-02-01
8470321,L,1978-10-26
8479466,R,1993-01-04
8469544,L,1981-12-27
8476890,D,1994-05-15
8475275,D,1991-03-21
8474605,D,1990-09-12
8473534,C,1988-06-02
8460542,C,1976-04-13
8484326,D,1996-12-08
8479339,L,1998-04-19
8475747,D,1992-02-08
8470713,L,1985-03-11
8474038,L,1989-04-27
8474008,C,1988-09-24
8481032,L,1999-11-16
8468700,C,1982-02-03
8459426,L,1974-10-16
8476983,D,1992-09-06
8466144,D,1979-09-07
8468542,D,1981-03-05
8474074,D,1989-02-22
8470085,D,1984-09-12
8471669,C,1985-12-27
8473898,C,1985-11-30
8476200,R,1988-11-30
8477402,L,1995-04-17
8481604,R,2000-10-26
8465210,D,1977-04-15
8483490,D,2003-11-25
8478401,C,1997-04-06
8459648,R,1974-11-29
8483630,L,1999-12-07
8471469,G,1982-11-03
8473407,L,1978-09-14
8471738,C,1987-08-26
8469514,G,1982-09-18
8477417,L,1995-08-02
8458520,C,1973-07-20
8472394,D,1983-06-08
8475180,C,1991-01-14
8473505,C,1988-02-03
8474771,G,1984-02-17
8473526,C,1988-04-14
8471290,L,1985-10-11
8471299,C,1986-04-16
8462093,L,1977-07-12
8471713,R,1987-06-29
8475852,G,1992-02-14
8470072,R,1982-09-14
8460465,R,1976-11-19
8470635,L,1985-03-29
8475774,D,1992-08-27
8476989,D,1993-09-23
8471229,C,1986-01-16
8481522,C,2001-01-26
8477831,G,1992-01-18
8473548,R,1987-10-02
8471746,D,1987-01-26
8475321,C,1990-12-04
8481598,D,2001-06-25
8480163,D,1991-12-08
8480274,D,1999-02-12
8474707,D,1989-12-07
8474592,C,1990-03-15
8475194,D,1991-07-26
8481577,R,2001-07-28
8475831,G,1991-11-25
8480798,C,1999-10-12
8458527,D,1973-03-24
8474691,L,1990-03-28
8470697,C,1985-04-24
8477544,C,1992-11-07
8479026,D,1997-01-25
8476479,C,1993-02-24
8476858,L,1993-10-09
8478115,L,1996-05-31
8474201,L,1986-12-06
8477930,L,1985-03-06
8479400,C,1998-06-24
8471428,R,1985-06-04
8470153,C,1984-04-27
8480058,D,1999-07-01
8483920,R,2001-01-07
8480459,C,1996-05-24
8476857,L,1993-09-23
8480995,R,1999-03-09
8481611,G,1999-06-25
8480800,D,1999-10-14
8485511,R,2002-01-01
8466232,L,1979-06-08
8482124,R,2002-08-19
8475769,C,1992-01-21
8469469,C,1982-05-03
8460105,C,1976-01-09
8462041,R,1977-03-09
8476889,C,1994-01-09
8468101,D,1976-08-31
8471736,L,1986-12-03
8480160,D,1992-09-20
8468085,R,1981-06-13
8482241,L,1996-04-29
8475462,D,1990-06-05
8481093,L,1999-01-06
8468485,L,1981-10-08
8469120,L,1979-01-03
8477127,D,1992-08-24
8470905,D,1981-07-23
8476244,D,1986-01-09
8481534,C,2000-09-25
8478397,D,1996-10-27
8479335,C,1997-12-03
8480839,D,2000-04-13
8480845,C,2000-03-15
8475294,D,1991-07-13
8477499,D,1994-10-27
8480873,D,2000-03-07
8469548,G,1982-09-28
8471786,D,1986-09-18
8458537,L,1972-05-08
8471265,R,1985-02-19
8481147,C,1998-07-10
8476423,C,1993-09-08
8483513,L,2003-09-21
8475191,R,1991-04-01
8480054,D,1999-04-21
8479514,C,1997-04-02
8477461,L,1995-04-16
8471504,R,1981-12-10
8473499,G,1987-01-03
8479587,C,1996-02-28
8473456,R,1988-03-06
8471733,L,1987-04-25
8471514,C,1982-07-08
8473614,G,1987-07-25
8475209,R,1991-02-07
8460541,R,1976-05-27
8469564,D,1982-08-20
8460735,R,1976-01-06
8468481,G,1981-09-19
8470041,L,1984-06-16
8471628,C,1984-05-16
8476483,R,1993-05-05
8467491,C,1980-04-09
8482092,C,2002-08-08
8473474,G,1988-03-01
8471516,C,1984-11-08
8477003,R,1994-02-07
8468786,L,1982-03-16
8480988,C,2000-03-20
8482213,C,2002-01-25
8474062,C,1989-05-09
8475772,C,1991-12-07
8479388,D,1998-03-09
8479362,L,1998-04-10
8477642,D,1995-05-11
8445550,D,1969-12-10
8467422,D,1980-05-01
8473970,L,1986-08-12
8459427,C,1974-12-28
8476303,D,1993-07-06
8471238,C,1986-07-01
8467452,D,1978-12-30
8467972,G,1981-09-07
8471399,L,1985-06-02
8476418,D,1993-02-15
8477952,C,1996-01-22
8474145,D,1989-03-18
8477462,D,1995-02-08
8456966,C,1970-12-19
8470608,C,1985-01-10
8480023,C,1999-07-02
8466141,G,1979-04-04
8475215,G,1991-07-24
8480071,D,1998-10-13
8482162,L,2002-08-08
8467344,D,1980-04-19
8476428,R,1993-02-08
8445735,C,1970-08-09
8472355,C,1984-09-01
8479022,C,1996-01-05
8477981,D,1996-01-20
8476834,C,1985-12-10
8458938,D,1974-04-12
8474600,D,1990-06-01
8479648,L,1992-01-06
8471392,D,1986-04-28
8471368,R,1985-12-30
8477914,G,1992-05-22
8468493,D,1981-03-24
8477589,L,1991-02-28
8481521,D,1999-03-20
8478449,C,1996-11-17
8482209,C,2002-04-12
8479525,C,1996-09-11
8477527,L,1994-02-18
8468484,D,1982-03-21
8471220,L,1985-10-10
8478078,C,1996-04-03
8478870,L,1997-04-08
8481016,C,2000-07-22
8464962,D,1974-11-02
8483487,R,2004-03-30
8468560,L,1980-12-09
8471339,R,1985-03-21
8477846,C,1991-01-18
8473646,L,1983-08-03
8470065,C,1982-01-06
8477987,C,1996-04-09
8476288,C,1992-03-09
8475176,D,1991-01-03
8476116,C,1985-08-12
8470612,C,1985-05-10
8477435,D,1995-05-21
8483450,C,2003-10-21
8472424,L,1985-04-15
8477451,R,1994-09-20
8469681,L,1983-04-23
8475793,C,1992-07-31
8481564,D,2001-07-24
8460527,C,1976-06-14
8478963,D,1992-02-14
8471323,L,1984-06-14
8471972,R,1984-01-06
8470616,C,1984-08-31
8481426,L,1996-06-12
8484186,R,2005-01-21
8479324,D,1998-02-11
8479066,L,1994-12-09
8477974,C,1996-02-14
8467988,L,1979-12-01
8474151,D,1989-06-13
8480802,C,1999-09-21
8480847,D,2000-08-14
8468011,G,1980-07-17
8476465,D,1993-03-31
8476850,D,1993-09-27
8476454,C,1993-04-12
8470672,D,1984-07-19
8471689,C,1987-06-09
8475158,C,1991-02-07
8471692,D,1987-03-17
8480068,C,1999-01-03
8470680,C,1984-09-05
8477506,D,1994-10-06
8471817,R,1987-01-20
8471868,L,1987-05-02
8471634,R,1983-03-02
8478854,D,1997-02-11
8460496,L,1976-02-21
8475727,C,1992-01-30
8476450,D,1993-01-13
8475598,D,1989-07-20
8471708,C,1987-04-13
8470625,C,1985-03-20
8476458,C,1993-07-11
8470600,D,1985-01-21
8481576,C,2001-05-28
8474143,L,1987-05-11
8482715,D,2003-05-07
8472215,R,1982-04-07
8473466,C,1988-03-17
8470309,D,1983-02-19
8473700,D,1987-02-03
8482751,C,2003-09-04
8482858,D,2001-12-13
8459442,C,1974-11-23
8477357,R,1994-05-29
8477935,C,1996-06-20
8475842,C,1992-02-04
8482118,R,2001-12-26
8484806,D,2006-06-07
8474040,C,1989-08-10
8478043,C,1995-03-06
8484258,D,1998-07-27
8484821,C,1999-07-28
8481591,R,2001-02-25
8477933,C,1995-11-06
8483506,D,2004-06-25
8479351,C,1998-02-03
8475824,G,1992-08-06
8471279,D,1984-10-17
8478915,D,1996-10-10
8465202,D,1974-09-02
8475222,D,1991-06-03
8478104,L,1996-06-17
8480267,C,1999-06-07
8480846,L,2000-05-31
8481541,D,2000-12-09
8481035,G,1999-10-20
8481239,L,2000-03-14
8479398,D,1998-05-12
8482726,C,2002-11-26
8476511,C,1993-07-25
8484180,L,2004-11-12
8482448,D,2002-08-07
8478956,L,1997-04-10
8478470,G,1996-10-30
8477502,L,1995-07-12
8465192,C,1977-12-17
8483771,L,2004-01-23
8481701,D,2001-01-15
8480053,C,1999-06-09
8466339,G,1977-07-23
8474152,G,1988-12-22
8475173,R,1991-02-22
8467351,C,1979-12-23
8466158,D,1979-01-23
8476449,D,1993-03-10
8468486,L,1982-04-18
8471711,D,1987-02-05
8476910,R,1994-01-24
8476872,C,1994-05-30
8471288,D,1986-01-05
8476429,D,1992-10-14
8482666,D,2002-11-01
8459687,C,1974-12-31
8458517,D,1973-08-31
8471386,L,1984-09-05
8481059,D,1998-08-18
8480060,C,1999-04-04
8477149,R,1992-07-30
8475304,C,1989-09-11
8459547,R,1973-07-19
8475809,G,1992-08-14
8476293,L,1992-04-24
8470105,R,1983-10-07
8483429,D,2004-01-08
8468224,L,1980-04-10
8473905,L,1985-10-16
8470176,L,1984-02-08
8473913,D,1983-10-30
8474744,C,1988-12-29
8476461,C,1992-12-07
8479413,D,1998-01-09
8480434,D,1998-10-21
8482081,C,2001-11-02
8476374,C,1993-01-20
8477391,C,1995-04-30
8477497,C,1994-10-12
8458637,D,1971-10-13
8480336,D,1994-11-13
8478427,C,1997-07-26
8480222,D,1996-02-17
8482657,G,2002-11-21
8467959,G,1980-06-25
8480977,C,2000-09-15
8473575,G,1988-04-27
8475683,G,1988-09-20
8446788,C,1969-12-13
8458951,D,1974-04-13
8471859,L,1987-03-20
8483703,G,2004-04-01
8478928,L,1990-06-03
8466035,L,1978-10-27
8473488,L,1986-03-10
8458494,D,1970-07-22
8478566,C,1991-03-17
8477566,L,1995-02-03
8476495,C,1993-01-04
8475274,D,1990-10-08
8482093,R,2002-02-01
8477495,D,1994-10-03
8482166,D,2002-01-10
8480032,C,1999-07-30
8462038,R,1976-10-10
8478063,L,1996-07-10
8475597,R,1989-02-01
8460661,D,1975-11-08
8482941,L,2003-08-30
8470839,D,1983-08-09
8481596,C,2000-11-12
8476386,L,1992-11-16
8473611,D,1988-04-30
8483524,C,2004-01-05
8469472,D,1982-12-23
8471895,D,1985-07-30
8470623,D,1985-01-03
8467423,C,1978-09-17
8476803,G,1987-04-09
8474629,D,1990-03-10
8473574,L,1988-02-19
8465978,L,1977-07-23
8476906,D,1993-04-20
8477447,D,1995-08-03
8470642,D,1985-08-14
8459450,R,1975-01-22
8469992,D,1980-10-03
8480326,C,1994-04-23
8480776,R,1995-08-07
8460561,D,1976-07-13
8471675,C,1987-08-07
8481122,D,1998-09-19
8475155,D,1991-07-27
8482762,D,2003-02-05
8467346,L,1980-02-29
8481601,R,2001-05-24
8481547,D,2000-10-08
8483495,D,2004-02-15
8480291,C,1999-07-27
8476886,D,1994-02-18
8474594,D,1990-01-15
8477947,L,1996-05-12
8476805,L,1988-04-30
8480330,R,1994-05-19
8481519,G,2001-04-19
8474146,R,1988-10-14
8477484,G,1995-06-08
8481056,D,2000-01-04
8470058,D,1982-09-10
8475816,R,1992-01-17
8482711,D,2003-01-17
8474762,L,1990-02-25
8475206,D,1991-01-30
8476870,C,1994-02-23
8470648,L,1985-07-20
8476474,R,1993-02-12
8476205,C,1989-07-11
8462196,D,1977-03-03
8469542,L,1981-11-16
8459122,C,1974-05-09
8472410,C,1983-10-09
8483676,C,2002-07-02
8475730,D,1992-04-18
8469457,C,1983-04-03
8464994,L,1978-06-14
8470609,R,1985-03-31
8471703,R,1987-04-03
8470192,D,1983-10-31
8470896,L,1980-08-08
8468927,D,1979-12-21
8476162,D,1986-02-04
8468505,C,1982-08-19
8471360,L,1984-08-31
8468432,C,1976-05-07
8458541,D,1973-07-28
8460719,L,1974-07-06
8465161,G,1977-08-20
8473916,D,1984-03-06
8476396,C,1993-04-19
8470064,R,1984-05-26
8474000,D,1988-09-24
8478904,C,1996-04-13
8473911,R,1984-04-26
8477463,D,1995-03-07
8474564,C,1990-02-07
8471365,C,1986-08-20
8474772,D,1986-10-02
8476478,D,1993-05-18
8479973,G,1998-11-01
8477413,R,1993-03-21
8476466,L,1992-10-05
8471753,C,1985-12-10
8471698,R,1986-12-23
8476391,C,1992-02-25
8474113,D,1989-04-03
8474673,D,1990-06-07
8474001,L,1988-04-22
8479420,C,1997-10-30
8479206,C,1991-08-20
8470854,L,1983-11-29
8479661,L,1997-05-29
8478528,C,1992-07-24
8479550,C,1997-06-01
8476871,L,1992-08-10
8476911,C,1993-04-06
8479462,D,1998-03-01
8481433,L,1996-06-30
8475192,L,1991-05-13
8471710,D,1987-04-27
8476166,D,1988-06-04
8475791,L,1991-11-14
8476955,L,1994-02-15
8482953,L,2001-03-13
8467881,L,1981-08-19
8479390,R,1998-02-18
8483406,R,1998-03-31
8476927,C,1994-08-15
8473962,L,1985-09-08
8474719,C,1990-05-03
8471741,D,1987-08-27
8475800,L,1992-01-02
8457981,R,1970-07-03
8449924,D,1968-07-03
8476882,C,1994-09-11
8477967,G,1995-12-08
8484188,D,2005-01-05
8473525,D,1987-11-10
8482133,C,2002-01-03
8478469,D,1997-01-30
8476974,C,1994-04-29
8471306,G,1986-01-29
8481581,D,2001-08-19
8474066,D,1989-02-08
8483114,G,2003-04-14
8469919,D,1981-12-02
8470598,L,1984-01-19
8481072,D,2000-02-11
8470283,C,1984-03-10
8470101,D,1982-03-22
8467878,C,1981-05-07
8475148,D,1991-02-24
8479364,L,1998-04-14
8469476,D,1983-01-29
8475841,D,1991-01-27
8471842,L,1986-04-30
8477213,L,1990-11-16
8471636,L,1984-08-28
8472379,C,1982-07-19
8482116,C,2002-01-15
8460703,G,1974-04-15
8473734,R,1984-08-06
8485512,C,2001-08-25
8478414,R,1996-10-08
8474194,G,1989-07-07
8480043,D,1999-04-30
8481600,D,2001-04-06
8477427,R,1995-07-22
8476356,L,1993-01-10
8470266,G,1984-01-21
8470828,D,1984-11-05
8467543,C,1978-10-27
8459444,R,1975-02-02
8466292,L,1979-02-13
8459587,C,1973-08-12
8466392,C,1975-05-21
8469629,R,1982-03-24
8470104,D,1983-01-10
8466398,R,1979-01-24
8475832,R,1992-01-21
8474591,G,1989-12-07
8465012,D,1977-03-22
8470575,D,1978-12-03
8471768,L,1987-02-14
8473542,L,1987-09-28
8471807,C,1987-01-29
8484240,D,2005-02-09
8476880,R,1994-03-29
8470039,L,1984-05-16
8476881,C,1993-11-12
8460743,L,1973-01-23
8476617,R,1993-03-23
8476430,R,1992-12-28
8465200,D,1978-03-02
8473491,C,1987-11-29
8468518,R,1982-02-05
8474693,R,1990-05-01
8474649,D,1989-12-26
8469689,D,1982-05-02
8477931,L,1992-09-01
8469521,C,1982-10-31
8469587,C,1983-03-28
8475193,L,1990-12-01
8475266,C,1990-11-19
8460712,G,1976-07-02
8474019,D,1989-09-12
8478438,C,1997-04-28
8474739,C,1988-04-12
8465042,D,1977-09-25
8477950,D,1995-10-24
8476792,D,1991-04-12
8471338,C,1985-01-30
8476329,C,1993-09-14
8478408,D,1996-12-22
8474612,D,1990-08-16
8478439,R,1997-03-11
8484262,D,1999-11-25
8468635,L,1982-04-06
8471474,C,1984-01-09
8477948,D,1996-03-29
8475102,C,1986-07-07
8471233,C,1985-05-13
8479365,C,1998-02-11
8467466,R,1980-07-05
8481529,G,2001-02-05
8465056,C,1977-06-17
8476953,D,1994-07-04
8470110,D,1983-10-09
8473687,C,1981-08-05
8467579,L,1979-01-30
8482479,C,2001-06-20
8473453,C,1987-01-08
8479675,L,1995-03-31
8473942,C,1985-02-08
8481533,C,2001-03-20
8477845,D,1991-07-24
8480441,R,1999-05-26
8482698,C,2002-10-10
8477465,G,1995-04-29
8482668,G,2002-10-21
8483482,D,2004-01-12
8483039,C,2000-02-23
8482181,C,2001-11-15
8470899,L,1984-02-02
8470867,R,1985-01-25
8471426,R,1985-08-17
8477234,G,1989-08-27
8479442,D,1994-04-07
8478873,R,1997-09-10
8477359,D,1993-06-08
8469462,L,1983-02-16
8476505,C,1992-09-13
8471695,G,1987-03-10
8469152,G,1976-03-30
8480848,C,2000-07-21
8480834,D,2000-05-23
8484406,C,2003-02-26
8482804,D,2003-02-02
8476427,R,1993-02-05
8480883,D,2000-03-24
8473501,D,1988-05-19
8481740,R,1999-07-12
8479746,L,1998-08-05
8481789,L,2001-04-30
8475775,L,1990-07-29
8481690,C,2000-09-30
8467483,C,1979-03-16
8479347,L,1998-03-15
8477479,L,1995-02-24
8475098,C,1986-03-19
8475781,G,1992-02-11
8474585,D,1990-01-19
8471429,D,1985-09-08
8474589,R,1989-10-06
8477715,C,1993-04-04
8476344,C,1993-04-27
8474870,C,1990-07-29
8471311,C,1986-07-15
8482095,D,2002-01-10
8477343,D,1994-12-05
8477353,C,1995-03-10
8474574,D,1990-02-01
8475752,C,1991-11-01
8475292,R,1991-06-15
8475794,C,1992-01-31
8468846,D,1981-03-15
8475726,C,1992-04-24
8481006,D,2000-03-01
8476452,D,1993-03-12
8477399,L,1994-01-26
8475197,D,1991-07-26
8482159,R,2002-01-18
8486056,C,2002-09-23
8479370,C,1998-03-14
8482896,C,2002-12-29
8470729,D,1984-10-30
8480045,G,1999-03-09
8480001,D,1999-01-01
8484304,D,1996-08-01
8479650,C,1987-03-12
8477458,L,1995-05-15
8477501,R,1995-03-04
8470047,C,1984-03-20
8481703,R,1999-06-04
8481617,R,2001-06-24
8482102,C,2002-03-13
8481001,G,1997-02-13
8469759,C,1980-05-09
8462117,G,1977-05-20
8479755,D,1992-12-06
8473658,D,1988-02-17
8480153,C,1995-06-06
8475167,D,1990-12-18
8483768,D,2002-05-26
8479376,D,1998-06-07
8478109,L,1995-07-18
8471268,R,1986-08-15
8484910,G,2000-10-03
8476437,C,1993-03-01
8481599,D,2001-02-26
8478042,L,1993-04-08
8476839,G,1982-08-08
8459428,C,1975-02-14
8481657,C,1999-06-02
8477033,D,1992-11-16
8473537,L,1986-01-17
8477300,D,1991-05-24
8474588,R,1988-05-12
8481572,D,2001-02-03
8478024,G,1995-02-06
8473385,D,1982-06-17
8482758,R,2003-06-13
8474551,L,1983-10-06
8482866,D,2002-08-12
8459479,L,1973-05-24
8478407,D,1996-10-29
8479576,D,1996-05-29
8482861,D,2002-11-14
8467329,C,1980-04-21
8476389,C,1993-07-11
8479968,C,1995-02-06
8476994,C,1994-04-03
8459492,L,1975-02-17
8480833,R,1999-12-23
8479411,L,1998-05-08
8477970,G,1996-01-09
8471704,D,1987-01-29
8471743,C,1987-07-02
8475765,R,1991-12-13
8478250,L,1995-10-05
8473592,R,1988-01-10
8478882,D,1995-11-21
8477973,C,1996-08-12
8481609,D,2001-05-26
8476480,C,1992-11-22
8483746,G,2002-05-29
8456887,L,1972-05-03
8479322,R,1997-10-14
8460502,R,1976-07-03
8469044,D,1977-09-29
8470584,G,1979-01-30
8475263,C,1990-07-22
8462033,D,1977-06-12
8482652,R,1997-11-23
8484325,C,1998-07-06
8477998,L,1996-04-01
8468887,C,1982-07-10
8460507,C,1976-06-04
8474190,R,1988-08-26
8471327,D,1986-03-03
8476179,C,1987-07-16
8478840,D,1996-12-19
8477355,D,1995-01-06
8482157,L,2002-02-05
8473440,D,1988-04-28
8484227,C,2005-03-17
8479375,C,1998-07-10
8477478,L,1994-12-20
8482207,R,2002-01-28
8482667,L,2002-10-12
8476448,C,1993-01-08
8478021,D,1996-02-22
8477939,R,1996-05-01
8482766,L,2003-06-07
8465185,D,1977-04-23
8471234,L,1986-02-24
8483569,D,1997-11-22
8482740,C,2003-05-14
8480293,D,1997-04-14
8482673,R,2002-10-22
8476443,D,1993-07-29
8483841,C,2001-03-23
8478508,C,1997-01-13
8482165,D,2002-03-09
8470223,C,1982-09-30
8484293,G,2000-03-04
8471186,G,1981-06-21
8474601,D,1990-02-18
8476826,C,1991-12-15
8474134,D,1988-09-23
8482137,G,2002-06-16
8481068,C,1998-06-06
8479483,D,1989-07-27
8474610,C,1989-11-01
8481708,D,2000-10-18
8474736,C,1990-06-15
8484145,L,2005-05-12
8474567,D,1990-07-15
8474576,L,1989-10-04
8482784,C,2003-01-04
8477457,G,1995-05-28
8474045,C,1988-09-23
8475786,L,1992-06-09
8484305,D,1998-10-19
8470610,L,1984-07-28
8474743,D,1988-07-26
8479313,G,1997-12-30
8478485,R,1997-03-30
8475119,C,1988-05-24
8475902,D,1990-08-26
8478460,D,1997-07-19
8480727,D,1996-11-28
8479944,L,1994-08-10
8482737,R,2003-02-24
8482742,L,2003-05-15
8477482,L,1994-11-09
8475178,R,1991-01-24
8479772,R,1996-07-08
8482859,C,2003-05-29
8474250,C,1988-04-05
8470687,R,1985-09-11
8482947,C,2001-02-24
8475876,G,1992-08-20
8484768,D,2006-02-15
8469760,D,1982-12-23
8465009,D,1977-03-18
8484798,D,2005-12-07
8476878,C,1994-01-05
8469820,C,1981-01-02
8483444,?,2003-11-06
8482408,?,1996-08-07
8482731,?,2003-03-12
8485395,?,2006-11-03
8483709,?,2003-08-28
8484793,?,2006-03-17
8482176,?,2002-07-31
8481568,?,2001-06-05
8480840,?,2000-03-12
8486166,?,2003-09-21
8484220,?,2004-10-25
8484169,?,2005-04-28
8485406,?,2006-10-26
8484148,?,2005-01-09
8483760,?,2002-05-11
8481481,?,1997-12-13
8478975,?,1995-06-18
8485467,?,2003-07-28
8484999,?,2006-07-18
8478911,?,1995-03-01
