Rank,Team,Abbr,Conference,Division,Rating,xPts,SD,P5,P25,P50,P75,P95,Playoff%,Division%,Presidents%,Conference%,Cup%,Bottom3%,P(>=100pts),P(>=110pts),FairOdds Playoff (dec),FairOdds Cup (dec),FairOdds Cup (US)
1,Carolina Hurricanes,CAR,East,Metropolitan,1570.9,109.7424,12.257188344257857,89.0,102.0,110.0,118.0,129.0,0.883,0.4818,0.1768,0.2413,0.1491,0.0019,0.8,0.5155,1.13,6.71,+571
2,Colorado Avalanche,COL,West,Central,1566.8,109.5285,12.41393565030176,88.0,101.75,110.0,118.0,129.0,0.9044,0.4277,0.1695,0.2431,0.1411,0.0045,0.7939,0.5144,1.11,7.09,+609
3,Tampa Bay Lightning,TBL,East,Atlantic,1545.8,103.6708,12.635449846336376,82.0,95.0,104.0,112.0,124.0,0.7535,0.2724,0.0821,0.1268,0.0676,0.0122,0.6373,0.3292,1.33,14.79,+1379
4,Vegas Golden Knights,VGK,West,Pacific,1536.2,102.552,12.776173881953321,82.0,94.0,103.0,111.0,123.0,0.8036,0.3684,0.071,0.1387,0.0669,0.0129,0.5965,0.2992,1.24,14.95,+1395
5,Dallas Stars,DAL,West,Central,1533.8,101.296,12.880767656375987,80.0,92.0,101.0,110.0,122.0,0.7472,0.182,0.061,0.1156,0.057,0.0188,0.5588,0.2727,1.34,17.54,+1654
6,Ottawa Senators,OTT,East,Atlantic,1534.6,100.729,12.870171837715034,79.0,92.0,101.0,110.0,122.0,0.666,0.2065,0.0544,0.0959,0.0534,0.0201,0.5409,0.2529,1.5,18.73,+1773
7,Minnesota Wild,MIN,West,Central,1528.5,99.8608,12.923580202580291,78.0,91.0,100.0,109.0,121.0,0.7101,0.1484,0.0444,0.0955,0.0443,0.0243,0.5192,0.235,1.41,22.57,+2157
8,Buffalo Sabres,BUF,East,Atlantic,1525.6,98.2263,12.915756655612505,77.0,90.0,98.0,107.0,119.0,0.6052,0.1507,0.0369,0.0727,0.0367,0.0335,0.4674,0.1945,1.65,27.25,+2625
9,Edmonton Oilers,EDM,West,Pacific,1517.6,97.8149,12.970661578970429,76.0,89.0,98.0,107.0,119.0,0.6871,0.2315,0.0338,0.0863,0.0381,0.0363,0.4525,0.1855,1.46,26.25,+2525
10,Montreal Canadiens,MTL,East,Atlantic,1517.9,96.541,13.036437928797389,75.0,87.0,97.0,106.0,118.0,0.5466,0.1247,0.0276,0.0603,0.0288,0.0401,0.4135,0.161,1.83,34.72,+3372
11,Washington Capitals,WSH,East,Metropolitan,1518.2,96.4276,12.849492954467841,75.0,88.0,97.0,105.0,117.0,0.5467,0.1141,0.0286,0.0597,0.0293,0.0443,0.4131,0.1568,1.83,34.13,+3313
12,Utah Mammoth,UTA,West,Central,1509.8,95.1014,12.988263453547356,73.0,86.0,95.0,104.0,116.0,0.5718,0.089,0.0215,0.0549,0.0249,0.0559,0.3705,0.1352,1.75,40.16,+3916
13,Pittsburgh Penguins,PIT,East,Metropolitan,1509.7,94.5928,13.048272448925571,73.0,86.0,95.0,104.0,116.0,0.4945,0.0935,0.021,0.0472,0.022,0.0592,0.3579,0.1275,2.02,45.45,+4445
14,Florida Panthers,FLA,East,Atlantic,1509.1,94.0918,12.829069773881749,73.0,85.0,94.0,103.0,115.0,0.4755,0.0825,0.0158,0.0477,0.0219,0.0599,0.3456,0.1132,2.1,45.66,+4466
15,Philadelphia Flyers,PHI,East,Metropolitan,1506.1,93.4772,13.013693395096496,72.0,85.0,93.0,102.0,115.0,0.4582,0.0803,0.0169,0.0444,0.0218,0.0653,0.3294,0.1111,2.18,45.87,+4487
16,Columbus Blue Jackets,CBJ,East,Metropolitan,1505.3,93.2741,13.105760004079444,71.0,85.0,93.0,102.0,114.0,0.4566,0.078,0.0158,0.039,0.0189,0.0692,0.3192,0.1072,2.19,52.91,+5191
17,New Jersey Devils,NJD,East,Metropolitan,1502.3,92.6472,12.939848381167872,71.0,84.0,93.0,101.0,114.0,0.4332,0.0708,0.0132,0.038,0.0173,0.0708,0.303,0.0981,2.31,57.8,+5680
18,Los Angeles Kings,LAK,West,Pacific,1497.9,92.4469,13.190245587094456,70.0,83.0,92.0,102.0,114.0,0.5242,0.1264,0.0149,0.048,0.0187,0.0805,0.3035,0.0999,1.91,53.48,+5248
19,Detroit Red Wings,DET,East,Atlantic,1498.9,91.7891,13.040921276994784,70.0,83.0,92.0,101.0,113.0,0.4031,0.0685,0.0121,0.0315,0.0144,0.0855,0.2859,0.0868,2.48,69.44,+6844
20,St. Louis Blues,STL,West,Central,1496.8,91.7461,13.143922970753675,70.0,83.0,92.0,101.0,113.0,0.4689,0.0561,0.0135,0.0401,0.0164,0.0892,0.2757,0.0887,2.13,60.98,+5998
21,Anaheim Ducks,ANA,West,Pacific,1494.5,91.721,12.987795320327782,70.0,83.0,92.0,101.0,113.0,0.5085,0.1089,0.0102,0.0449,0.0179,0.0885,0.2752,0.0862,1.97,55.87,+5487
22,Boston Bruins,BOS,East,Atlantic,1498.7,91.6178,13.029969346476491,70.0,83.0,92.0,101.0,113.0,0.4013,0.0682,0.0121,0.0336,0.0163,0.0853,0.2791,0.0835,2.49,61.35,+6035
23,Winnipeg Jets,WPG,West,Central,1494.5,91.2803,12.903378690411392,70.0,83.0,91.0,100.0,112.0,0.456,0.0506,0.0091,0.0373,0.0148,0.092,0.2679,0.0784,2.19,67.57,+6657
24,Nashville Predators,NSH,West,Central,1486.4,89.2856,12.979725727764697,68.0,80.0,89.0,98.0,111.0,0.3951,0.0407,0.0075,0.0269,0.0118,0.1171,0.2182,0.0595,2.53,84.75,+8375
25,New York Islanders,NYI,East,Metropolitan,1489.5,88.9721,13.080475200586074,67.0,80.0,89.0,98.0,110.0,0.3297,0.0417,0.0061,0.025,0.0123,0.1211,0.216,0.0553,3.03,81.3,+8030
26,New York Rangers,NYR,East,Metropolitan,1488.4,88.6643,13.209657641873296,67.0,80.0,89.0,98.0,110.0,0.3216,0.0398,0.0067,0.0232,0.0099,0.1325,0.2123,0.0563,3.11,101.01,+10001
27,Calgary Flames,CGY,West,Pacific,1474.0,86.2956,13.153696157820479,64.95000000000005,77.0,86.0,95.0,108.0,0.3443,0.056,0.0049,0.0225,0.0088,0.1706,0.1593,0.0382,2.9,113.64,+11264
28,Seattle Kraken,SEA,West,Pacific,1469.8,85.4351,12.982767163217611,64.0,77.0,85.0,94.0,107.0,0.3126,0.0507,0.0033,0.0188,0.0055,0.1825,0.1429,0.0332,3.2,181.82,+18082
29,Toronto Maple Leafs,TOR,East,Atlantic,1473.3,85.0061,13.228687108185023,63.0,76.0,85.0,94.0,107.0,0.2253,0.0265,0.0038,0.0137,0.0045,0.1957,0.1376,0.0314,4.44,222.22,+22122
30,San Jose Sharks,SJS,West,Pacific,1464.6,84.0332,13.009735703783848,63.0,75.0,84.0,93.0,106.0,0.2785,0.04,0.0035,0.0155,0.0059,0.2106,0.1181,0.0272,3.59,169.49,+16849
31,Vancouver Canucks,VAN,West,Pacific,1445.1,78.99,13.01593029499407,58.0,70.0,79.0,88.0,100.04999999999927,0.1647,0.0181,0.0014,0.0071,0.0022,0.34,0.0579,0.0101,6.07,454.55,+45355
32,Chicago Blackhawks,CHI,West,Central,1442.2,77.6475,13.061711395543007,56.0,69.0,77.0,86.0,99.0,0.123,0.0055,0.0006,0.0048,0.0015,0.3797,0.0496,0.0093,8.13,666.67,+66567
