horizon,season,mae_model,mae_uniform,mae_regressed_prior,mae_raw_prior,spearman,has_expansion_debut
1,2018,11.761502813935174,13.179726702508962,13.02517684728765,15.721527777777778,0.4409926165697566,1
1,2019,8.175932278216164,11.270130352281164,9.069928696841052,11.064516129032258,0.5978407155266772,0
1,2020,7.454442705034101,10.17054047548207,8.06153923529084,9.650402566652563,0.6067395035113201,0
1,2021,12.890779789454783,16.604421846478125,13.162521325359732,11.98164843362626,0.6977499505657403,0
1,2022,12.223603912545764,17.49547033904051,12.856407488854178,12.370552058097015,0.7064430421018214,1
1,2023,11.089276601508626,14.937127217239544,12.170522634795784,14.8125,0.6547456644659712,0
1,2024,8.856923290236647,13.8125,9.776309251897436,10.125,0.7317926395369524,0
1,2025,10.431323316084335,11.746502030952065,10.104427976999528,12.28125,0.47624309156127553,0
1,2026,11.969175001953808,9.95087033348955,11.003284285457577,14.53125,0.1353040216678381,0
2,2018,11.547040729385778,13.179726702508962,12.3979233818305,14.173140681003584,0.3649385376828406,1
2,2019,10.364488658565476,11.270130352281164,10.440559801350995,13.624969061958588,0.3168838363865237,0
2,2020,9.278936026865908,10.17054047548207,9.364618774829605,13.062018758869524,0.40395493383094866,0
2,2021,13.336844059503752,16.604421846478125,14.619114106114036,13.57258064516129,0.5964278576574379,0
2,2022,14.364739299734826,17.49547033904051,15.106800852230393,13.675709566982382,0.5095774927459947,1
2,2023,12.431488212895967,14.937127217239544,13.240463343657293,14.824683590024172,0.5773499584702737,0
2,2024,9.713463995796113,13.8125,10.553526394030612,13.75,0.6831776860455278,0
2,2025,10.697246940425472,11.746502030952065,10.598386397971748,13.593750000000004,0.4865164402236143,0
2,2026,12.352807390922672,9.95087033348955,10.788894206945582,15.875,0.0870204969749732,0
