team,american,source,retrieved,p_imp,dec,p_prop,p_pow,model_howe,edge_prop,edge_pow,ev_per_dollar,kelly_full,stake,model_v4
STL,12500,hand-recorded sportsbook board,2026-08-17,0.0079,126.0,0.0063,0.0054,0.0166,0.0103,0.0112,1.0916,0.0087,0.2183,0.0169
OTT,3300,hand-recorded sportsbook board,2026-08-17,0.0294,34.0,0.0234,0.0221,0.055,0.0316,0.0329,0.87,0.0264,0.6591,0.055
BOS,10000,hand-recorded sportsbook board,2026-08-17,0.0099,101.0,0.0079,0.0068,0.0173,0.0094,0.0105,0.7473,0.0075,0.1868,0.0259
CGY,40000,hand-recorded sportsbook board,2026-08-17,0.0025,401.0,0.002,0.0015,0.0041,0.0021,0.0026,0.6441,0.0016,0.0403,0.0026
BUF,3500,hand-recorded sportsbook board,2026-08-17,0.0278,36.0,0.0221,0.0208,0.039,0.0169,0.0182,0.404,0.0115,0.2886,0.0317
SEA,20000,hand-recorded sportsbook board,2026-08-17,0.005,201.0,0.004,0.0032,0.0061,0.0021,0.0029,0.2261,0.0011,0.0283,0.0053
PIT,6000,hand-recorded sportsbook board,2026-08-17,0.0164,61.0,0.0131,0.0118,0.02,0.0069,0.0082,0.22,0.0037,0.0917,0.0189
MTL,2500,hand-recorded sportsbook board,2026-08-17,0.0385,26.0,0.0306,0.0296,0.0466,0.016,0.017,0.2116,0.0085,0.2116,0.0654
WPG,10000,hand-recorded sportsbook board,2026-08-17,0.0099,101.0,0.0079,0.0068,0.0117,0.0038,0.0049,0.1817,0.0018,0.0454,0.0121
NSH,10000,hand-recorded sportsbook board,2026-08-17,0.0099,101.0,0.0079,0.0068,0.0114,0.0035,0.0046,0.1514,0.0015,0.0378,0.0168
DAL,1700,hand-recorded sportsbook board,2026-08-17,0.0556,18.0,0.0443,0.044,0.0635,0.0192,0.0195,0.143,0.0084,0.2103,0.0768
CAR,750,hand-recorded sportsbook board,2026-08-17,0.1176,8.5,0.0937,0.099,0.1322,0.0385,0.0332,0.1237,0.0165,0.4123,0.1093
COL,750,hand-recorded sportsbook board,2026-08-17,0.1176,8.5,0.0937,0.099,0.13,0.0363,0.031,0.105,0.014,0.35,0.1004
TBL,1300,hand-recorded sportsbook board,2026-08-17,0.0714,14.0,0.0569,0.0577,0.0773,0.0204,0.0196,0.0822,0.0063,0.1581,0.0646
VGK,1100,hand-recorded sportsbook board,2026-08-17,0.0833,12.0,0.0664,0.0682,0.0833,0.0169,0.0151,-0.0004,0.0,0.0,0.0943
CBJ,5000,hand-recorded sportsbook board,2026-08-17,0.0196,51.0,0.0156,0.0143,0.0193,0.0037,0.005,-0.0157,0.0,0.0,0.0203
DET,10000,hand-recorded sportsbook board,2026-08-17,0.0099,101.0,0.0079,0.0068,0.0096,0.0017,0.0028,-0.0304,0.0,0.0,0.0066
VAN,50000,hand-recorded sportsbook board,2026-08-17,0.002,501.0,0.0016,0.0012,0.0017,0.0001,0.0005,-0.1483,0.0,0.0,0.0021
UTA,2500,hand-recorded sportsbook board,2026-08-17,0.0385,26.0,0.0306,0.0296,0.0312,0.0006,0.0016,-0.1888,0.0,0.0,0.0424
PHI,4500,hand-recorded sportsbook board,2026-08-17,0.0217,46.0,0.0173,0.016,0.0173,-0.0,0.0013,-0.2042,0.0,0.0,0.0167
MIN,1400,hand-recorded sportsbook board,2026-08-17,0.0667,15.0,0.0531,0.0536,0.0438,-0.0093,-0.0098,-0.343,0.0,0.0,0.0483
LAK,3300,hand-recorded sportsbook board,2026-08-17,0.0294,34.0,0.0234,0.0221,0.0166,-0.0068,-0.0055,-0.4356,0.0,0.0,0.0128
NYR,6000,hand-recorded sportsbook board,2026-08-17,0.0164,61.0,0.0131,0.0118,0.0091,-0.004,-0.0027,-0.4449,0.0,0.0,0.0076
ANA,3300,hand-recorded sportsbook board,2026-08-17,0.0294,34.0,0.0234,0.0221,0.0146,-0.0088,-0.0075,-0.5036,0.0,0.0,0.0114
EDM,950,hand-recorded sportsbook board,2026-08-17,0.0952,10.5,0.0759,0.0788,0.0459,-0.03,-0.0329,-0.518,0.0,0.0,0.0563
NYI,10000,hand-recorded sportsbook board,2026-08-17,0.0099,101.0,0.0079,0.0068,0.0047,-0.0032,-0.0021,-0.5253,0.0,0.0,0.0023
WSH,1100,hand-recorded sportsbook board,2026-08-17,0.0833,12.0,0.0664,0.0682,0.0363,-0.0301,-0.0319,-0.5644,0.0,0.0,0.0456
NJD,2700,hand-recorded sportsbook board,2026-08-17,0.0357,28.0,0.0284,0.0273,0.0136,-0.0148,-0.0137,-0.6192,0.0,0.0,0.0109
CHI,22500,hand-recorded sportsbook board,2026-08-17,0.0044,226.0,0.0035,0.0029,0.0014,-0.0021,-0.0015,-0.6836,0.0,0.0,0.0016
SJS,3500,hand-recorded sportsbook board,2026-08-17,0.0278,36.0,0.0221,0.0208,0.0051,-0.017,-0.0157,-0.8164,0.0,0.0,0.0046
TOR,3300,hand-recorded sportsbook board,2026-08-17,0.0294,34.0,0.0234,0.0221,0.0048,-0.0186,-0.0173,-0.8368,0.0,0.0,0.0066
FLA,650,hand-recorded sportsbook board,2026-08-17,0.1333,7.5,0.1062,0.1133,0.0109,-0.0953,-0.1024,-0.9182,0.0,0.0,0.0079
