,net_goals,dElo
PIT,-30.929930402150966,-9.077917454242613
DET,-27.84874066395078,-7.696220891473214
ANA,-26.902224761347203,-7.27177518044801
TBL,-23.20916272132985,-5.615696989766137
COL,-22.842501416964613,-5.451275221881788
NYI,-22.842174618479206,-5.451128675780323
VAN,-21.9736350828678,-5.061649872801901
SJS,-19.27299066200964,-3.8506010797659567
OTT,-18.318120090704717,-3.422408888319696
BUF,-17.65066745819675,-3.123103397095279
CBJ,-16.198714306092892,-2.4720046819814367
MIN,-16.166663753723356,-2.4576322668410073
MTL,-15.310660239267138,-2.0737749863304096
CAR,-14.107861773358577,-1.5344045978580239
DAL,-13.928339246594863,-1.4539013899270543
WPG,-12.102545830839611,-0.6351616493651466
VGK,-12.013688032255008,-0.5953151857223986
CGY,-11.81932974010688,-0.5081591820276499
FLA,-11.613798360630437,-0.4159928356832223
SEA,-11.459333811594348,-0.3467263657132307
BOS,-9.368559537855077,0.5908386247633626
PHI,-5.801794547700137,2.190281484774317
EDM,-5.6411374901289,2.2623248586304454
NJD,-5.026026457701663,2.5381588290897588
STL,-3.9620882388682883,3.0152601778758163
UTA,-3.299054814198646,3.3125839656677343
NSH,4.585756842921423,6.84836659847977
NYR,5.526221201549982,7.2700986182947025
LAK,9.649017855140308,9.118882513242502
CHI,10.584925875496614,9.538571336284598
WSH,13.441820792625643,10.819687470825638
TOR,13.865764396373502,11.009796315095855
