Rank,Team,Abbr,Division,xPts,SD,P5,P50,P95,Playoff%,Division%,Presidents%,Conference%,Cup%,FairOdds Cup (US),Avail SD (Elo),Overlay dElo
1,Carolina Hurricanes,CAR,Metropolitan,110.8085,12.290863854238577,90.0,111.0,130.0,0.8992,0.51,0.1789,0.2499,0.1566,+539,9.1389198859293,-1.5
2,Colorado Avalanche,COL,Central,109.9657,12.482431839207536,89.0,110.0,130.0,0.9102,0.4097,0.1679,0.2329,0.1346,+643,11.729347273738375,-5.5
3,Vegas Golden Knights,VGK,Pacific,104.3158,12.839897065617995,83.0,105.0,125.0,0.8323,0.413,0.0803,0.1508,0.0764,+1209,10.422610683008722,-0.6
4,Tampa Bay Lightning,TBL,Atlantic,103.4698,13.03793260945434,81.0,104.0,125.0,0.7481,0.2682,0.0761,0.1242,0.0668,+1397,15.867083247245708,-5.6
5,Dallas Stars,DAL,Central,102.9283,12.807902378857149,81.0,103.0,123.0,0.7749,0.2015,0.0678,0.1239,0.0611,+1537,11.304103609989266,-1.5
6,Montreal Canadiens,MTL,Atlantic,101.1556,13.106416995374657,79.0,101.0,122.0,0.6934,0.2127,0.053,0.0895,0.0454,+2103,9.074596966252054,-2.1
7,Ottawa Senators,OTT,Atlantic,100.7582,12.824062477149813,79.0,101.0,121.0,0.6853,0.1913,0.0466,0.0981,0.0513,+1849,8.298936077982834,-3.4
8,Edmonton Oilers,EDM,Pacific,99.6574,12.829968279329643,78.0,100.0,120.0,0.7405,0.2524,0.0382,0.1023,0.0495,+1920,12.74649576163026,2.3
9,Utah Mammoth,UTA,Central,98.8507,12.996595733501369,77.0,99.0,120.0,0.675,0.1257,0.039,0.0835,0.0395,+2432,9.069746803565101,3.3
10,Minnesota Wild,MIN,Central,98.3604,13.061522582655426,77.0,99.0,120.0,0.6604,0.1169,0.0332,0.0767,0.0343,+2815,9.248719871334211,-2.5
11,Washington Capitals,WSH,Metropolitan,98.0972,13.00413253186427,76.0,98.0,119.0,0.6129,0.1373,0.0336,0.0722,0.0329,+2940,10.25933678428929,10.8
12,Buffalo Sabres,BUF,Atlantic,96.9426,12.975181724125385,75.0,97.0,118.0,0.5721,0.12,0.0254,0.0647,0.0295,+3290,7.78129780171314,-3.1
13,Columbus Blue Jackets,CBJ,Metropolitan,94.0482,12.928348346911832,73.0,94.0,115.0,0.4841,0.08,0.015,0.0456,0.0193,+5081,8.050806886112039,-2.5
14,Pittsburgh Penguins,PIT,Metropolitan,93.9332,13.43636823546958,71.0,94.0,116.0,0.4905,0.0862,0.0177,0.0458,0.0201,+4875,14.075058087012492,-9.1
15,Boston Bruins,BOS,Atlantic,93.8739,13.008847827620256,72.0,94.0,115.0,0.471,0.0857,0.0137,0.0438,0.0199,+4925,8.132835458331733,0.6
16,St. Louis Blues,STL,Central,92.7463,13.064141896441152,71.0,93.0,114.0,0.4893,0.0571,0.0123,0.0353,0.0161,+6111,6.891236646537844,3.0
17,Philadelphia Flyers,PHI,Metropolitan,92.2581,13.167331629917477,70.0,92.0,114.0,0.4295,0.0679,0.013,0.038,0.0169,+5817,6.531781788002897,2.2
18,Los Angeles Kings,LAK,Pacific,92.1041,13.456201920564833,70.0,92.0,114.0,0.5157,0.1156,0.0133,0.0412,0.0178,+5518,10.371440000185386,9.1
19,Anaheim Ducks,ANA,Pacific,91.3562,13.19452655888461,69.0,91.0,113.0,0.4898,0.1014,0.0113,0.0372,0.0162,+6073,7.753946312115889,-7.3
20,New Jersey Devils,NJD,Metropolitan,90.8747,12.96887115642326,70.0,91.0,112.0,0.3909,0.0492,0.008,0.03,0.0122,+8097,9.157816501684872,2.5
21,Nashville Predators,NSH,Central,90.5036,13.379054037886792,69.0,90.0,113.0,0.4205,0.0428,0.0098,0.033,0.0133,+7419,11.825738747198404,6.8
22,Winnipeg Jets,WPG,Central,90.2189,13.291322308742327,68.0,90.0,112.0,0.412,0.0404,0.0093,0.0313,0.0133,+7419,9.425582978871956,-0.6
23,Florida Panthers,FLA,Atlantic,89.6954,13.300560489352812,68.0,90.0,111.0,0.3524,0.0515,0.0084,0.027,0.0118,+8375,10.685787431142604,-0.4
24,New York Rangers,NYR,Metropolitan,89.6924,13.21284375764795,68.0,90.0,111.0,0.3576,0.0481,0.0082,0.0226,0.0091,+10889,9.341131580014618,7.3
25,Detroit Red Wings,DET,Atlantic,89.4749,13.18756084975977,67.0,90.0,111.0,0.3416,0.0459,0.0072,0.0237,0.0097,+10209,7.977644775438674,-7.7
26,New York Islanders,NYI,Metropolitan,85.2468,13.147059529698181,63.0,85.0,107.0,0.237,0.0213,0.0024,0.0118,0.0051,+19508,7.011980748318682,-5.5
27,Toronto Maple Leafs,TOR,Atlantic,85.0197,13.262620465811498,63.0,85.0,107.0,0.2344,0.0247,0.0035,0.0131,0.0051,+19508,10.725876595507431,11.0
28,Calgary Flames,CGY,Pacific,85.0192,12.998320160416856,64.0,85.0,106.0,0.302,0.0391,0.0024,0.0171,0.0056,+17757,4.6171197990767645,-0.5
29,Seattle Kraken,SEA,Pacific,83.639,13.202352412010562,62.0,84.0,105.0,0.2658,0.0353,0.0021,0.0143,0.0052,+19131,6.936077259974095,-0.3
30,San Jose Sharks,SJS,Pacific,83.0351,13.345234262378153,61.0,83.0,105.0,0.2577,0.0298,0.0012,0.0107,0.003,+33233,7.898221544955132,-3.9
31,Vancouver Canucks,VAN,Pacific,77.5506,12.977437382939007,56.0,77.0,99.0,0.1442,0.0134,0.0004,0.0056,0.0011,+90809,5.260269402980858,-5.1
32,Chicago Blackhawks,CHI,Central,77.3235,12.956559535366607,56.0,77.0,99.0,0.1097,0.0059,0.0008,0.0042,0.0013,+76823,8.700730583779139,9.5
