Rank,Team,Abbr,Division,xPts,SD,P5,P50,P95,Playoff%,Division%,Presidents%,Conference%,Cup%,FairOdds Cup (US),Avail SD (Elo),Overlay dElo,Contrib Elo/xG,Contrib Goaltending,Contrib Age,Contrib Roster,Contrib Finishing/PP,Contrib Prospects,Contrib NewData,Contrib Structure
1,Carolina Hurricanes,CAR,Metropolitan,110.009,12.421261923604117,89.0,110.0,130.0,0.8915,0.4866,0.1629,0.2267,0.1372,+629,9.1389198859293,-1.5,12.543518221033858,-0.25636418874380745,-0.2310208667214909,0.21456402279840012,-1.7559298339736127,-0.36710390788529035,6.117517731302083,-0.759405081263621
2,Colorado Avalanche,COL,Central,108.4833,12.669805582855275,87.0,109.0,129.0,0.8724,0.3597,0.1429,0.2007,0.1105,+805,11.729347273738375,-5.5,12.156687560270555,-1.4187037824414608,-1.505458283469469,0.5424618625726663,1.398080207058535,-1.2470250473723594,4.441960397186603,-0.007866416289339956
3,Vegas Golden Knights,VGK,Pacific,105.0893,12.815832008301548,83.0,105.0,126.0,0.8466,0.4152,0.0891,0.1617,0.0809,+1136,10.422610683008722,-0.6,6.495024027753158,1.5387540916796603,-1.397003778515664,0.22620677042454757,1.6801792082493008,-0.02628789654306368,0.8063135343136891,0.2893767790749209
4,Montreal Canadiens,MTL,Atlantic,104.5578,12.818497983346367,83.0,105.0,125.0,0.7838,0.2811,0.0776,0.1344,0.0717,+1295,9.074596966252054,-2.1,1.6992166897914753,2.794346743490694,2.0561052134791047,0.3661905860162593,2.398926940819791,1.0285743387997213,-0.35984437167324135,-0.17210940471374855
5,Dallas Stars,DAL,Central,102.305,12.9132819331504,81.0,103.0,123.0,0.7546,0.1893,0.0622,0.1134,0.0577,+1633,11.304103609989266,-1.5,5.253692016429143,-0.6191613017203209,-0.0027907804185704245,1.3488418410764065,3.849013560206108,-0.37300263426748287,-0.5721191250998466,-1.074955880859194
6,Tampa Bay Lightning,TBL,Atlantic,102.2997,13.067147926976817,80.0,103.0,123.0,0.7249,0.2236,0.0601,0.1184,0.0633,+1480,15.867083247245708,-5.6,7.924131055924295,-0.8420840590759294,-0.8625055843095815,1.617378867470122,0.698028744036095,-0.8530574866789308,1.7778374611830423,0.03144810599928356
7,Utah Mammoth,UTA,Central,101.9319,13.075425769966598,80.0,102.0,123.0,0.7429,0.1807,0.0576,0.1177,0.0593,+1586,9.069746803565101,3.3,1.078170316768153,-0.6313687837242163,0.29016140155205467,-0.1815849485101874,2.1142077790062084,2.6534571942879457,2.0915304895936964,-0.5003547531554617
8,Edmonton Oilers,EDM,Pacific,101.8562,13.11633810911183,80.0,102.0,123.0,0.7803,0.3057,0.0577,0.1192,0.0592,+1589,12.74649576163026,2.3,2.64650768204545,-0.926651692115261,-0.7601251391688868,1.031467265118914,4.580648392191948,-1.4446053388083673,0.8354463744955251,0.6436982969318528
9,Ottawa Senators,OTT,Atlantic,100.3248,12.892902219933466,78.0,101.0,121.0,0.676,0.186,0.0431,0.0921,0.0474,+2010,8.298936077982834,-3.4,6.799443248027214,1.253078669100207,0.9683352407732859,0.43629130351187456,-3.860127255547011,0.37540377524760593,2.6532511757439425,-0.7098847288235657
10,Washington Capitals,WSH,Metropolitan,98.5741,13.057149693015338,77.0,99.0,120.0,0.6362,0.1442,0.0341,0.0768,0.0376,+2560,10.25933678428929,10.8,2.2620917102551834,-0.5955411598222583,0.8378865506364515,0.5494171336705445,-0.4203824080132672,0.45995476211662767,-0.15982779640131622,-0.6994897239922119
11,Minnesota Wild,MIN,Central,96.3651,13.346198488386465,74.0,97.0,118.0,0.5872,0.0997,0.0265,0.0606,0.0277,+3510,9.248719871334211,-2.5,4.529548668602094,2.2801401120753324,-1.5703417195894265,0.011032938444885955,-0.5441764254404695,0.462581555497897,-2.3438401966109255,0.4578016789685055
12,Boston Bruins,BOS,Atlantic,96.3234,12.975871830631515,74.0,97.0,118.0,0.5579,0.1131,0.0232,0.0621,0.0287,+3384,8.132835458331733,0.6,-2.2256951467024324,2.13192296290209,0.8836182127282806,0.22481354611596932,1.8580688826108176,-0.003966349230155049,1.1157766810309688,-0.6942265177318235
13,Buffalo Sabres,BUF,Atlantic,95.4646,12.925852181015399,74.0,96.0,116.0,0.5325,0.1015,0.0198,0.0516,0.0227,+4305,7.78129780171314,-3.1,2.742778696347764,-0.8020179504971795,1.9370010526396793,-0.11349627844284942,0.480276611110017,0.4874999394327474,-1.473326913207479,-0.1973789547228549
14,Columbus Blue Jackets,CBJ,Metropolitan,95.0139,13.005076700734955,73.0,95.0,116.0,0.5261,0.0972,0.0179,0.0507,0.0257,+3791,8.050806886112039,-2.5,0.09352034607882581,1.3324770210500572,0.6115896758906334,-0.33309544595947405,-0.791487554199862,0.308830715024838,1.5059775958747372,-0.23521164588867655
15,St. Louis Blues,STL,Central,94.557,13.1616820348844,72.0,95.0,116.0,0.5376,0.072,0.0174,0.0455,0.0191,+5136,6.891236646537844,3.0,-2.4041741458290504,0.766129984029285,1.0690974151471861,-0.41312206264112217,-0.08932690181065017,1.2785420423704823,-1.2112486728546517,0.8728166732678997
16,Pittsburgh Penguins,PIT,Metropolitan,92.8802,13.474798884602992,70.0,93.0,115.0,0.4588,0.0785,0.0147,0.0403,0.0188,+5219,14.075058087012492,-9.1,1.3174773568883338,0.747249710150509,-2.057255952258867,-0.536231239821394,2.096824819470481,-0.07829388483634368,0.10745443126354647,0.4717492905365926
17,Nashville Predators,NSH,Central,92.4419,13.195409666760156,70.0,93.0,114.0,0.4713,0.0546,0.0123,0.0388,0.017,+5782,11.825738747198404,6.8,-3.517930003347364,3.2964865605277893,-1.563824832550998,-0.5057558752679414,-1.0356742691543934,0.6606729401140139,0.039033082551217485,-0.1712513315804528
18,New York Rangers,NYR,Metropolitan,92.0042,13.169621340517928,70.0,92.0,114.0,0.4327,0.0673,0.012,0.0365,0.0146,+6749,9.341131580014618,7.3,-3.836892110990144,-2.1696305569915575,0.46658820295737746,-0.0881299921978122,1.0429457754297498,-0.3565704706323973,0.9228842270064554,0.7588381094766038
19,Los Angeles Kings,LAK,Pacific,91.4812,13.249513255971028,70.0,92.0,113.0,0.489,0.0946,0.0106,0.0391,0.0149,+6611,10.371440000185386,9.1,-0.5089195099994811,-2.6512177600279117,-1.7750630987975706,-0.17984265909783062,0.27412779492367906,-1.604926470778487,1.4523572576844306,0.32675748018197076
20,Philadelphia Flyers,PHI,Metropolitan,91.3411,13.22928010797328,70.0,91.0,113.0,0.4141,0.0609,0.011,0.0303,0.0125,+7900,6.531781788002897,2.2,0.6643513777643613,-0.40951230210313033,0.9174275721618963,-0.769303033928304,-0.5579384963228853,-0.5170417304515774,-1.368537041181824,-0.15428305729664313
21,Anaheim Ducks,ANA,Pacific,90.1816,13.145657163878381,68.0,90.0,112.0,0.4468,0.0808,0.0084,0.0299,0.0111,+8909,7.753946312115889,-7.3,-1.055302414713312,-0.8694546615668104,0.11427447214753517,-0.9457912964786725,-0.8598782910149372,0.8351352880272394,0.25803507577597434,0.1110318179008764
22,Winnipeg Jets,WPG,Central,90.0086,13.16678633783683,68.0,90.0,112.0,0.4023,0.0393,0.0078,0.0275,0.0118,+8375,9.425582978871956,-0.6,-2.235004250191828,-0.29792506255262197,-2.02681776260219,1.1444884984652446,0.1356252249733834,1.0603347687404656,-0.45149282496749926,-0.18542216480645843
23,New Jersey Devils,NJD,Metropolitan,89.673,13.272636787342933,68.0,90.0,111.0,0.369,0.051,0.0076,0.0227,0.0104,+9515,9.157816501684872,2.5,0.19594229992619866,-2.8509257192392683,0.43764006139562867,0.5753753715767917,-2.4887111910399082,-0.8628244249762307,0.6555340663654047,0.2693134348560842
24,Toronto Maple Leafs,TOR,Atlantic,86.8623,13.192192467676115,65.0,87.0,108.0,0.2797,0.0315,0.0046,0.0161,0.0068,+14606,10.725876595507431,11.0,-6.700455050010904,2.336613116662406,-0.7954830322079027,0.47700700461954754,0.5678137117551474,-1.6664983242123441,-1.6155085134745772,-0.11544347855891518
25,Detroit Red Wings,DET,Atlantic,86.6115,13.28096405200372,65.0,87.0,108.0,0.2702,0.0311,0.0044,0.0156,0.007,+14186,7.977644775438674,-7.7,-0.651099219825234,-3.207670903988432,-0.40545171502572314,-0.41561201185659336,0.835889532284166,1.3612798939831117,-1.388059294730265,-0.5448810279772912
26,Florida Panthers,FLA,Atlantic,86.5751,13.29731709233804,65.0,87.0,108.0,0.2755,0.0321,0.0037,0.018,0.0077,+12887,10.685787431142604,-0.4,0.6419292617357849,-2.425863907141647,0.2784337382454495,0.9938719457721417,-4.262671657504673,-1.245568163469732,0.09642317859795543,0.645408896455508
27,Calgary Flames,CGY,Pacific,83.7122,13.192436287415594,62.0,84.0,106.0,0.2622,0.0317,0.0021,0.0122,0.0052,+19131,4.6171197990767645,-0.5,-6.262386697771485,0.10934522896095007,0.4196963962535545,-0.9158517623795668,-4.9763548714426875,1.8799811373794317,-0.40976456802218136,0.3182218893128845
28,San Jose Sharks,SJS,Pacific,83.6739,13.144863541846046,62.0,84.0,105.0,0.2663,0.0299,0.003,0.0136,0.0038,+26216,7.898221544955132,-3.9,-6.908894740116336,2.1945303484459524,0.5504892865884368,-1.727783742620554,1.0714465389796273,-0.94088143441169,-2.4742798406279607,0.3527592423778844
29,Seattle Kraken,SEA,Pacific,83.5607,13.000008289672477,62.0,84.0,105.0,0.2586,0.0303,0.0024,0.0129,0.004,+24900,6.936077259974095,-0.3,-6.754452179091183,-0.7255407857194781,-0.3574792629378695,-0.4384588646488746,1.8993165960271905,1.0377082220843992,-3.719087522837498,0.08233552210152342
30,New York Islanders,NYI,Metropolitan,81.7586,13.092756320454706,61.0,82.0,103.0,0.1711,0.0143,0.002,0.0077,0.0026,+38362,7.011980748318682,-5.5,-3.082529895503958,0.2685122724551755,-0.8939023547699545,-1.092748673540339,-2.3353855404130557,-1.2627297981228274,-0.5694949796243628,-0.053720161052422694
31,Vancouver Canucks,VAN,Pacific,78.6436,13.032373663931358,58.0,78.0,100.0,0.1589,0.0118,0.0009,0.0043,0.0018,+55456,5.260269402980858,-5.1,-11.021339085522447,0.6051876066208997,1.91011616668195,-0.6478895665978046,-1.6594277380502007,0.272187122362709,-3.0289315332053226,0.6828180977976182
32,Chicago Blackhawks,CHI,Central,78.1201,12.973091616904972,57.0,78.0,100.0,0.123,0.0047,0.0004,0.0029,0.0013,+76823,8.700730583779139,9.5,-11.878956086026689,0.04486014932028274,2.45606350406566,-0.454711503664996,-1.3439478852046334,-1.311760332791958,-3.731969565450319,-0.03849098652732836
