horizon,season,model,mae,spearman
1,2018,v1,11.775464518305583,0.4409926165697566
1,2018,v4,10.712423622125375,0.6277991869922609
1,2018,howe,11.221822429941382,0.5582006267376562
1,2019,v1,8.264099886135185,0.5978407155266772
1,2019,v4,7.8433130275225045,0.6975481137272775
1,2019,howe,7.839585226637701,0.6541531934577854
1,2020,v1,7.462783945603795,0.667272210878595
1,2020,v4,7.537717952310372,0.6658597810400253
1,2020,howe,7.271284134034611,0.6658597810400253
1,2021,v1,12.90392675804276,0.6977499505657403
1,2021,v4,12.560373056300804,0.6981536242426658
1,2021,howe,12.717037633621786,0.7286309868505416
1,2022,v1,12.290780044072841,0.7064430421018214
1,2022,v4,12.148997510376143,0.6908624353092281
1,2022,howe,12.164959935727769,0.7264228790476176
1,2023,v1,11.089385450923393,0.6547456644659712
1,2023,v4,11.484334391337278,0.5861532615219169
1,2023,howe,11.03499465670641,0.637505862656503
1,2024,v1,8.870189430449996,0.7317926395369524
1,2024,v4,9.63007656815982,0.7378465771415448
1,2024,howe,9.194074129020088,0.7316091868822677
1,2025,v1,10.401312366776306,0.47624309156127553
1,2025,v4,10.358354740863994,0.46303450042398286
1,2025,howe,10.283483737576415,0.4511100778694825
1,2026,v1,11.895659883937535,0.1353040216678381
1,2026,v4,11.83293512359401,0.1802829705262103
1,2026,howe,11.848915624599165,0.1665139045491576
2,2018,v1,11.533433452998596,0.3649385376828406
2,2018,v4,12.924615336133186,0.20334883691780176
2,2018,howe,12.08938284509186,0.2949365075137165
2,2019,v1,10.518938657624,0.3168838363865237
2,2019,v4,9.93583748427786,0.485619433341386
2,2019,howe,9.986387151866854,0.4509034971257923
2,2020,v1,9.295921195819629,0.44854736159150793
2,2020,v4,8.796653883169997,0.42897511954275563
2,2020,howe,9.014308004780297,0.47074268762617544
2,2021,v1,13.297957398418975,0.5964278576574379
2,2021,v4,14.14208409119991,0.552023753195632
2,2021,howe,13.679921548765062,0.5350694587647606
2,2022,v1,14.444084319851177,0.5095774927459947
2,2022,v4,14.338135770070258,0.5273577146151894
2,2022,howe,14.25015037946515,0.5587022294567596
2,2023,v1,12.428722851709438,0.5773499584702737
2,2023,v4,11.818390139742263,0.6232004951975826
2,2023,howe,12.06885691899045,0.6263183316950396
2,2024,v1,9.854922574987297,0.6831776860455278
2,2024,v4,10.525981722031752,0.6576777670443654
2,2024,howe,10.181602558255673,0.6890481709954356
2,2025,v1,10.697246940425472,0.4865164402236143
2,2025,v4,10.786458783179086,0.47734380748938326
2,2025,howe,10.526602827755259,0.5164192229372074
2,2026,v1,12.243153018960687,0.0870204969749732
2,2026,v4,12.163631691699543,0.18009938297984962
2,2026,howe,11.997269839500808,0.15733452723112243
