team,rating_v1,rating_v6,rating_howe6
ANA,1493.05,1487.09,1490.07
BOS,1497.89,1520.1,1509.0
BUF,1528.29,1515.38,1521.83
CAR,1579.73,1571.84,1575.79
CBJ,1505.35,1513.52,1509.43
CGY,1469.87,1461.12,1465.5
CHI,1433.87,1442.85,1438.36
COL,1575.09,1562.87,1568.98
DAL,1537.64,1537.98,1537.81
DET,1498.14,1477.83,1487.99
EDM,1519.27,1536.39,1527.83
FLA,1509.68,1481.31,1495.49
LAK,1496.91,1493.54,1495.22
MIN,1531.6,1517.02,1524.31
MTL,1519.63,1546.19,1532.91
NJD,1501.97,1489.6,1495.78
NSH,1483.93,1499.51,1491.72
NYI,1487.49,1459.77,1473.63
NYR,1486.22,1497.9,1492.06
OTT,1538.56,1536.48,1537.52
PHI,1506.22,1497.51,1501.87
PIT,1510.34,1505.05,1507.69
SEA,1465.13,1465.08,1465.1
SJS,1459.19,1466.39,1462.79
STL,1495.74,1507.44,1501.59
TBL,1551.28,1541.24,1546.26
TOR,1469.11,1482.89,1476.0
UTA,1510.39,1538.8,1524.6
VAN,1437.13,1443.11,1440.12
VGK,1540.4,1546.79,1543.6
WPG,1493.13,1491.77,1492.45
WSH,1519.93,1525.67,1522.8
