team,conf,div,points,points_sd,points_p10,points_p50,points_p90,w,l,otl,rw,row,gf,ga,gp,gf_sd,ga_sd,so_losses,playoff_pct,division_pct,round2_pct,conf_final_pct,cup_final_pct,cup_pct,presidents_pct,pts_now,playoff_flag,division_flag,presidents_flag,magic_number,sos_remaining,games_left
COL,W,Central,113.8393,11.3527,99.0000,114.0000,128.0000,52.8465,23.0072,8.1463,43.2073,50.0202,302.9929,231.6018,84.0000,23.5554,20.6038,2.8864,96.6350,46.6900,64.4750,38.2100,23.4100,13.4800,20.3650,4,,,,161.0000,-0.0161,82
CAR,E,Metropolitan,113.5894,10.7437,100.0000,114.0000,127.0000,52.3747,22.7853,8.8400,41.9742,49.6277,294.6253,229.7871,84.0000,22.6324,19.5650,2.7946,94.8900,59.7000,66.8800,45.2300,26.8150,15.6450,17.7200,5,,,,160.0000,-0.0048,80
UTA,W,Central,109.0647,10.9209,95.0000,109.0000,123.0000,50.3840,25.3193,8.2967,40.9416,47.5432,289.2901,234.1005,84.0000,21.7011,19.7469,2.8923,93.1450,27.1300,53.5050,28.1600,15.8250,8.2450,9.7450,6,,,,159.0000,-0.0113,80
FLA,E,Atlantic,109.0499,10.8852,95.0000,109.0000,123.0000,49.3621,24.3122,10.3256,38.8524,46.4674,277.0965,231.3965,84.0000,21.7781,19.6047,2.9248,87.9350,35.6400,54.3450,30.3600,16.7600,8.8600,8.8500,6,,,,159.0000,0.0022,80
TBL,E,Atlantic,108.6647,11.2486,94.0000,109.0000,123.0000,50.1382,25.4735,8.3882,40.6156,47.2664,283.7364,234.5921,84.0000,22.0791,20.2462,2.9443,87.1100,35.7450,54.0650,30.9100,17.2200,9.2650,9.3300,4,,,,161.0000,0.0049,81
EDM,W,Pacific,108.4334,11.2969,94.0000,109.0000,123.0000,49.5237,25.0903,9.3860,40.0654,46.6722,294.4930,247.0499,84.0000,22.6312,20.3959,2.8710,93.0800,44.8700,60.7050,34.3750,16.9700,8.5650,9.0500,5,,,,160.0000,-0.0122,81
VGK,W,Pacific,107.4758,11.0555,93.0000,108.0000,121.0000,49.5168,26.0410,8.4421,40.0954,46.6010,282.7197,235.2003,84.0000,21.6082,19.7080,2.9472,92.4650,40.1550,59.3450,32.8050,15.5400,7.7250,7.4300,6,,,,159.0000,-0.0100,80
MIN,W,Central,103.2811,11.4589,88.0000,104.0000,118.0000,46.7135,27.4324,9.8541,37.1705,43.7041,270.1998,240.1975,84.0000,21.7376,20.4324,3.0224,83.7450,13.3600,38.9050,17.7700,8.8100,4.1850,4.0100,5,,,,160.0000,-0.0085,81
DAL,W,Central,101.6416,11.3037,87.0000,102.0000,116.0000,46.4177,28.7762,8.8061,36.8595,43.4123,267.9352,237.3522,84.0000,21.4622,20.0795,3.0576,80.7950,10.2250,38.1800,18.0400,9.1250,4.1750,2.7300,2,,,,,-0.0068,81
WSH,E,Metropolitan,100.8846,11.6898,86.0000,101.0000,116.0000,46.0061,29.1215,8.8724,36.5082,43.0580,275.8043,249.6546,84.0000,22.3394,21.0688,2.9620,69.2200,14.7600,36.3150,15.6700,7.1650,3.3500,2.5400,2,,,,,-0.0018,82
BUF,E,Atlantic,98.4041,11.4340,84.0000,99.0000,113.0000,44.7400,30.3360,8.9240,34.4788,41.8438,272.9787,259.7956,84.0000,21.4848,20.7644,2.9154,59.7400,9.3350,26.9850,12.3400,5.5200,2.4450,1.4900,4,,,,161.0000,0.0123,81
NYR,E,Metropolitan,96.8885,11.0207,83.0000,97.0000,111.0000,43.9547,31.0662,8.9792,34.9353,41.0149,260.0543,249.2140,84.0000,20.1025,19.9829,2.9570,56.8150,7.9100,23.2900,8.5150,3.1050,1.1750,0.9550,8,,,,157.0000,0.0052,79
NJD,E,Metropolitan,96.7353,11.3899,82.0000,97.0000,111.0000,43.8569,31.1215,9.0215,33.4930,40.8768,263.4128,255.6088,84.0000,21.2519,20.4874,3.0040,55.7900,7.6450,26.5800,11.6900,5.1650,2.2650,1.0550,2,,,,,0.0069,81
OTT,E,Atlantic,96.4723,11.4494,82.0000,97.0000,111.0000,43.6827,31.2105,9.1068,34.3860,40.6865,263.8433,254.5687,84.0000,21.0238,20.6583,2.9909,53.3050,7.1050,22.1900,9.5800,4.2600,1.8850,1.0800,4,,,,161.0000,0.0114,81
PIT,E,Metropolitan,95.3434,11.5592,80.0000,95.0000,110.0000,43.1985,31.8550,8.9465,33.1470,40.3578,277.0301,265.4669,84.0000,21.4459,21.1831,2.8546,50.4550,6.5350,21.8450,8.7350,3.7550,1.5650,0.7700,4,,,,161.0000,0.0109,81
LAK,W,Pacific,94.0112,11.3501,79.0000,94.0000,109.0000,41.9066,31.8955,10.1980,32.4663,38.7880,257.0644,254.4535,84.0000,20.8816,20.2905,3.0918,59.9250,7.3450,26.2650,11.1450,4.2600,1.6150,0.5750,1,,,,,-0.0166,81
MTL,E,Atlantic,93.6585,11.5804,79.0000,94.0000,109.0000,41.7959,32.1374,10.0668,32.6494,38.8794,269.7122,269.8861,84.0000,21.3832,21.1882,2.8973,43.4050,4.5500,15.7200,6.4100,2.3700,0.8500,0.5350,3,,,,,0.0088,81
TOR,E,Atlantic,93.5322,11.3832,79.0000,94.0000,108.0000,42.2553,32.7231,9.0216,32.2147,39.3475,262.3911,260.7257,84.0000,20.6562,20.6524,2.9129,42.8250,4.1900,17.2500,7.5300,3.1250,1.2150,0.5400,4,,,,161.0000,0.0142,80
WPG,W,Central,90.4299,11.5497,76.0000,90.0000,105.0000,40.0322,33.6024,10.3654,31.0501,37.0053,249.7018,263.9864,84.0000,20.5191,21.1495,3.0093,43.9650,1.6650,12.8200,4.6850,1.6050,0.5800,0.2650,5,,,,160.0000,-0.0021,81
DET,E,Atlantic,90.2062,11.5476,75.0000,90.0000,105.0000,40.4806,34.2743,9.2452,31.3646,37.4914,255.7971,263.1522,84.0000,20.8275,21.1127,2.9804,31.7100,2.5800,12.0650,5.0800,2.0050,0.6900,0.2200,2,,,,,0.0134,81
ANA,W,Pacific,89.7831,11.8101,75.0000,90.0000,105.0000,40.1877,34.4046,9.4077,30.2689,37.2522,258.0459,273.5032,84.0000,21.0709,21.9027,2.9282,45.1350,3.8600,14.8350,4.7150,1.3850,0.4300,0.2200,4,,,,161.0000,-0.0116,82
CBJ,E,Metropolitan,87.8816,11.7358,73.0000,88.0000,103.0000,39.2351,35.3535,9.4114,30.2554,36.2567,256.2244,273.5475,84.0000,20.8713,21.6997,2.9542,26.4450,2.0250,9.2450,3.2700,1.1050,0.3000,0.1600,2,,,,,0.0081,82
SJS,W,Pacific,86.6240,11.6332,72.0000,87.0000,102.0000,38.6405,36.0166,9.3429,27.9196,35.7317,253.2954,280.2194,84.0000,20.5985,21.5200,2.8700,33.6900,2.4800,10.6000,3.6650,1.0950,0.3350,0.0700,4,,,,161.0000,-0.0110,81
STL,W,Central,86.5853,11.5268,72.0000,87.0000,101.0000,38.5422,35.9569,9.5008,29.5086,35.4700,243.5532,264.6235,84.0000,20.1784,20.8662,3.0547,31.1300,0.8300,8.4750,2.9000,1.0050,0.3250,0.0950,2,,,,,-0.0021,81
NYI,E,Metropolitan,86.4384,11.5610,72.0000,86.0000,101.0000,38.5483,36.1099,9.3419,29.6149,35.5558,251.2742,267.8499,84.0000,20.5216,21.2719,2.9545,22.2950,1.3800,7.9500,2.7750,0.9350,0.3350,0.1000,2,,,,,0.0102,81
BOS,E,Atlantic,84.5406,11.4387,70.0000,85.0000,99.0000,37.6368,37.0962,9.2670,28.0633,34.7614,246.6739,275.8906,84.0000,20.1092,21.1765,2.8575,16.3100,0.8550,4.8050,1.7800,0.6700,0.2300,0.0700,4,,,,,0.0160,80
SEA,W,Pacific,82.8324,11.3907,68.0000,83.0000,97.0000,36.6990,37.8665,9.4345,28.1061,33.7528,245.7146,274.7459,84.0000,19.9005,21.1609,2.9306,22.7450,1.0400,6.7200,2.1500,0.6200,0.2000,0.0200,4,,,,,-0.0028,80
NSH,W,Central,78.2901,11.4902,64.0000,78.0000,93.0000,33.9062,39.6161,10.4777,25.5954,31.0209,237.6106,287.5886,84.0000,19.8504,21.9057,2.8524,11.1350,0.1000,2.4400,0.6850,0.2050,0.0350,0.0100,3,,,,,0.0005,81
VAN,W,Pacific,74.0734,11.2760,60.0000,74.0000,89.0000,32.3302,42.2569,9.4129,23.3738,29.5083,238.7226,298.7024,84.0000,19.2301,21.7445,2.7860,6.8000,0.1550,1.5450,0.3400,0.0850,0.0150,0.0000,4,,,eliminated,,-0.0021,80
PHI,E,Metropolitan,70.3152,11.3141,56.0000,70.0000,85.0000,29.4486,43.1335,11.4179,21.5924,26.6367,222.6907,301.5310,84.0000,19.2200,22.1629,2.7418,1.7500,0.0450,0.4700,0.1250,0.0250,0.0050,0.0000,2,,,eliminated,,0.0145,80
CGY,W,Pacific,70.3050,11.5766,56.0000,70.0000,85.0000,30.3276,44.0226,9.6497,22.2509,27.3954,219.6088,296.2202,84.0000,19.3874,22.3258,2.8826,3.7250,0.0950,0.9050,0.2700,0.0550,0.0100,0.0000,0,,,eliminated,,0.0076,81
CHI,W,Central,68.0430,11.1372,54.0000,68.0000,82.0000,29.3109,45.2679,9.4212,21.6576,26.5310,221.8581,303.9392,84.0000,18.9434,22.2678,2.7348,1.8850,0.0000,0.2800,0.0850,0.0050,0.0000,0.0000,2,,eliminated,eliminated,,0.0051,80
