player_id,team,games_out,researched_at,source_url,note
8479371,CBJ,10,2026-09-29,https://www.rotowire.com/hockey/headlines/dante-fabbro-injury-expected-to-miss-at-least-a-month-594068,"Upper body; expected to miss at least a month (The Athletic)"
8481186,COL,1,2026-09-29,https://gazette.com/2026/09/28/avalanche-final-roster-oconnor-lheureux-injured-reserve/,"Lower body, day-to-day; IR retroactive to 9/21"
8482742,COL,1,2026-09-29,https://gazette.com/2026/09/28/avalanche-final-roster-oconnor-lheureux-injured-reserve/,"Lower body, day-to-day; IR retroactive to 9/21"
8470621,LAK,1,2026-09-29,https://lakingsinsider.com/2026/09/28/9-28-practice-report-gustafsson-on-fit-in-la-laviolettes-system-first-regular-seasons-skate-edmundson-perry-updates/,"Personal leave; no timeline"
8476441,LAK,0,2026-09-29,https://lakingsinsider.com/2026/09/28/9-28-practice-report-gustafsson-on-fit-in-la-laviolettes-system-first-regular-seasons-skate-edmundson-perry-updates/,"Full participant at practice 9/28"
8484984,MTL,0,2026-09-29,https://www.nhl.com/canadiens/news/mtl-tor-what-you-need-to-know-sept-29-2026,"Healthy; on the second line for the opener"
8482775,MTL,1,2026-09-29,https://www.tsn.ca/nhl/article/canadiens-second-line-centre-kapanen-considered-day-to-day-with-lower-body-injury/,"Lower body; out for the opener, day-to-day"
8483733,PHI,0,2026-09-29,https://www.nhl.com/flyers/news/flyers-announce-2026-27-opening-night-active-roster,"Healthy; on the opening-night active roster"
8481481,PIT,1,2026-09-29,https://www.rotowire.com/hockey/headlines/blake-lizotte-injury-upgraded-to-day-to-day-594102,"Upper body, upgraded to day-to-day 9/28"
8485383,SEA,15,2026-09-29,https://www.rotowire.com/hockey/headlines/jake-obrien-injury-shifts-to-ir-sunday-594013,"Lower body, IR 9/27, no timeline"
8477426,TOR,0,2026-09-29,https://thehockeynews.com/nhl/toronto-maple-leafs/latest-news/maple-leafs-practice-lines-injury-updates-nick-paul-returns-as-toronto-wraps-arizona-trip-and-other-takeaways,"Back in full practice; expected available"
8480893,TOR,1,2026-09-29,https://www.tsn.ca/nhl/article/ice-chips-marchenkos-availability-in-question-for-leafs-season-opener/,"Not injured: work visa pending after the 9/28 trade"
8481534,VGK,2,2026-09-29,https://www.rotowire.com/hockey/headlines/raphael-lavoie-injury-considered-day-to-day-593417,"Day-to-day since 9/19"
