team,o,d,o_sd,d_sd,od_cov
ANA,-0.00739,0.05782,0.05757,0.05781,-0.00244
BOS,-0.01195,0.03706,0.05706,0.05735,-0.00238
BUF,0.04202,0.01339,0.05760,0.05788,-0.00244
CAR,0.10088,-0.08752,0.06093,0.06127,-0.00273
CBJ,0.00672,0.02118,0.05764,0.05794,-0.00244
CGY,-0.14645,0.10326,0.05846,0.05876,-0.00252
CHI,-0.13492,0.13571,0.05744,0.05765,-0.00241
COL,0.10547,-0.10078,0.06357,0.06429,-0.00306
DAL,0.01065,-0.03665,0.05999,0.06035,-0.00266
DET,-0.04860,0.03925,0.05764,0.05798,-0.00245
EDM,0.08209,-0.04802,0.05937,0.05975,-0.00259
FLA,0.05204,-0.05613,0.05970,0.05998,-0.00261
LAK,-0.03884,-0.02722,0.06112,0.06175,-0.00282
MIN,0.05742,-0.08305,0.05992,0.06024,-0.00265
MTL,0.05808,-0.01722,0.05996,0.06061,-0.00271
NJD,0.03762,-0.07275,0.05916,0.05951,-0.00258
NSH,-0.07385,0.08740,0.05764,0.05791,-0.00244
NYI,-0.03386,0.02671,0.05919,0.05982,-0.00263
NYR,-0.01329,-0.00431,0.05625,0.05620,-0.00227
OTT,0.01332,-0.03204,0.06062,0.06128,-0.00278
PHI,-0.04522,0.04749,0.05791,0.05814,-0.00245
PIT,0.04103,0.02402,0.05840,0.05901,-0.00256
SEA,-0.05776,0.03944,0.05804,0.05833,-0.00248
SJS,0.01688,0.02606,0.05734,0.05760,-0.00242
STL,-0.05654,0.00303,0.05856,0.05880,-0.00252
TBL,0.05662,-0.05559,0.06044,0.06076,-0.00270
TOR,0.01291,-0.00048,0.05885,0.05949,-0.00259
UTA,0.05265,-0.05777,0.05858,0.05894,-0.00253
VAN,-0.12010,0.13237,0.05767,0.05789,-0.00244
VGK,0.04858,-0.08209,0.06002,0.06039,-0.00265
WPG,-0.06392,0.02054,0.05831,0.05859,-0.00250
WSH,0.06467,-0.04651,0.05950,0.05975,-0.00261
