team,conf,div,points,points_sd,points_p10,points_p50,points_p90,w,l,otl,rw,row,gf,ga,gp,gf_sd,ga_sd,so_losses,playoff_pct,division_pct,round2_pct,conf_final_pct,cup_final_pct,cup_pct,presidents_pct
COL,W,Central,109.4359,11.2781,95.0000,110.0000,124.0000,50.3841,24.9483,8.6677,40.4397,47.3760,288.2020,235.7233,84.0000,25.8083,22.9259,3.0452,93.5200,47.1700,61.5750,37.8250,23.3750,12.8900,17.5200
CAR,E,Metropolitan,108.4009,11.1730,94.0000,109.0000,123.0000,49.4192,25.0184,9.5624,39.6170,46.4609,285.7160,237.0095,84.0000,25.5121,22.6241,2.9876,87.9300,45.4850,57.3950,35.1600,20.4150,11.9400,14.5500
FLA,E,Atlantic,105.0287,11.1833,91.0000,105.0000,119.0000,48.0672,27.0385,8.8943,37.2767,45.0371,276.9660,241.4688,84.0000,24.5439,22.7905,3.0609,79.6100,28.2700,45.9650,25.6450,13.8300,7.8000,8.7650
TBL,E,Atlantic,104.9695,11.2773,90.0000,105.0000,119.0000,48.0138,27.0444,8.9418,38.1640,44.9898,281.8689,244.1506,84.0000,25.1673,22.9766,3.0718,79.8800,28.7700,46.0550,25.7750,13.8700,7.6650,9.1950
VGK,W,Pacific,104.3825,11.3090,90.0000,105.0000,119.0000,47.6863,27.3039,9.0098,37.8690,44.6024,276.4062,241.2126,84.0000,24.6341,22.5289,3.1201,87.6900,39.4000,53.9500,30.6050,15.1650,7.4400,8.3600
EDM,W,Pacific,101.9684,11.3445,87.0000,102.0000,116.0000,46.0033,28.0350,9.9617,36.3693,43.0089,280.7698,253.7280,84.0000,24.5856,23.0477,3.0005,82.9600,30.1850,48.7700,26.5650,13.1000,6.5200,5.3500
MIN,W,Central,101.7278,11.4246,87.0000,102.0000,116.0000,46.2509,28.5232,9.2259,36.3941,43.1425,272.6650,246.3793,84.0000,24.5641,23.0638,3.1507,81.2100,19.6100,43.6650,21.7350,11.7000,5.8100,5.2900
WSH,E,Metropolitan,101.6505,11.4874,87.0000,102.0000,116.0000,46.2779,28.6273,9.0948,36.4860,43.2290,276.9167,250.3285,84.0000,24.7014,23.2847,3.0545,71.7800,21.5750,39.7500,20.5900,10.4550,5.4900,5.6000
DAL,W,Central,101.2857,11.4084,87.0000,101.0000,116.0000,46.0057,28.7199,9.2744,36.1170,42.8615,271.1158,246.0847,84.0000,24.4267,23.1681,3.1763,80.1350,18.4800,42.1550,20.2100,10.7900,5.3300,5.1250
MTL,E,Atlantic,100.9390,11.3437,86.0000,101.0000,115.0000,45.9391,29.0001,9.0609,36.3119,42.9477,277.0840,254.7961,84.0000,24.3674,23.0898,3.0086,68.8250,17.2800,33.6650,16.2000,7.5900,3.6350,4.6000
NJD,E,Metropolitan,97.1307,11.5401,82.0000,97.0000,112.0000,43.8173,30.6867,9.4960,34.0637,40.6478,262.7763,251.5868,84.0000,23.6826,23.2237,3.1867,56.6550,11.9450,27.3000,12.3650,5.7850,2.8450,2.3950
UTA,W,Central,96.0687,11.5733,81.0000,96.0000,111.0000,43.3032,31.2344,9.4625,33.6536,40.2022,265.8230,257.5804,84.0000,24.0113,23.4325,3.1214,65.4900,9.3500,29.8850,13.7500,6.6350,2.7550,1.8500
OTT,E,Atlantic,95.6752,11.4966,81.0000,96.0000,110.0000,43.0758,31.4006,9.5236,33.3839,39.9460,263.0387,256.5376,84.0000,23.4033,23.4382,3.1604,50.5950,8.5450,23.2400,10.8700,5.0000,2.3650,1.7150
LAK,W,Pacific,95.6144,11.3866,81.0000,95.0000,110.0000,42.9895,31.3751,9.6354,33.1557,39.7250,255.8299,249.8793,84.0000,23.1711,23.2079,3.2553,65.2000,13.4300,31.3600,14.5000,6.2150,2.5400,1.6700
BUF,E,Atlantic,94.8238,11.5456,80.0000,95.0000,109.0000,42.7291,31.9053,9.3656,33.2242,39.7097,270.7345,266.2006,84.0000,23.7430,23.8318,3.0182,47.7550,7.2950,21.5750,9.8550,4.4400,2.1650,1.4650
PHI,E,Metropolitan,93.4497,11.4357,79.0000,94.0000,108.0000,41.9271,32.4774,9.5954,32.3653,38.8006,260.5407,261.1694,84.0000,23.1531,23.4623,3.1317,43.9350,6.6150,19.4500,8.6650,3.8700,1.8300,1.0950
TOR,E,Atlantic,91.9838,11.4249,77.0000,92.0000,107.0000,41.2696,33.2858,9.4446,31.8609,38.2311,261.4534,263.9468,84.0000,23.2460,23.3002,3.0627,37.4900,4.7400,16.0250,7.0200,3.1050,1.5500,0.8300
CBJ,E,Metropolitan,91.3508,11.4815,76.0000,91.0000,106.0000,40.8697,33.5189,9.6114,31.4767,37.8124,261.3591,268.3395,84.0000,23.2280,23.7251,3.0740,37.3700,4.8550,15.6450,6.4750,2.8150,1.2300,0.7550
ANA,W,Pacific,91.1522,11.5476,76.0000,91.0000,106.0000,40.8257,33.6735,9.5008,31.4579,37.7987,263.1410,270.6061,84.0000,23.3521,24.1382,3.0231,49.7050,7.2650,20.5150,8.6300,3.3300,1.1550,0.6600
PIT,E,Metropolitan,90.7315,11.4644,76.0000,91.0000,106.0000,40.5958,33.8644,9.5398,31.2903,37.6147,264.7475,273.5940,84.0000,23.5166,23.9943,2.9868,35.0850,4.3000,14.2200,5.6350,2.4850,1.0400,0.5550
SJS,W,Pacific,90.4804,11.5298,76.0000,91.0000,105.0000,40.4564,33.9761,9.5674,31.0675,37.3976,261.6427,271.3768,84.0000,23.3046,23.9464,3.0284,47.5250,6.8500,20.7100,8.7950,3.2850,1.2450,0.6350
BOS,E,Atlantic,89.5019,11.4017,75.0000,90.0000,104.0000,39.9834,34.4816,9.5350,30.7956,36.9605,256.6380,269.5507,84.0000,22.6715,23.8536,3.0011,29.5750,3.0400,11.3750,4.5200,1.7450,0.7750,0.4400
NYI,E,Metropolitan,87.9899,11.5614,73.0000,88.0000,103.0000,39.1050,35.1151,9.7799,29.7859,35.9740,252.3096,270.2371,84.0000,22.8276,23.9618,3.0937,26.3750,2.9100,10.5100,4.1250,1.7200,0.6500,0.3750
STL,W,Central,87.2240,11.4648,72.0000,87.0000,102.0000,38.6359,35.4119,9.9521,29.2255,35.4055,245.1115,265.7061,84.0000,22.3946,23.4921,3.2016,34.7250,1.9700,11.9150,4.6350,1.9000,0.6500,0.2700
DET,E,Atlantic,87.1636,11.6143,72.0000,87.0000,102.0000,38.6985,35.5350,9.7666,29.4685,35.6066,251.5835,271.9355,84.0000,22.7911,24.2652,3.0761,23.4150,2.0600,8.6850,3.4500,1.3800,0.6300,0.2800
NYR,E,Metropolitan,87.0928,11.3512,72.0000,87.0000,102.0000,38.7334,35.6407,9.6259,29.5503,35.6801,249.7672,269.9592,84.0000,22.4733,23.8211,3.0628,23.7250,2.3150,9.1450,3.6500,1.4950,0.5350,0.2250
WPG,W,Central,85.6894,11.5352,71.0000,86.0000,101.0000,37.8820,36.1926,9.9254,28.6068,34.6836,243.5493,268.8145,84.0000,22.4069,24.0533,3.1663,29.8300,1.7150,10.3100,4.1150,1.6150,0.6350,0.1550
NSH,W,Central,84.2780,11.5903,69.0000,84.0000,99.0000,37.2415,36.9635,9.7950,28.1695,34.1746,248.2980,278.0312,84.0000,22.8114,24.3262,3.0572,25.8400,1.3800,8.3500,3.0400,1.1650,0.4000,0.1300
SEA,W,Pacific,81.1265,11.5829,66.0000,81.0000,96.0000,35.5646,38.4382,9.9972,26.6123,32.4427,239.5365,279.4691,84.0000,22.2689,24.4579,3.0964,19.1450,1.3250,6.5000,2.3950,0.7850,0.2450,0.0500
CGY,W,Pacific,79.2651,11.5751,64.0000,79.0000,94.0000,34.6087,39.3436,10.0477,25.7148,31.4352,233.3895,279.1527,84.0000,22.0234,24.6107,3.1136,15.0750,0.9200,4.3850,1.4000,0.4250,0.1150,0.0450
CHI,W,Central,77.5895,11.3541,63.0000,78.0000,92.0000,33.8721,40.2826,9.8454,25.2064,30.8075,237.1998,287.9794,84.0000,21.5252,24.7285,2.9796,10.7800,0.3250,2.9050,0.9550,0.2750,0.0650,0.0200
VAN,W,Pacific,77.3745,11.3673,63.0000,77.0000,92.0000,33.7680,40.3935,9.8385,24.2753,30.7565,238.0168,291.6627,84.0000,21.3672,24.9641,2.9583,11.1700,0.6250,3.0500,0.8450,0.2400,0.0600,0.0300
