game_id,date,home,away,home_g,away_g,last_period,source,shots_home,shots_away
2026020001,2026-09-29,CAR,FLA,0,1,OT,NHL API via neurhl/output/live/results_2027.csv,,
2026020002,2026-09-29,TOR,MTL,2,3,REG,NHL API via neurhl/output/live/results_2027.csv,,
2026020003,2026-09-29,BOS,NYR,3,0,REG,NHL API via neurhl/output/live/results_2027.csv,,
2026020004,2026-09-29,EDM,VAN,5,6,OT,NHL API via neurhl/output/live/results_2027.csv,,
2026020005,2026-09-29,VGK,CHI,5,2,REG,NHL API via neurhl/output/live/results_2027.csv,,
2026020006,2026-09-30,PHI,PIT,0,7,REG,NHL API via neurhl/output/live/results_2027.csv,,
2026020007,2026-09-30,COL,LAK,8,4,REG,NHL API via neurhl/output/live/results_2027.csv,,
2026020008,2026-09-30,TOR,NYI,2,1,REG,NHL API via neurhl/output/live/results_2027.csv,,
2026020009,2026-10-01,NJD,PHI,3,2,OT,api-web.nhle.com,44.0,25.0
2026020010,2026-10-01,NYR,TBL,5,1,REG,api-web.nhle.com,25.0,24.0
2026020011,2026-10-01,CBJ,BUF,6,3,REG,api-web.nhle.com,23.0,26.0
2026020012,2026-10-01,NSH,MIN,1,3,REG,api-web.nhle.com,20.0,30.0
2026020013,2026-10-01,UTA,CHI,6,0,REG,api-web.nhle.com,32.0,15.0
2026020014,2026-10-01,CGY,SEA,1,6,REG,api-web.nhle.com,25.0,32.0
2026020015,2026-10-01,VAN,EDM,7,9,REG,api-web.nhle.com,22.0,31.0
2026020016,2026-10-01,SJS,FLA,4,3,OT,api-web.nhle.com,32.0,26.0
2026020017,2026-10-02,DET,NYR,0,2,REG,api-web.nhle.com,22.0,21.0
2026020018,2026-10-02,CAR,WSH,2,5,REG,api-web.nhle.com,33.0,27.0
2026020019,2026-10-02,WPG,BOS,3,4,OT,api-web.nhle.com,33.0,30.0
2026020020,2026-10-02,DAL,STL,0,4,REG,api-web.nhle.com,25.0,24.0
2026020021,2026-10-02,VGK,ANA,3,4,REG,api-web.nhle.com,30.0,20.0
