game_id,team,opponent,player_id,name,pos,p_dress,toi_pg,exp_goals,exp_points,exp_sog,p_goal,p_point,p_sog2,p_sog3,p_sog4
2026020009,NJD,PHI,8481559,Jack Hughes,F,0.8779,19.9340,0.3952,1.0541,3.3137,0.3182,0.6137,0.7586,0.6118,0.4433
2026020009,NJD,PHI,8479407,Jesper Bratt,F,1.0000,17.4280,0.3077,0.9609,2.3087,0.2649,0.6174,0.6515,0.4008,0.2110
2026020009,NJD,PHI,8480002,Nico Hischier,F,0.9971,19.3416,0.4016,0.9427,2.5790,0.3306,0.6097,0.7053,0.4661,0.2661
2026020009,NJD,PHI,8478414,Timo Meier,F,0.9877,16.7946,0.3374,0.6825,3.0495,0.2858,0.4928,0.7780,0.5689,0.3657
2026020009,NJD,PHI,8482146,Luke Evangelista,F,0.9491,15.5631,0.2042,0.6541,2.1975,0.1838,0.4727,0.6197,0.3819,0.2015
2026020009,NJD,PHI,8482684,Luke Hughes,D,1.0000,24.3011,0.1264,0.6449,2.3345,0.1187,0.4753,0.6570,0.4071,0.2161
2026020009,NJD,PHI,8477511,Anthony Mantha,F,0.9510,13.6519,0.3046,0.6152,1.6081,0.2607,0.4530,0.4693,0.2321,0.0961
2026020009,NJD,PHI,8482110,Dawson Mercer,F,1.0000,17.4903,0.2790,0.5904,1.9300,0.2435,0.4459,0.5604,0.3051,0.1403
2026020009,NJD,PHI,8476462,Dougie Hamilton,D,1.0000,21.5252,0.1470,0.5788,2.7962,0.1367,0.4394,0.7439,0.5149,0.3101
2026020009,NJD,PHI,8481721,Arseny Gritsyuk,F,0.8246,14.3437,0.1943,0.4629,1.8780,0.1731,0.3542,0.5316,0.3241,0.1689
2026020009,NJD,PHI,8477015,Connor Brown,F,0.9439,15.6684,0.1796,0.4415,1.5065,0.1635,0.3527,0.4388,0.2078,0.0821
2026020009,NJD,PHI,8478542,Evan Rodrigues,F,0.9571,15.1519,0.1704,0.4366,1.9853,0.1561,0.3506,0.5716,0.3273,0.1591
2026020009,NJD,PHI,8479996,Cody Glass,F,0.7908,12.8259,0.1643,0.3155,1.1792,0.1483,0.2602,0.3417,0.1535,0.0573
2026020009,NJD,PHI,8476474,Stefan Noesen,F,0.6962,11.1649,0.1117,0.2520,0.9609,0.1032,0.2114,0.2757,0.1165,0.0408
2026020009,NJD,PHI,8478399,Jonas Siegenthaler,D,1.0000,19.8824,0.0346,0.2419,0.9699,0.0340,0.2148,0.2534,0.0799,0.0206
2026020009,NJD,PHI,8477488,Brett Pesce,D,1.0000,20.4583,0.0432,0.2395,1.3928,0.0423,0.2130,0.4001,0.1704,0.0601
2026020009,NJD,PHI,8480003,Jesper Boqvist,F,0.7411,11.2937,0.0945,0.2180,0.7283,0.0888,0.1889,0.1912,0.0610,0.0159
2026020009,NJD,PHI,8475455,Brenden Dillon,D,1.0000,17.7109,0.0425,0.2077,0.7504,0.0416,0.1876,0.1753,0.0442,0.0090
2026020009,NJD,PHI,8480990,Declan Chisholm,D,0.9972,14.9326,0.0375,0.1978,0.9403,0.0368,0.1794,0.2431,0.0749,0.0188
2026020009,NJD,PHI,8483695,Amadeus Lombardi,F,0.2835,11.4952,0.0403,0.0903,0.3736,0.0376,0.0773,0.1064,0.0433,0.0146
2026020009,PHI,NJD,8478439,Travis Konecny,F,0.9589,18.8170,0.2817,0.7164,1.7520,0.2441,0.5046,0.5106,0.2673,0.1177
2026020009,PHI,NJD,8481533,Trevor Zegras,F,0.8998,18.7707,0.2461,0.6420,1.5490,0.2153,0.4590,0.4521,0.2265,0.0951
2026020009,PHI,NJD,8484387,Matvei Michkov,F,0.9400,15.6862,0.2362,0.5803,1.7231,0.2089,0.4330,0.5021,0.2634,0.1163
2026020009,PHI,NJD,8480015,Owen Tippett,F,0.9512,16.6475,0.2646,0.5342,2.0721,0.2310,0.4087,0.5918,0.3503,0.1767
2026020009,PHI,NJD,8477989,Christian Dvorak,F,0.9633,17.5094,0.1725,0.4627,1.2623,0.1580,0.3674,0.3589,0.1456,0.0488
2026020009,PHI,NJD,8480220,Noah Cates,F,0.9461,16.0085,0.1686,0.4281,1.1490,0.1544,0.3444,0.3215,0.1225,0.0385
2026020009,PHI,NJD,8485406,Porter Martone,F,0.6526,17.5205,0.1613,0.3898,1.4825,0.1429,0.2935,0.4199,0.2556,0.1330
2026020009,PHI,NJD,8477948,Travis Sanheim,D,1.0000,23.5667,0.0950,0.3798,1.1144,0.0907,0.3160,0.3048,0.1082,0.0315
2026020009,PHI,NJD,8482142,Jamie Drysdale,D,0.9033,21.7420,0.0866,0.3745,0.9977,0.0826,0.3066,0.2722,0.0959,0.0277
2026020009,PHI,NJD,8476461,Sean Couturier,F,0.9890,15.7702,0.1301,0.3720,1.2282,0.1219,0.3100,0.3454,0.1341,0.0429
2026020009,PHI,NJD,8482159,Tyson Foerster,F,0.7391,17.1553,0.1859,0.3362,1.1678,0.1644,0.2701,0.3400,0.1597,0.0626
2026020009,PHI,NJD,8481546,Cam York,D,0.9480,22.3087,0.0692,0.3258,0.9634,0.0667,0.2757,0.2559,0.0840,0.0226
2026020009,PHI,NJD,8484142,Denver Barkey,F,0.7234,14.0482,0.1052,0.2907,0.7215,0.0979,0.2394,0.1904,0.0615,0.0163
2026020009,PHI,NJD,8477499,Rasmus Ristolainen,D,0.8500,20.4337,0.0388,0.2229,0.9433,0.0379,0.1961,0.2577,0.0912,0.0264
2026020009,PHI,NJD,8483731,Alex Bump,F,0.6019,13.0209,0.1044,0.2085,0.7001,0.0958,0.1762,0.1938,0.0713,0.0215
2026020009,PHI,NJD,8478569,Noel Acciari,F,0.8599,12.8214,0.0870,0.1812,0.7246,0.0828,0.1634,0.1788,0.0499,0.0113
2026020009,PHI,NJD,8483733,Nikita Grebenkin,F,0.6727,11.5792,0.0601,0.1711,0.3841,0.0575,0.1511,0.0772,0.0152,0.0024
2026020009,PHI,NJD,8476372,Nick Seeler,D,0.9626,16.9804,0.0340,0.1562,0.8478,0.0334,0.1442,0.2132,0.0619,0.0146
2026020009,PHI,NJD,8479336,Carl Grundstrom,F,0.7281,11.3395,0.0830,0.1511,0.8238,0.0785,0.1365,0.2263,0.0813,0.0240
2026020009,PHI,NJD,8481122,Simon Benoit,D,0.9247,17.1093,0.0170,0.1181,0.5887,0.0168,0.1109,0.1261,0.0274,0.0048
2026020009,PHI,NJD,8475253,Garrett Wilson,F,0.3741,9.1131,0.0294,0.0658,0.2573,0.0283,0.0603,0.0575,0.0134,0.0025
2026020009,PHI,NJD,8483460,David Jiricek,D,0.4113,12.8261,0.0111,0.0571,0.2424,0.0109,0.0533,0.0496,0.0101,0.0016
2026020010,NYR,TBL,8476459,Mika Zibanejad,F,1.0000,20.2022,0.2944,0.7618,2.1954,0.2551,0.5332,0.6261,0.3726,0.1890
2026020010,NYR,TBL,8476468,J.T. Miller,F,0.9582,19.4118,0.2418,0.7109,1.7277,0.2137,0.5019,0.5038,0.2612,0.1138
2026020010,NYR,TBL,8481604,Pavel Dorofeyev,F,0.9558,17.8684,0.3841,0.6989,2.5907,0.3163,0.4957,0.6973,0.4739,0.2795
2026020010,NYR,TBL,8482109,Alexis Lafrenière,F,1.0000,18.0802,0.2692,0.6349,1.9652,0.2360,0.4700,0.5696,0.3141,0.1465
2026020010,NYR,TBL,8479323,Adam Fox,D,0.7781,22.6835,0.1111,0.5867,1.2254,0.1035,0.4120,0.3567,0.1671,0.0653
2026020010,NYR,TBL,8482157,Will Cuylle,F,1.0000,17.3177,0.2289,0.4816,1.8438,0.2046,0.3822,0.5371,0.2830,0.1256
2026020010,NYR,TBL,8480009,Eeli Tolvanen,F,1.0000,16.0939,0.1951,0.4447,1.6247,0.1773,0.3590,0.4737,0.2273,0.0911
2026020010,NYR,TBL,8477416,Oliver Bjorkstrand,F,0.9667,13.6183,0.1766,0.4364,1.4674,0.1614,0.3512,0.4259,0.1940,0.0735
2026020010,NYR,TBL,8484210,Gabe Perreault,F,0.7779,16.9742,0.1807,0.4163,1.1818,0.1613,0.3224,0.3431,0.1564,0.0593
2026020010,NYR,TBL,8478882,Vladislav Gavrikov,D,0.9661,22.5143,0.0903,0.3403,1.2041,0.0862,0.2868,0.3389,0.1319,0.0423
2026020010,NYR,TBL,8483690,Noah Laba,F,0.8682,14.2282,0.1156,0.2931,0.8562,0.1082,0.2487,0.2250,0.0720,0.0188
2026020010,NYR,TBL,8477969,Marcus Pettersson,D,0.9445,20.5410,0.0411,0.2565,0.7652,0.0402,0.2247,0.1855,0.0500,0.0110
2026020010,NYR,TBL,8480434,Sean Durzi,D,0.6034,18.6190,0.0562,0.2521,0.7272,0.0537,0.2061,0.2031,0.0769,0.0240
2026020010,NYR,TBL,8482073,Braden Schneider,D,0.8464,19.8402,0.0443,0.2220,0.9701,0.0431,0.1953,0.2674,0.0972,0.0290
2026020010,NYR,TBL,8481789,Tye Kartye,F,0.8535,12.2015,0.0924,0.2135,0.8025,0.0875,0.1889,0.2072,0.0637,0.0159
2026020010,NYR,TBL,8485957,Alberts Smits,D,0.5222,20.2283,0.0449,0.1962,0.6634,0.0430,0.1635,0.1875,0.0741,0.0242
2026020010,NYR,TBL,8483669,Adam Sykora,F,0.6437,11.9913,0.0929,0.1694,0.7993,0.0865,0.1489,0.2248,0.0873,0.0279
2026020010,NYR,TBL,8481525,Matthew Robertson,D,0.6147,17.0499,0.0425,0.1646,0.6108,0.0411,0.1444,0.1610,0.0519,0.0136
2026020010,NYR,TBL,8480813,Joseph Veleno,F,0.8615,12.4441,0.0715,0.1604,0.7113,0.0686,0.1463,0.1739,0.0477,0.0106
2026020010,NYR,TBL,8482666,Scott Morrow,D,0.3772,15.7546,0.0188,0.1210,0.3863,0.0183,0.1035,0.1029,0.0340,0.0092
2026020010,NYR,TBL,8482877,Jaroslav Chmelar,F,0.5557,9.8543,0.0653,0.1178,0.4653,0.0616,0.1062,0.1145,0.0318,0.0072
2026020010,NYR,TBL,8482460,Matt Rempe,F,0.5587,9.1549,0.0383,0.0781,0.3897,0.0370,0.0728,0.0877,0.0207,0.0040
2026020010,NYR,TBL,8482861,Vincent Iorio,D,0.3474,15.6139,0.0094,0.0636,0.2280,0.0093,0.0581,0.0497,0.0111,0.0020
2026020010,TBL,NYR,8476453,Nikita Kucherov,F,1.0000,20.1969,0.4548,1.3949,2.8291,0.3654,0.7522,0.7493,0.5220,0.3169
2026020010,TBL,NYR,8477404,Jake Guentzel,F,1.0000,20.0037,0.4333,1.0136,2.5517,0.3516,0.6371,0.7008,0.4593,0.2598
2026020010,TBL,NYR,8479542,Brandon Hagel,F,1.0000,19.7263,0.4056,0.9458,2.4504,0.3334,0.6116,0.6811,0.4352,0.2392
2026020010,TBL,NYR,8478010,Brayden Point,F,1.0000,18.4950,0.4058,0.8904,2.1247,0.3335,0.5895,0.6094,0.3547,0.1756
2026020010,TBL,NYR,8478519,Anthony Cirelli,F,1.0000,17.0734,0.2759,0.6161,1.5562,0.2411,0.4600,0.4526,0.2102,0.0813
2026020010,TBL,NYR,8474590,John Carlson,D,0.8925,22.8618,0.1017,0.5410,1.6377,0.0962,0.4057,0.4772,0.2506,0.1107
2026020010,TBL,NYR,8481624,Ilya Mikheyev,F,1.0000,16.3752,0.1994,0.4219,1.4773,0.1808,0.3442,0.4276,0.1907,0.0707
2026020010,TBL,NYR,8482201,Gage Goncalves,F,1.0000,13.4014,0.1593,0.4049,1.0402,0.1473,0.3330,0.2785,0.0933,0.0256
2026020010,TBL,NYR,8475167,Victor Hedman,D,0.6857,19.5781,0.0699,0.3725,1.0520,0.0665,0.2874,0.3056,0.1404,0.0537
2026020010,TBL,NYR,8480426,Charle-Edouard D'Astous,D,0.8147,19.7661,0.0778,0.3532,0.9743,0.0742,0.2866,0.2716,0.1022,0.0317
2026020010,TBL,NYR,8480995,Pontus Holmberg,F,1.0000,13.2826,0.1381,0.3209,1.1074,0.1290,0.2745,0.3023,0.1068,0.0309
2026020010,TBL,NYR,8482655,J.J. Moser,D,0.9327,22.3319,0.0725,0.3158,1.1454,0.0698,0.2679,0.3213,0.1236,0.0392
2026020010,TBL,NYR,8476878,Zemgus Girgensons,F,1.0000,13.7273,0.0999,0.2265,1.0696,0.0951,0.2027,0.2889,0.0991,0.0278
2026020010,TBL,NYR,8479705,Jeffrey Viel,F,0.8032,11.7643,0.0865,0.2218,0.9497,0.0820,0.1938,0.2640,0.0984,0.0302
2026020010,TBL,NYR,8474151,Ryan McDonagh,D,0.7442,18.8437,0.0400,0.2209,0.5926,0.0389,0.1911,0.1425,0.0379,0.0082
2026020010,TBL,NYR,8483447,Conor Geekie,F,0.6754,11.6460,0.0976,0.2004,0.7113,0.0909,0.1734,0.1912,0.0647,0.0179
2026020010,TBL,NYR,8478416,Erik Cernak,D,0.7544,18.2051,0.0327,0.1706,0.6230,0.0320,0.1527,0.1523,0.0418,0.0093
2026020010,TBL,NYR,8482929,Emil Lilleberg,D,0.6587,18.0778,0.0325,0.1685,0.5488,0.0318,0.1487,0.1347,0.0373,0.0084
2026020010,TBL,NYR,8478424,Jansen Harkins,F,0.8697,9.7653,0.0537,0.1418,0.6625,0.0521,0.1309,0.1560,0.0398,0.0082
2026020010,TBL,NYR,8481719,Max Crozier,D,0.5171,17.0462,0.0233,0.1408,0.6507,0.0228,0.1232,0.1835,0.0720,0.0233
2026020010,TBL,NYR,8477149,Scott Sabourin,F,0.6491,7.9704,0.0402,0.1141,0.3083,0.0390,0.1047,0.0551,0.0091,0.0012
2026020011,BUF,CBJ,8479420,Tage Thompson,F,1.0000,19.5901,0.4794,0.9762,3.1139,0.3809,0.6232,0.7913,0.5813,0.3756
2026020011,BUF,CBJ,8480839,Rasmus Dahlin,D,1.0000,24.2583,0.2071,0.8507,2.3704,0.1870,0.5729,0.6646,0.4159,0.2232
2026020011,BUF,CBJ,8482659,Josh Doan,F,1.0000,16.5821,0.2987,0.6562,2.0914,0.2582,0.4812,0.6014,0.3463,0.1694
2026020011,BUF,CBJ,8482097,Jack Quinn,F,1.0000,16.4060,0.2580,0.6319,2.0457,0.2274,0.4684,0.5901,0.3347,0.1610
2026020011,BUF,CBJ,8480802,Ryan McLeod,F,1.0000,18.7421,0.2164,0.6207,1.2612,0.1946,0.4624,0.3559,0.1399,0.0454
2026020011,BUF,CBJ,8484145,Zach Benson,F,0.9928,17.2546,0.2020,0.5603,1.7553,0.1828,0.4282,0.5121,0.2617,0.1123
2026020011,BUF,CBJ,8480064,Josh Norris,F,0.8524,16.6440,0.2488,0.5416,1.3863,0.2158,0.4009,0.4042,0.1941,0.0779
2026020011,BUF,CBJ,8483500,Noah Ostlund,F,0.9014,15.0288,0.1844,0.4420,1.0441,0.1668,0.3494,0.2886,0.1058,0.0319
2026020011,BUF,CBJ,8482671,Owen Power,D,1.0000,22.4521,0.0960,0.4290,1.4744,0.0915,0.3488,0.4267,0.1900,0.0703
2026020011,BUF,CBJ,8481522,Peyton Krebs,F,1.0000,14.3803,0.1389,0.4025,1.0504,0.1297,0.3314,0.2821,0.0953,0.0263
2026020011,BUF,CBJ,8476891,Matt Grzelcyk,D,1.0000,17.0389,0.0288,0.2813,0.9092,0.0284,0.2452,0.2317,0.0691,0.0168
2026020011,BUF,CBJ,8481806,Louis Crevier,D,1.0000,17.7450,0.0748,0.2656,1.2339,0.0720,0.2332,0.3465,0.1338,0.0426
2026020011,BUF,CBJ,8484797,Konsta Helenius,F,0.6381,13.5692,0.0924,0.2365,1.0156,0.0860,0.1977,0.2958,0.1397,0.0551
2026020011,BUF,CBJ,8479982,Conor Timmins,D,1.0000,18.7932,0.0357,0.2324,0.9860,0.0351,0.2073,0.2591,0.0829,0.0217
2026020011,BUF,CBJ,8477839,Conor Sheary,F,0.7349,13.8859,0.0874,0.2306,0.8345,0.0824,0.1979,0.2294,0.0827,0.0245
2026020011,BUF,CBJ,8479359,Beck Malenstyn,F,0.8619,11.9608,0.0767,0.1836,0.7339,0.0734,0.1654,0.1819,0.0513,0.0117
2026020011,BUF,CBJ,8484305,Zach Metsa,D,0.9734,11.4226,0.0500,0.1799,0.5273,0.0487,0.1642,0.1026,0.0192,0.0029
2026020011,BUF,CBJ,8475842,Sam Carrick,F,0.7472,10.7458,0.0787,0.1694,0.6394,0.0747,0.1516,0.1589,0.0450,0.0104
2026020011,BUF,CBJ,8482896,Tyson Kozak,F,0.6277,12.2285,0.0671,0.1534,0.4540,0.0637,0.1361,0.1041,0.0254,0.0050
2026020011,BUF,CBJ,8479941,Justin Danforth,F,0.6437,13.2180,0.0653,0.1516,0.6651,0.0621,0.1351,0.1777,0.0592,0.0161
2026020011,CBJ,BUF,8478460,Zach Werenski,D,1.0000,27.0192,0.2564,1.0016,3.4539,0.2261,0.6327,0.8325,0.6446,0.4439
2026020011,CBJ,BUF,8482720,Matthew Knies,F,1.0000,19.6260,0.3635,0.8863,2.1187,0.3048,0.5878,0.6080,0.3532,0.1745
2026020011,CBJ,BUF,8484166,Adam Fantilli,F,1.0000,19.9953,0.3886,0.8799,2.8862,0.3220,0.5852,0.7583,0.5344,0.3287
2026020011,CBJ,BUF,8477501,Valeri Nichushkin,F,0.9864,17.5438,0.3154,0.7088,2.1703,0.2700,0.5056,0.6187,0.3687,0.1873
2026020011,CBJ,BUF,8477497,Sean Monahan,F,1.0000,16.9591,0.2447,0.6492,1.7716,0.2171,0.4775,0.5169,0.2646,0.1137
2026020011,CBJ,BUF,8475745,Charlie Coyle,F,1.0000,17.3936,0.2458,0.6241,1.6075,0.2179,0.4643,0.4684,0.2230,0.0886
2026020011,CBJ,BUF,8478856,Conor Garland,F,1.0000,17.2067,0.2218,0.5853,2.0247,0.1989,0.4431,0.5849,0.3293,0.1571
2026020011,CBJ,BUF,8481716,Dmitri Voronkov,F,0.9897,14.7227,0.2830,0.5698,1.8829,0.2461,0.4332,0.5474,0.2950,0.1341
2026020011,CBJ,BUF,8482660,Kent Johnson,F,0.9998,14.3064,0.2128,0.5269,1.5964,0.1917,0.4095,0.4650,0.2202,0.0870
2026020011,CBJ,BUF,8482705,Cole Sillinger,F,1.0000,15.9281,0.1629,0.4850,1.8174,0.1503,0.3843,0.5298,0.2763,0.1212
2026020011,CBJ,BUF,8478500,Ivan Provorov,D,1.0000,25.0239,0.1038,0.4627,1.6544,0.0986,0.3704,0.4826,0.2348,0.0955
2026020011,CBJ,BUF,8483485,Denton Mateychuk,D,1.0000,20.3437,0.1352,0.4090,1.3165,0.1265,0.3357,0.3747,0.1525,0.0513
2026020011,CBJ,BUF,8479671,Mathieu Olivier,F,0.9368,13.9849,0.1911,0.3706,1.2976,0.1728,0.3061,0.3725,0.1579,0.0554
2026020011,CBJ,BUF,8478046,Danton Heinen,F,0.8369,11.4767,0.1140,0.2713,0.8515,0.1066,0.2317,0.2263,0.0744,0.0200
2026020011,CBJ,BUF,8482126,Emil Andrae,D,1.0000,16.1614,0.0461,0.2403,0.8549,0.0450,0.2136,0.2123,0.0600,0.0138
2026020011,CBJ,BUF,8475790,Erik Gudbranson,D,1.0000,17.4523,0.0359,0.1884,0.9094,0.0353,0.1717,0.2317,0.0692,0.0168
2026020011,CBJ,BUF,8483432,Luca Del Bel Belluz,F,0.5209,10.6649,0.0624,0.1622,0.5461,0.0588,0.1394,0.1466,0.0494,0.0136
2026020011,CBJ,BUF,8479066,Ryan Lomberg,F,0.7295,8.8975,0.0550,0.1314,0.6493,0.0530,0.1203,0.1640,0.0481,0.0115
2026020011,CBJ,BUF,8481161,Jake Christiansen,D,0.9930,10.9487,0.0170,0.1198,0.7036,0.0168,0.1129,0.1597,0.0382,0.0074
2026020012,MIN,NSH,8478864,Kirill Kaprizov,F,0.9415,22.2504,0.5562,1.2305,3.2270,0.4200,0.6867,0.7811,0.6025,0.4130
2026020012,MIN,NSH,8480800,Quinn Hughes,D,1.0000,26.3996,0.1961,1.1062,2.5455,0.1781,0.6692,0.6996,0.4578,0.2585
2026020012,MIN,NSH,8481557,Matt Boldy,F,0.9932,20.9649,0.4841,1.1062,3.3354,0.3832,0.6671,0.8162,0.6233,0.4221
2026020012,MIN,NSH,8478493,Joel Eriksson Ek,F,0.9280,18.9092,0.3038,0.7301,2.5894,0.2591,0.5054,0.6895,0.4766,0.2867
2026020012,MIN,NSH,8477451,Ryan Hartman,F,0.9721,16.3345,0.2533,0.5511,2.1076,0.2230,0.4207,0.6024,0.3555,0.1786
2026020012,MIN,NSH,8476399,Blake Coleman,F,0.9806,16.3699,0.2387,0.5022,2.1106,0.2119,0.3930,0.6041,0.3547,0.1773
2026020012,MIN,NSH,8481553,Bobby Brink,F,0.9295,15.6548,0.2101,0.4992,1.4494,0.1880,0.3863,0.4216,0.1961,0.0760
2026020012,MIN,NSH,8483525,Danila Yurov,F,0.9028,14.0331,0.1872,0.4102,1.1527,0.1691,0.3297,0.3261,0.1295,0.0424
2026020012,MIN,NSH,8485702,Maxim Shabanov,F,0.7705,14.0372,0.1319,0.3650,1.0933,0.1212,0.2907,0.3149,0.1361,0.0488
2026020012,MIN,NSH,8474716,Jared Spurgeon,D,1.0000,18.4148,0.0688,0.3323,1.1599,0.0665,0.2827,0.3208,0.1177,0.0355
2026020012,MIN,NSH,8476463,Jonas Brodin,D,0.9541,19.8874,0.0683,0.3124,1.1557,0.0659,0.2664,0.3232,0.1229,0.0385
2026020012,MIN,NSH,8473422,Nick Foligno,F,0.8989,12.2606,0.1111,0.2784,0.8851,0.1045,0.2394,0.2325,0.0743,0.0194
2026020012,MIN,NSH,8478508,Yakov Trenin,F,0.9879,12.9064,0.1111,0.2741,1.1711,0.1050,0.2393,0.3257,0.1217,0.0374
2026020012,MIN,NSH,8477446,Michael McCarron,F,0.9751,13.3457,0.1121,0.2513,1.1814,0.1059,0.2215,0.3303,0.1257,0.0394
2026020012,MIN,NSH,8475220,Marcus Foligno,F,0.8802,12.2922,0.1149,0.2440,0.8366,0.1078,0.2131,0.2169,0.0673,0.0170
2026020012,MIN,NSH,8476874,Olli Maatta,D,0.8710,17.1192,0.0403,0.2298,0.6663,0.0394,0.2020,0.1572,0.0403,0.0084
2026020012,MIN,NSH,8481477,Nico Sturm,F,0.8396,10.5233,0.0789,0.1728,0.6777,0.0753,0.1562,0.1640,0.0441,0.0096
2026020012,MIN,NSH,8486166,Viking Gustafsson Nyberg,D,0.6357,18.2398,0.0307,0.1465,0.5735,0.0300,0.1309,0.1457,0.0432,0.0104
2026020012,MIN,NSH,8474567,Zach Bogosian,D,0.6066,14.1046,0.0286,0.1224,0.4862,0.0279,0.1109,0.1173,0.0313,0.0068
2026020012,MIN,NSH,8482094,Daemon Hunt,D,0.4365,13.2097,0.0132,0.1091,0.3223,0.0130,0.0966,0.0747,0.0186,0.0037
2026020012,MIN,NSH,8483766,David Spacek,D,0.4961,14.3353,0.0236,0.1089,0.4183,0.0231,0.0978,0.1032,0.0288,0.0066
2026020012,NSH,MIN,8476887,Filip Forsberg,F,1.0000,19.5461,0.4113,0.8843,3.0542,0.3372,0.5870,0.7831,0.5693,0.3634
2026020012,NSH,MIN,8475158,Ryan O'Reilly,F,1.0000,21.4282,0.2737,0.7385,1.8560,0.2394,0.5222,0.5404,0.2861,0.1276
2026020012,NSH,MIN,8474564,Steven Stamkos,F,1.0000,18.0477,0.3649,0.7165,2.2598,0.3058,0.5116,0.6407,0.3887,0.2014
2026020012,NSH,MIN,8474600,Roman Josi,D,0.9445,24.8396,0.1521,0.6750,2.3489,0.1405,0.4823,0.6501,0.4193,0.2329
2026020012,NSH,MIN,8476539,Jonathan Marchessault,F,1.0000,17.0425,0.2393,0.5586,2.1841,0.2128,0.4280,0.6235,0.3697,0.1868
2026020012,NSH,MIN,8482145,Mavrik Bourque,F,1.0000,16.5680,0.2173,0.4763,1.7077,0.1953,0.3789,0.4984,0.2483,0.1036
2026020012,NSH,MIN,8484241,Matthew Wood,F,1.0000,13.8870,0.2267,0.4571,1.5516,0.2029,0.3669,0.4512,0.2090,0.0807
2026020012,NSH,MIN,8476869,Brady Skjei,D,1.0000,23.1006,0.0876,0.3859,1.6143,0.0839,0.3201,0.4705,0.2247,0.0896
2026020012,NSH,MIN,8479525,Ross Colton,F,1.0000,13.1851,0.1534,0.3490,1.7449,0.1422,0.2946,0.5092,0.2577,0.1094
2026020012,NSH,MIN,8480835,Jack Drury,F,1.0000,16.2541,0.1240,0.3178,1.3397,0.1166,0.2723,0.3825,0.1579,0.0539
2026020012,NSH,MIN,8477021,Alexander Kerfoot,F,1.0000,14.4965,0.1135,0.2842,0.9794,0.1073,0.2474,0.2568,0.0817,0.0212
2026020012,NSH,MIN,8481535,Nils Hoglander,F,1.0000,12.3860,0.1250,0.2661,1.1068,0.1175,0.2336,0.3021,0.1066,0.0309
2026020012,NSH,MIN,8480246,Nick Perbix,D,0.9069,19.6672,0.0485,0.2220,0.9081,0.0472,0.1970,0.2400,0.0778,0.0206
2026020012,NSH,MIN,8483513,Reid Schaefer,F,1.0000,10.7984,0.1175,0.2090,0.9522,0.1108,0.1886,0.2470,0.0767,0.0194
2026020012,NSH,MIN,8479980,Nicolas Hague,D,0.8490,20.3455,0.0444,0.1963,0.9295,0.0433,0.1753,0.2529,0.0884,0.0254
2026020012,NSH,MIN,8482482,Adam Wilsby,D,0.6781,18.1708,0.0287,0.1865,0.7394,0.0281,0.1630,0.2009,0.0700,0.0200
2026020012,NSH,MIN,8482715,Ryan Ufko,D,0.4679,15.7812,0.0360,0.1790,0.4118,0.0346,0.1487,0.1035,0.0300,0.0071
2026020012,NSH,MIN,8481726,Adam Edstrom,F,0.9883,10.1588,0.0864,0.1620,0.8436,0.0828,0.1494,0.2094,0.0591,0.0136
2026020012,NSH,MIN,8480950,Ilya Lyubushkin,D,0.6560,16.4648,0.0137,0.1117,0.3914,0.0135,0.1027,0.0807,0.0165,0.0027
2026020012,NSH,MIN,8482072,Jack Ahcan,D,0.2738,12.9676,0.0086,0.0549,0.2026,0.0084,0.0498,0.0470,0.0117,0.0024
2026020012,NSH,MIN,8482806,William Trudeau,D,0.2237,15.6113,0.0087,0.0402,0.1852,0.0085,0.0368,0.0453,0.0125,0.0028
2026020013,CHI,UTA,8474141,Patrick Kane,F,1.0000,16.2766,0.2220,0.6456,1.9991,0.1991,0.4756,0.5784,0.3228,0.1525
2026020013,CHI,UTA,8477479,Tyler Bertuzzi,F,1.0000,17.3919,0.3032,0.6386,1.7910,0.2615,0.4719,0.5224,0.2695,0.1168
2026020013,CHI,UTA,8483493,Frank Nazar,F,0.9749,18.7076,0.2477,0.6152,1.9856,0.2188,0.4562,0.5731,0.3241,0.1553
2026020013,CHI,UTA,8476882,Teuvo Teravainen,F,1.0000,17.2595,0.1924,0.5369,1.2770,0.1750,0.4154,0.3613,0.1435,0.0470
2026020013,CHI,UTA,8481524,Bowen Byram,D,0.9678,23.0113,0.1211,0.4807,1.2401,0.1138,0.3789,0.3511,0.1398,0.0459
2026020013,CHI,UTA,8485391,Anton Frondell,F,0.7453,18.1215,0.1902,0.4774,1.9598,0.1678,0.3525,0.5330,0.3558,0.2055
2026020013,CHI,UTA,8477987,Ryan Donato,F,1.0000,14.3756,0.2129,0.4589,1.5493,0.1918,0.3680,0.4504,0.2084,0.0803
2026020013,CHI,UTA,8483450,Ryan Greene,F,1.0000,17.5118,0.1666,0.4251,1.3571,0.1534,0.3463,0.3883,0.1619,0.0559
2026020013,CHI,UTA,8484783,Artyom Levshunov,D,0.8296,20.6655,0.0606,0.3721,1.1426,0.0585,0.2998,0.3277,0.1383,0.0483
2026020013,CHI,UTA,8484197,Oliver Moore,F,0.7900,13.5284,0.1057,0.3115,0.9347,0.0989,0.2574,0.2598,0.0969,0.0297
2026020013,CHI,UTA,8484185,Nick Lardis,F,0.7208,13.2923,0.1636,0.2931,1.0001,0.1464,0.2408,0.2871,0.1219,0.0429
2026020013,CHI,UTA,8483506,Sam Rinzel,D,0.7219,19.2758,0.0647,0.2792,1.1469,0.0619,0.2316,0.3340,0.1575,0.0620
2026020013,CHI,UTA,8481568,Alex Vlasic,D,0.9575,22.0049,0.0407,0.2733,0.9828,0.0399,0.2378,0.2619,0.0868,0.0235
2026020013,CHI,UTA,8478233,Andrew Mangiapane,F,0.7847,12.2899,0.1113,0.2531,0.7554,0.1038,0.2163,0.1968,0.0617,0.0158
2026020013,CHI,UTA,8482176,Wyatt Kaiser,D,0.7951,20.3331,0.0553,0.2029,0.8180,0.0534,0.1791,0.2182,0.0724,0.0196
2026020013,CHI,UTA,8482062,Cole Smith,F,0.8722,13.3239,0.0826,0.1853,0.8333,0.0788,0.1670,0.2165,0.0674,0.0171
2026020013,CHI,UTA,8474013,Ian Cole,D,0.9033,17.7658,0.0262,0.1796,0.6139,0.0258,0.1629,0.1363,0.0314,0.0059
2026020013,CHI,UTA,8478413,Jordan Greenway,F,0.7467,12.7899,0.0589,0.1607,0.6665,0.0566,0.1446,0.1686,0.0495,0.0118
2026020013,CHI,UTA,8484390,Roman Kantserov,F,0.4543,13.2589,0.0685,0.1553,0.6006,0.0635,0.1315,0.1711,0.0699,0.0236
2026020013,CHI,UTA,8484793,Sacha Boisvert,F,0.5064,10.8538,0.0632,0.1374,0.5259,0.0594,0.1204,0.1407,0.0471,0.0129
2026020013,CHI,UTA,8476952,Dominic Toninato,F,0.4048,9.1921,0.0267,0.0763,0.2949,0.0258,0.0696,0.0679,0.0167,0.0033
2026020013,CHI,UTA,8482807,Ethan Del Mastro,D,0.4076,15.3880,0.0177,0.0732,0.3277,0.0173,0.0670,0.0792,0.0212,0.0046
2026020013,CHI,UTA,8483466,Kevin Korchinski,D,0.4172,15.2331,0.0171,0.0713,0.3459,0.0168,0.0655,0.0847,0.0233,0.0052
2026020013,UTA,CHI,8479343,Clayton Keller,F,0.9923,18.5755,0.3759,1.0701,2.6958,0.3129,0.6548,0.7250,0.4934,0.2915
2026020013,UTA,CHI,8482699,Dylan Guenther,F,0.9278,17.5412,0.4411,0.9103,2.9481,0.3511,0.5800,0.7419,0.5509,0.3605
2026020013,UTA,CHI,8477951,Nick Schmaltz,F,0.9936,18.7157,0.3292,0.8519,2.2621,0.2802,0.5721,0.6403,0.3903,0.2034
2026020013,UTA,CHI,8479410,Mikhail Sergachev,D,0.9855,24.3287,0.1525,0.7540,2.0055,0.1413,0.5269,0.5789,0.3272,0.1567
2026020013,UTA,CHI,8476389,Vincent Trocheck,F,0.9416,19.2819,0.2592,0.7328,1.9257,0.2266,0.5092,0.5555,0.3150,0.1515
2026020013,UTA,CHI,8483431,Logan Cooley,F,0.8198,17.6731,0.3108,0.6785,1.7952,0.2587,0.4615,0.5122,0.3043,0.1540
2026020013,UTA,CHI,8475314,Anders Lee,F,0.9924,14.6799,0.2544,0.5229,2.2123,0.2244,0.4065,0.6290,0.3782,0.1940
2026020013,UTA,CHI,8477346,MacKenzie Weegar,D,1.0000,22.1118,0.1094,0.5159,2.0838,0.1037,0.4030,0.5995,0.3444,0.1679
2026020013,UTA,CHI,8478474,Lawson Crouse,F,0.9815,15.8150,0.2481,0.4752,1.7320,0.2193,0.3767,0.5054,0.2579,0.1105
2026020013,UTA,CHI,8480849,Barrett Hayton,F,0.8861,15.1010,0.1872,0.4436,1.6809,0.1687,0.3490,0.4887,0.2629,0.1192
2026020013,UTA,CHI,8478507,John Marino,D,0.9495,20.3389,0.0520,0.3701,0.7991,0.0506,0.3065,0.1971,0.0550,0.0125
2026020013,UTA,CHI,8480855,Jack McBain,F,0.9068,13.7161,0.1438,0.3528,1.1735,0.1330,0.2923,0.3329,0.1336,0.0443
2026020013,UTA,CHI,8479619,Michael Carcone,F,0.8378,12.3030,0.1776,0.3469,1.4416,0.1600,0.2840,0.4207,0.2108,0.0885
2026020013,UTA,CHI,8477220,Nate Schmidt,D,0.9825,18.7478,0.0593,0.2794,1.0546,0.0575,0.2432,0.2852,0.0981,0.0276
2026020013,UTA,CHI,8478831,Kevin Stenlund,F,0.9567,13.9669,0.1156,0.2737,0.9932,0.1088,0.2380,0.2657,0.0889,0.0243
2026020013,UTA,CHI,8479977,Kailer Yamamoto,F,0.6502,11.7203,0.1269,0.2438,0.7067,0.1153,0.2033,0.1918,0.0667,0.0190
2026020013,UTA,CHI,8484388,Daniil But,F,0.6163,13.1429,0.1067,0.2438,1.0575,0.0980,0.2013,0.3087,0.1543,0.0646
2026020013,UTA,CHI,8479369,Andrew Peeke,D,0.9315,19.4827,0.0466,0.2396,1.0668,0.0455,0.2113,0.2940,0.1068,0.0318
2026020013,UTA,CHI,8480084,Nick DeSimone,D,0.5874,14.2894,0.0305,0.1293,0.5577,0.0297,0.1161,0.1445,0.0448,0.0113
2026020013,UTA,CHI,8484386,Dmitri Simashev,D,0.5637,16.4874,0.0237,0.1193,0.6756,0.0232,0.1075,0.1884,0.0711,0.0220
2026020013,UTA,CHI,8477070,Liam O'Brien,F,0.4972,9.0151,0.0381,0.0863,0.4428,0.0367,0.0793,0.1119,0.0328,0.0078
2026020014,CGY,SEA,8482679,Matt Coronato,F,1.0000,18.1621,0.3330,0.7834,2.7882,0.2832,0.5432,0.7426,0.5131,0.3085
2026020014,CGY,SEA,8480028,Morgan Frost,F,1.0000,16.4142,0.2794,0.6673,1.9407,0.2438,0.4869,0.5632,0.3079,0.1421
2026020014,CGY,SEA,8481068,Yegor Sharangovich,F,1.0000,17.1476,0.2804,0.5817,1.9773,0.2445,0.4411,0.5727,0.3172,0.1486
2026020014,CGY,SEA,8480797,Joel Farabee,F,1.0000,18.2483,0.2691,0.5788,2.0663,0.2359,0.4394,0.5952,0.3399,0.1647
2026020014,CGY,SEA,8474150,Mikael Backlund,F,1.0000,18.4806,0.2120,0.5394,2.2651,0.1911,0.4169,0.6419,0.3900,0.2024
2026020014,CGY,SEA,8482074,Connor Zary,F,0.8990,15.5017,0.2228,0.5005,1.6181,0.1974,0.3838,0.4719,0.2443,0.1063
2026020014,CGY,SEA,8484860,Matvei Gridin,F,0.7234,16.8308,0.1880,0.5002,1.6117,0.1656,0.3611,0.4583,0.2754,0.1412
2026020014,CGY,SEA,8476458,Ryan Strome,F,0.8598,13.9373,0.1272,0.3923,1.1314,0.1183,0.3150,0.3220,0.1310,0.0440
2026020014,CGY,SEA,8483495,Simon Nemec,D,0.7315,21.8214,0.1012,0.3717,1.2972,0.0945,0.2914,0.3785,0.1938,0.0834
2026020014,CGY,SEA,8484768,Zayne Parekh,D,0.4940,20.7997,0.0875,0.3180,0.9128,0.0802,0.2345,0.2659,0.1403,0.0623
2026020014,CGY,SEA,8480860,Kevin Bahl,D,0.8778,23.5498,0.0581,0.3142,0.9486,0.0562,0.2641,0.2571,0.0889,0.0252
2026020014,CGY,SEA,8483609,Adam Klapka,F,0.7141,11.2374,0.1108,0.2548,0.9003,0.1026,0.2143,0.2540,0.0998,0.0324
2026020014,CGY,SEA,8480727,Zach Whitecloud,D,0.8427,20.9919,0.0484,0.2517,0.8739,0.0470,0.2176,0.2337,0.0781,0.0213
2026020014,CGY,SEA,8482165,Yan Kuznetsov,D,0.7202,21.5459,0.0604,0.2346,0.9513,0.0580,0.2002,0.2709,0.1106,0.0373
2026020014,CGY,SEA,8482209,Rory Kerins,F,0.5120,14.7631,0.0814,0.2332,0.6411,0.0753,0.1873,0.1806,0.0706,0.0227
2026020014,CGY,SEA,8478136,Jake Middleton,D,0.7219,18.6844,0.0561,0.2302,0.7369,0.0540,0.1971,0.1960,0.0646,0.0174
2026020014,CGY,SEA,8481028,Martin Pospisil,F,0.6671,11.7413,0.0632,0.1983,0.8629,0.0603,0.1715,0.2448,0.0982,0.0325
2026020014,CGY,SEA,8484958,Maxim Tsyplakov,F,0.6150,10.3895,0.0716,0.1972,0.6568,0.0676,0.1687,0.1773,0.0607,0.0170
2026020014,CGY,SEA,8484234,Aydar Suniev,F,0.5390,12.9389,0.0796,0.1938,0.8378,0.0740,0.1628,0.2437,0.1130,0.0437
2026020014,CGY,SEA,8484180,Samuel Honzek,F,0.6261,13.9369,0.0872,0.1890,0.8925,0.0814,0.1632,0.2573,0.1116,0.0401
2026020014,CGY,SEA,8484150,Hunter Brzustewicz,D,0.4763,18.2780,0.0421,0.1762,0.6294,0.0403,0.1473,0.1792,0.0732,0.0247
2026020014,CGY,SEA,8482747,Brennan Othmann,F,0.4977,11.1403,0.0605,0.1323,0.5663,0.0570,0.1162,0.1558,0.0563,0.0167
2026020014,CGY,SEA,8484154,Jonathan Castagna,F,0.3466,12.6709,0.0537,0.1196,0.4693,0.0498,0.1012,0.1342,0.0559,0.0192
2026020014,CGY,SEA,8477810,Joel Hanley,D,0.4809,15.0564,0.0146,0.0985,0.3182,0.0144,0.0891,0.0696,0.0157,0.0028
2026020014,CGY,SEA,8481167,Brayden Pachal,D,0.3448,14.7550,0.0197,0.0906,0.3167,0.0192,0.0796,0.0810,0.0244,0.0060
2026020014,CGY,SEA,8483709,Abram Wiebe,D,0.3098,14.8480,0.0159,0.0743,0.2525,0.0155,0.0661,0.0614,0.0166,0.0037
2026020014,SEA,CGY,8482665,Matty Beniers,F,1.0000,20.5615,0.3086,0.7517,2.1070,0.2656,0.5284,0.6052,0.3503,0.1723
2026020014,SEA,CGY,8477955,Jared McCann,F,1.0000,16.8437,0.3161,0.7329,2.3514,0.2710,0.5195,0.6606,0.4113,0.2194
2026020014,SEA,CGY,8476905,Chandler Stephenson,F,1.0000,20.1023,0.2173,0.6851,1.2581,0.1953,0.4960,0.3548,0.1392,0.0450
2026020014,SEA,CGY,8474586,Jordan Eberle,F,1.0000,17.8222,0.2798,0.6850,1.9913,0.2441,0.4959,0.5763,0.3208,0.1511
2026020014,SEA,CGY,8478407,Vince Dunn,D,0.9297,22.0150,0.1457,0.6255,1.9795,0.1349,0.4553,0.5676,0.3309,0.1640
2026020014,SEA,CGY,8482259,Bobby McMann,F,1.0000,15.7450,0.3130,0.5635,2.3238,0.2687,0.4308,0.6547,0.4045,0.2139
2026020014,SEA,CGY,8481554,Kaapo Kakko,F,1.0000,14.8478,0.2151,0.5627,1.4440,0.1935,0.4303,0.4169,0.1826,0.0664
2026020014,SEA,CGY,8483524,Shane Wright,F,1.0000,14.7228,0.2416,0.5421,1.4125,0.2146,0.4185,0.4066,0.1751,0.0625
2026020014,SEA,CGY,8477986,Brandon Montour,D,0.9208,22.5284,0.1392,0.4883,2.3156,0.1292,0.3790,0.6388,0.4149,0.2323
2026020014,SEA,CGY,8484800,Berkly Catton,F,0.9614,14.0013,0.1674,0.3748,1.3661,0.1537,0.3104,0.3936,0.1703,0.0611
2026020014,SEA,CGY,8477919,Frederick Gaudreau,F,1.0000,16.4618,0.1417,0.3713,1.2212,0.1321,0.3102,0.3421,0.1310,0.0413
2026020014,SEA,CGY,8476457,Adam Larsson,D,0.9990,21.7916,0.0702,0.3052,1.3212,0.0678,0.2630,0.3763,0.1537,0.0519
2026020014,SEA,CGY,8482751,Ryan Winterton,F,0.8632,12.9446,0.0813,0.2631,1.2275,0.0776,0.2268,0.3537,0.1531,0.0550
2026020014,SEA,CGY,8482858,Ryker Evans,D,0.8484,19.0107,0.0694,0.2614,0.7389,0.0666,0.2250,0.1850,0.0532,0.0124
2026020014,SEA,CGY,8483570,Ben Meyers,F,0.8073,12.6618,0.0987,0.2122,0.8947,0.0929,0.1866,0.2443,0.0863,0.0250
2026020014,SEA,CGY,8479324,Ryan Lindgren,D,0.9048,19.6170,0.0405,0.2107,0.7504,0.0396,0.1880,0.1838,0.0506,0.0113
2026020014,SEA,CGY,8482874,Jacob Melanson,F,0.7233,9.9232,0.0711,0.1561,0.7357,0.0677,0.1404,0.1955,0.0642,0.0173
2026020014,SEA,CGY,8482866,Ville Ottavainen,D,0.4421,15.6149,0.0225,0.1180,0.4051,0.0219,0.1036,0.1036,0.0311,0.0076
2026020014,SEA,CGY,8480876,Curtis Douglas,F,0.6447,7.0842,0.0407,0.1018,0.4720,0.0394,0.0942,0.1089,0.0269,0.0054
2026020014,SEA,CGY,8479985,Cale Fleury,D,0.4566,16.5751,0.0220,0.0985,0.4968,0.0215,0.0886,0.1349,0.0469,0.0134
2026020014,SEA,CGY,8479372,Josh Mahura,D,0.4985,15.8635,0.0114,0.0941,0.4515,0.0112,0.0858,0.1149,0.0342,0.0083
2026020015,EDM,VAN,8478402,Connor McDavid,F,1.0000,23.3440,0.5705,1.7620,3.7009,0.4348,0.8283,0.8574,0.6855,0.4913
2026020015,EDM,VAN,8477934,Leon Draisaitl,F,1.0000,21.7610,0.5894,1.4671,3.0911,0.4453,0.7694,0.7882,0.5767,0.3710
2026020015,EDM,VAN,8480803,Evan Bouchard,D,1.0000,26.3021,0.2353,1.1241,3.0170,0.2097,0.6751,0.7778,0.5617,0.3557
2026020015,EDM,VAN,8475786,Zach Hyman,F,1.0000,19.6007,0.4791,0.8942,2.9754,0.3807,0.5911,0.7717,0.5532,0.3472
2026020015,EDM,VAN,8476454,Ryan Nugent-Hopkins,F,1.0000,19.1683,0.3001,0.8577,2.0734,0.2592,0.5759,0.5970,0.3417,0.1660
2026020015,EDM,VAN,8481617,Vasily Podkolzin,F,1.0000,15.5481,0.2133,0.4761,1.7316,0.1921,0.3788,0.5054,0.2543,0.1073
2026020015,EDM,VAN,8475218,Mattias Ekholm,D,1.0000,20.7833,0.0955,0.4518,1.7495,0.0911,0.3635,0.5105,0.2589,0.1102
2026020015,EDM,VAN,8477953,Kasperi Kapanen,F,1.0000,13.9797,0.1333,0.3359,1.3556,0.1248,0.2853,0.3878,0.1616,0.0557
2026020015,EDM,VAN,8478013,Jake Walman,D,0.7101,20.0568,0.0937,0.3255,1.3924,0.0878,0.2611,0.4037,0.2223,0.1034
2026020015,EDM,VAN,8482703,Colton Dach,F,1.0000,12.0315,0.1253,0.3071,1.1284,0.1177,0.2644,0.3097,0.1111,0.0327
2026020015,EDM,VAN,8478854,Ryan Shea,D,0.7688,19.6552,0.0609,0.2997,0.7224,0.0586,0.2482,0.1865,0.0573,0.0143
2026020015,EDM,VAN,8483455,Isaac Howard,F,0.9886,11.1837,0.1328,0.2974,1.4399,0.1242,0.2568,0.4161,0.1835,0.0672
2026020015,EDM,VAN,8479365,Trent Frederic,F,1.0000,11.2176,0.1405,0.2898,1.1439,0.1311,0.2516,0.3152,0.1143,0.0341
2026020015,EDM,VAN,8478472,Mathieu Joseph,F,1.0000,11.9382,0.0884,0.2874,0.9855,0.0846,0.2498,0.2589,0.0828,0.0216
2026020015,EDM,VAN,8486161,Owen Michaels,F,0.6133,10.6891,0.0998,0.2160,0.6586,0.0921,0.1820,0.1781,0.0613,0.0173
2026020015,EDM,VAN,8482166,Shakir Mukhamadullin,D,0.6514,18.5120,0.0579,0.2010,0.7533,0.0554,0.1730,0.2082,0.0762,0.0229
2026020015,EDM,VAN,8476473,Connor Murphy,D,0.6987,18.1572,0.0401,0.1907,0.6774,0.0390,0.1669,0.1769,0.0558,0.0144
2026020015,EDM,VAN,8479368,Max Jones,F,0.7915,8.7366,0.0776,0.1700,0.7220,0.0739,0.1530,0.1842,0.0551,0.0134
2026020015,EDM,VAN,8480834,Ty Emberson,D,0.6304,16.5439,0.0278,0.1677,0.5356,0.0272,0.1473,0.1326,0.0373,0.0085
2026020015,EDM,VAN,8480029,Alex Formenton,F,0.6023,10.6890,0.0733,0.1527,0.6468,0.0690,0.1349,0.1749,0.0602,0.0170
2026020015,EDM,VAN,8481056,Spencer Stastney,D,0.5405,16.5489,0.0280,0.1344,0.4863,0.0273,0.1190,0.1234,0.0365,0.0088
2026020015,VAN,EDM,8480012,Elias Pettersson,F,1.0000,20.7687,0.2943,0.8439,2.0925,0.2550,0.5700,0.6017,0.3466,0.1696
2026020015,VAN,EDM,8478444,Brock Boeser,F,1.0000,20.5160,0.3489,0.7612,2.2406,0.2945,0.5329,0.6364,0.3839,0.1977
2026020015,VAN,EDM,8482079,Marco Rossi,F,0.9413,19.2579,0.2503,0.6330,1.6381,0.2198,0.4608,0.4781,0.2415,0.1023
2026020015,VAN,EDM,8479425,Filip Hronek,D,0.9799,27.9999,0.1051,0.6209,1.7638,0.0996,0.4599,0.5143,0.2663,0.1159
2026020015,VAN,EDM,8478498,Jake DeBrusk,F,1.0000,18.2340,0.3113,0.6094,2.4801,0.2675,0.4564,0.6870,0.4424,0.2452
2026020015,VAN,EDM,8484798,Zeev Buium,D,0.8580,22.7545,0.1014,0.4591,1.1238,0.0956,0.3556,0.3195,0.1295,0.0434
2026020015,VAN,EDM,8481024,Linus Karlsson,F,0.9621,13.3788,0.1827,0.4016,1.4520,0.1664,0.3283,0.4212,0.1910,0.0721
2026020015,VAN,EDM,8482055,Drew O'Connor,F,1.0000,16.1807,0.1834,0.3800,1.6520,0.1676,0.3161,0.4819,0.2342,0.0951
2026020015,VAN,EDM,8475848,Brendan Gallagher,F,1.0000,12.7792,0.1559,0.3437,1.5347,0.1444,0.2908,0.4459,0.2048,0.0783
2026020015,VAN,EDM,8483499,Liam Ohgren,F,0.9080,14.7863,0.1310,0.2978,1.3448,0.1220,0.2539,0.3894,0.1740,0.0646
2026020015,VAN,EDM,8484240,Tom Willander,D,0.8122,19.8594,0.0655,0.2961,0.8863,0.0630,0.2482,0.2409,0.0840,0.0240
2026020015,VAN,EDM,8484136,Max Sasson,F,0.9315,12.6192,0.1524,0.2769,0.9916,0.1406,0.2395,0.2675,0.0914,0.0256
2026020015,VAN,EDM,8482691,Aatu Räty,F,0.9014,13.7306,0.1097,0.2529,1.0120,0.1033,0.2206,0.2774,0.0991,0.0290
2026020015,VAN,EDM,8481032,Paul Cotter,F,1.0000,11.6442,0.1300,0.2443,0.9311,0.1219,0.2167,0.2395,0.0730,0.0181
2026020015,VAN,EDM,8483476,Jonathan Lekkerimäki,F,0.6714,13.6062,0.1084,0.2263,0.8955,0.1001,0.1921,0.2555,0.1051,0.0357
2026020015,VAN,EDM,8476467,Jamie Oleksiak,D,0.9257,18.9087,0.0465,0.1896,0.8796,0.0453,0.1714,0.2280,0.0707,0.0179
2026020015,VAN,EDM,8483678,Elias Pettersson,D,0.8569,17.5451,0.0394,0.1545,0.6921,0.0385,0.1413,0.1675,0.0451,0.0098
2026020015,VAN,EDM,8483395,Arshdeep Bains,F,0.6844,10.2819,0.0518,0.1247,0.5001,0.0499,0.1140,0.1153,0.0284,0.0057
2026020015,VAN,EDM,8483768,Victor Mancini,D,0.5244,15.9914,0.0198,0.1098,0.4128,0.0194,0.0990,0.0987,0.0260,0.0055
2026020015,VAN,EDM,8474568,Luke Schenn,D,0.6096,15.2762,0.0147,0.0862,0.5011,0.0145,0.0804,0.1223,0.0334,0.0074
2026020015,VAN,EDM,8478465,Guillaume Brisebois,D,0.4332,13.6492,0.0139,0.0635,0.2519,0.0137,0.0591,0.0512,0.0102,0.0017
2026020016,FLA,SJS,8477933,Sam Reinhart,F,1.0000,20.1541,0.4646,0.9895,2.3747,0.3716,0.6283,0.6655,0.4169,0.2240
2026020016,FLA,SJS,8479314,Matthew Tkachuk,F,1.0000,17.6497,0.3369,0.8975,2.6548,0.2860,0.5924,0.7198,0.4832,0.2809
2026020016,FLA,SJS,8480801,Brady Tkachuk,F,1.0000,16.9446,0.3863,0.8798,3.4672,0.3205,0.5851,0.8340,0.6469,0.4465
2026020016,FLA,SJS,8477409,Carter Verhaeghe,F,1.0000,17.2536,0.3385,0.7716,2.4846,0.2871,0.5377,0.6879,0.4434,0.2461
2026020016,FLA,SJS,8477935,Sam Bennett,F,1.0000,17.8643,0.3371,0.7658,2.5987,0.2862,0.5351,0.7096,0.4703,0.2694
2026020016,FLA,SJS,8477493,Aleksander Barkov,F,1.0000,17.2652,0.2435,0.7456,1.8966,0.2161,0.5256,0.5515,0.2966,0.1345
2026020016,FLA,SJS,8482113,Anton Lundell,F,1.0000,19.0135,0.2793,0.7160,2.2434,0.2437,0.5113,0.6370,0.3846,0.1982
2026020016,FLA,SJS,8477495,Seth Jones,D,0.8616,22.7685,0.1178,0.5587,1.5833,0.1101,0.4111,0.4613,0.2425,0.1073
2026020016,FLA,SJS,8477932,Aaron Ekblad,D,0.9614,21.9518,0.0864,0.4827,1.5480,0.0827,0.3795,0.4511,0.2150,0.0855
2026020016,FLA,SJS,8480185,Eetu Luostarinen,F,1.0000,16.6196,0.1755,0.4579,1.3871,0.1610,0.3674,0.3983,0.1690,0.0594
2026020016,FLA,SJS,8478055,Gustav Forsling,D,1.0000,22.3635,0.0903,0.4330,1.8032,0.0864,0.3515,0.5258,0.2726,0.1188
2026020016,FLA,SJS,8483771,Sandis Vilmanis,F,1.0000,11.5764,0.1518,0.2959,1.0663,0.1409,0.2561,0.2877,0.0984,0.0276
2026020016,FLA,SJS,8478859,Niko Mikkola,D,0.9380,20.2375,0.0596,0.2581,1.0670,0.0578,0.2256,0.2935,0.1060,0.0314
2026020016,FLA,SJS,8474189,Lars Eller,F,1.0000,11.3911,0.1067,0.2561,1.0345,0.1012,0.2259,0.2764,0.0922,0.0251
2026020016,FLA,SJS,8484304,Uvis Balinskis,D,0.7616,16.3189,0.0575,0.2343,0.9075,0.0554,0.2017,0.2527,0.0948,0.0293
2026020016,FLA,SJS,8477903,Garnet Hathaway,F,1.0000,10.5442,0.0840,0.1846,0.7834,0.0805,0.1686,0.1870,0.0490,0.0104
2026020016,FLA,SJS,8475462,Radko Gudas,D,0.8129,16.0936,0.0310,0.1825,0.8094,0.0304,0.1635,0.2135,0.0689,0.0182
2026020016,FLA,SJS,8475179,Dmitry Kulikov,D,0.6645,17.4712,0.0233,0.1287,0.5752,0.0229,0.1170,0.1436,0.0411,0.0095
2026020016,FLA,SJS,8478147,Bokondji Imama,F,0.9096,7.8306,0.0577,0.1099,0.6215,0.0559,0.1035,0.1384,0.0321,0.0060
2026020016,SJS,FLA,8484801,Macklin Celebrini,F,0.9478,22.5014,0.4974,1.2612,3.3750,0.3870,0.6973,0.7998,0.6282,0.4404
2026020016,SJS,FLA,8484227,Will Smith,F,0.8981,18.8562,0.3045,0.7443,2.0744,0.2583,0.5060,0.5853,0.3602,0.1897
2026020016,SJS,FLA,8477505,Alexander Wennberg,F,0.9968,19.6778,0.1953,0.5836,1.1346,0.1774,0.4418,0.3122,0.1128,0.0335
2026020016,SJS,FLA,8478975,Mason Marchment,F,0.8776,16.7100,0.2375,0.5581,1.5576,0.2081,0.4130,0.4544,0.2329,0.1002
2026020016,SJS,FLA,8475726,Tyler Toffoli,F,0.9007,14.5809,0.2473,0.5237,1.8505,0.2162,0.3971,0.5335,0.3035,0.1464
2026020016,SJS,FLA,8484911,Collin Graf,F,0.9255,16.8133,0.2091,0.4647,1.2912,0.1871,0.3653,0.3711,0.1582,0.0559
2026020016,SJS,FLA,8475200,Dmitry Orlov,D,1.0000,21.1610,0.0710,0.4380,1.3155,0.0686,0.3547,0.3743,0.1523,0.0512
2026020016,SJS,FLA,8480748,Kiefer Sherwood,F,0.8819,16.4920,0.2104,0.4350,1.6823,0.1872,0.3434,0.4889,0.2640,0.1203
2026020016,SJS,FLA,8484994,Igor Chernyshov,F,0.6213,15.8724,0.1673,0.3696,1.0511,0.1467,0.2786,0.3067,0.1517,0.0628
2026020016,SJS,FLA,8476885,Jacob Trouba,D,1.0000,23.5745,0.0700,0.3402,1.7424,0.0676,0.2883,0.5085,0.2571,0.1090
2026020016,SJS,FLA,8477498,Darnell Nurse,D,1.0000,21.7155,0.0797,0.3356,1.8928,0.0766,0.2851,0.5504,0.2956,0.1338
2026020016,SJS,FLA,8485402,Michael Misa,F,0.6502,13.9561,0.1376,0.3153,0.9345,0.1240,0.2498,0.2696,0.1177,0.0426
2026020016,SJS,FLA,8486103,Ivar Stenberg,F,0.5829,14.9728,0.1249,0.2889,0.8567,0.1124,0.2278,0.2479,0.1101,0.0406
2026020016,SJS,FLA,8478874,Adam Gaudette,F,0.7666,11.2464,0.1603,0.2549,0.9146,0.1446,0.2169,0.2548,0.0957,0.0296
2026020016,SJS,FLA,8484806,Sam Dickinson,D,0.9195,18.7338,0.0459,0.2509,1.0757,0.0448,0.2196,0.2982,0.1102,0.0335
2026020016,SJS,FLA,8484152,Luca Cagnoni,D,0.7004,19.4777,0.0449,0.2186,0.9889,0.0435,0.1878,0.2847,0.1225,0.0437
2026020016,SJS,FLA,8480891,Michael Kesselring,D,0.7405,15.0906,0.0355,0.1566,0.9232,0.0347,0.1411,0.2598,0.1012,0.0325
2026020016,SJS,FLA,8480848,Ty Dellandrea,F,0.6694,13.8709,0.0443,0.1547,0.6389,0.0429,0.1381,0.1659,0.0516,0.0131
2026020016,SJS,FLA,8476624,Barclay Goodrow,F,0.7491,11.1244,0.0508,0.1192,0.5103,0.0491,0.1102,0.1134,0.0262,0.0049
2026020016,SJS,FLA,8482700,Nolan Allan,D,0.6396,16.3127,0.0219,0.1176,0.3663,0.0215,0.1074,0.0737,0.0145,0.0023
2026020016,SJS,FLA,8481517,Brett Leason,F,0.5310,10.9691,0.0459,0.1080,0.4855,0.0440,0.0977,0.1240,0.0372,0.0091
2026020016,SJS,FLA,8482859,Zack Ostapchuk,F,0.6103,10.4611,0.0434,0.0928,0.4114,0.0419,0.0860,0.0909,0.0208,0.0038
2026020016,SJS,FLA,8479718,Alex Barré-Boulet,F,0.3907,9.8147,0.0430,0.0846,0.3219,0.0408,0.0761,0.0786,0.0215,0.0048
