team,line,over_american,under_american,source,retrieved
ANA,94.5,-104,-122,recorded board,2026-08-17
BOS,86.5,-108,-118,recorded board,2026-08-17
BUF,95.5,-108,-118,recorded board,2026-08-17
CGY,77.5,-106,-120,recorded board,2026-08-17
CAR,109.5,-108,-120,recorded board,2026-08-17
CHI,79.5,-118,-108,recorded board,2026-08-17
COL,108.5,-120,-106,recorded board,2026-08-17
CBJ,92.5,-108,-118,recorded board,2026-08-17
DAL,101.5,-111,-115,recorded board,2026-08-17
DET,86.5,-120,-106,recorded board,2026-08-17
EDM,104.5,-108,-118,recorded board,2026-08-17
FLA,108.5,-115,-111,recorded board,2026-08-17
LAK,95.5,-115,-111,recorded board,2026-08-17
MIN,103.5,-113,-113,recorded board,2026-08-17
MTL,98.5,-113,-113,recorded board,2026-08-17
NSH,85.5,-115,-111,recorded board,2026-08-17
NJD,96.5,-115,-111,recorded board,2026-08-17
NYI,86.5,-120,-106,recorded board,2026-08-17
NYR,88.5,-122,-104,recorded board,2026-08-17
OTT,95.5,-111,-115,recorded board,2026-08-17
PHI,93.5,-108,-118,recorded board,2026-08-17
PIT,88.5,-118,-108,recorded board,2026-08-17
SJS,93.5,-106,-120,recorded board,2026-08-17
SEA,79.5,-118,-108,recorded board,2026-08-17
STL,85.5,-115,-111,recorded board,2026-08-17
TBL,104.5,-115,-111,recorded board,2026-08-17
TOR,95.5,-120,-106,recorded board,2026-08-17
UTA,96.5,-111,-115,recorded board,2026-08-17
VAN,74.5,-113,-113,recorded board,2026-08-17
VGK,103.5,-111,-115,recorded board,2026-08-17
WSH,102.5,-118,-108,recorded board,2026-08-17
WPG,85.5,-106,-120,recorded board,2026-08-17
