game_id,p_home_reg,p_away_reg,p_home_extra,p_away_extra,outcome4
2012020051,0.42595762,0.32484022,0.113554455,0.13564774,1
2012020052,0.41184625,0.34154683,0.12049433,0.12611261,2
2012020053,0.46653652,0.29905668,0.11163993,0.122766875,0
2012020054,0.45802355,0.28951603,0.11953752,0.13292298,0
2012020055,0.3992289,0.34225535,0.11617124,0.14234444,0
2012020056,0.4226141,0.32990688,0.10847598,0.13900302,1
2012020057,0.5106191,0.23422241,0.12383211,0.13132636,0
2012020058,0.46478263,0.2912652,0.113023475,0.13092878,0
2012020059,0.41419992,0.326285,0.11887425,0.14064083,1
2012020060,0.39788765,0.34895298,0.11375289,0.13940643,1
2012020061,0.3778235,0.36262536,0.1189535,0.14059766,1
2012020062,0.4205677,0.31415734,0.11836249,0.14691244,1
2012020063,0.4721653,0.29797003,0.101426736,0.1284379,0
2012020064,0.42705432,0.3375393,0.10585977,0.12954663,2
2012020065,0.42531568,0.2992586,0.13515867,0.14026709,0
2012020066,0.35483426,0.38930064,0.1169739,0.13889125,3
2012020067,0.42967305,0.30919665,0.11788218,0.14324808,2
2012020068,0.39425302,0.36077628,0.11150479,0.13346595,0
2012020069,0.4146192,0.3227715,0.12646618,0.13614313,2
2012020070,0.4663287,0.28511578,0.11878731,0.12976813,2
2012020071,0.46845633,0.2968693,0.10391681,0.13075759,2
2012020072,0.4585836,0.279258,0.11985997,0.1422984,0
2012020073,0.38774598,0.35448346,0.11972268,0.13804784,1
2012020074,0.43711025,0.30395573,0.11778666,0.14114735,0
2012020075,0.43726856,0.30746758,0.115661934,0.13960192,0
2012020076,0.43957457,0.31821483,0.11515112,0.12705953,0
2012020077,0.43790913,0.3095749,0.11330669,0.13920932,2
2012020078,0.46315908,0.29568428,0.10264003,0.13851658,2
2012020079,0.43063134,0.31642726,0.11843215,0.13450924,3
2012020080,0.41000596,0.34132943,0.11072624,0.13793841,0
2012020081,0.44281998,0.30449995,0.12099179,0.13168827,0
2012020082,0.35503453,0.38541722,0.12430532,0.13524291,0
2012020083,0.49963754,0.26631033,0.11232412,0.12172799,1
2012020084,0.41773778,0.3351521,0.115599275,0.1315109,0
2012020085,0.4533677,0.29059476,0.118478194,0.13755935,0
2012020086,0.39421993,0.36166406,0.11420641,0.1299096,0
2012020087,0.45200896,0.2758246,0.12769729,0.14446917,2
2012020088,0.36892882,0.38325763,0.118915126,0.12889843,0
2012020089,0.3730759,0.36836842,0.121785045,0.13677064,2
2012020090,0.48572883,0.26595503,0.1184198,0.12989627,3
2012020091,0.49963936,0.2734074,0.10468253,0.12227068,0
2012020092,0.44157416,0.32187515,0.10305277,0.13349798,1
2012020093,0.37461096,0.36902836,0.12144039,0.13492031,0
2012020094,0.45241317,0.30722117,0.117550686,0.12281497,3
2012020095,0.40727583,0.33766276,0.1091737,0.14588772,1
2012020096,0.41348153,0.32410714,0.117456034,0.14495525,1
2012020097,0.4356385,0.3226046,0.11270646,0.1290505,0
2012020098,0.5017608,0.2689488,0.1026874,0.12660311,1
2012020099,0.42568454,0.32159528,0.11558934,0.13713089,3
2012020100,0.49461395,0.2543326,0.11965607,0.13139737,2
2012020101,0.4233614,0.30437452,0.13108836,0.14117575,0
2012020102,0.47492608,0.2771651,0.12172689,0.12618189,0
2012020103,0.43848723,0.3284238,0.11007929,0.12300968,0
2012020104,0.4285923,0.31097725,0.12008742,0.14034303,0
2012020105,0.3850568,0.3591825,0.11799618,0.1377646,2
2012020106,0.39371482,0.36053047,0.11131535,0.13443935,2
2012020107,0.44186845,0.3197631,0.10985167,0.1285168,0
2012020108,0.44980082,0.30565184,0.110914275,0.13363297,0
2012020109,0.45042783,0.2920536,0.12030278,0.13721576,0
2012020110,0.42080417,0.35333836,0.10421634,0.121641174,0
2012020111,0.37090817,0.37359834,0.113127574,0.14236595,1
2012020112,0.44269973,0.322538,0.108770154,0.12599207,0
2012020113,0.3907168,0.36505228,0.11224319,0.13198777,1
2012020114,0.39577466,0.33882135,0.12226458,0.14313944,0
2012020001,0.391832,0.35340557,0.113377,0.14138544,1
2012020002,0.4549914,0.2943285,0.11571832,0.13496178,1
2012020003,0.39554018,0.3342864,0.12825921,0.14191425,1
2012020004,0.43394995,0.319528,0.1058862,0.14063582,0
2012020005,0.4625259,0.28657255,0.12067066,0.13023096,1
2012020006,0.39155942,0.34309226,0.124743864,0.14060444,1
2012020007,0.40603748,0.3442957,0.11776992,0.13189688,0
2012020008,0.4188888,0.3279205,0.11571999,0.13747065,0
2012020009,0.3822104,0.35945076,0.113271154,0.14506769,0
2012020010,0.4095133,0.33083877,0.11861874,0.1410292,3
2012020011,0.35479257,0.39019495,0.116844,0.1381685,0
2012020012,0.47017208,0.28442115,0.11929246,0.12611434,0
2012020013,0.4153255,0.33429253,0.109787464,0.14059453,1
2012020014,0.4071962,0.3369018,0.115060546,0.1408415,0
2012020015,0.39075986,0.34847063,0.11415974,0.14660981,1
2012020016,0.37845623,0.38112268,0.104889795,0.13553128,1
2012020017,0.4178102,0.33266136,0.11809649,0.13143197,0
2012020018,0.467901,0.30010843,0.10762193,0.12436861,3
2012020019,0.43383121,0.28829846,0.12909986,0.14877047,1
2012020020,0.46755332,0.29803696,0.10381959,0.13059011,2
2012020021,0.4030428,0.33934766,0.122546956,0.1350626,0
2012020022,0.41237655,0.3236795,0.121916294,0.14202765,3
2012020023,0.389409,0.36142308,0.11411126,0.13505669,1
2012020024,0.39211315,0.35759076,0.11631248,0.13398358,0
2012020025,0.4101882,0.32453772,0.12229055,0.14298354,3
2012020026,0.41479546,0.34236637,0.10406609,0.13877213,1
2012020027,0.44420758,0.2874228,0.13392118,0.13444848,1
2012020028,0.4124856,0.33097258,0.11968404,0.13685778,1
2012020029,0.46335846,0.2871684,0.1191807,0.13029242,0
2012020030,0.38730088,0.36718106,0.11422889,0.13128917,0
2012020031,0.4698843,0.27897173,0.11632271,0.13482125,1
2012020032,0.40057468,0.3584405,0.11085801,0.13012682,1
2012020033,0.42419142,0.31843776,0.12060042,0.1367704,0
2012020034,0.3485721,0.39908803,0.11643045,0.13590945,0
2012020035,0.35341483,0.398873,0.1195917,0.12812048,1
2012020036,0.50166976,0.26350492,0.11384817,0.12097714,1
2012020037,0.38742086,0.35496888,0.11272927,0.14488101,2
2012020038,0.43086424,0.32399827,0.11347254,0.13166499,2
2012020039,0.43921834,0.3041621,0.116505764,0.14011376,0
2012020040,0.4327697,0.31128937,0.12202515,0.13391581,1
2012020041,0.43341643,0.31613997,0.11551559,0.13492809,0
2012020042,0.43161806,0.29411668,0.13742927,0.13683593,1
2012020043,0.4124877,0.3317463,0.12263328,0.13313262,0
2012020044,0.4566639,0.30940455,0.10726361,0.12666789,1
2012020045,0.4367582,0.32439813,0.10173082,0.13711287,0
2012020046,0.3781057,0.3647997,0.11946742,0.1376272,3
2012020047,0.36228293,0.40582505,0.10807071,0.12382136,0
2012020048,0.35930905,0.3918036,0.11138737,0.13750002,2
2012020049,0.41820526,0.30990782,0.13290437,0.13898258,0
2012020050,0.5016705,0.2634421,0.10628025,0.12860712,0
2012020115,0.47509485,0.27299967,0.11535271,0.13655278,0
2012020116,0.40494385,0.35086945,0.108621076,0.1355657,3
2012020117,0.3767131,0.36740667,0.11187705,0.14400317,0
2012020118,0.46180695,0.2729469,0.12595537,0.13929081,3
2012020119,0.42007914,0.30232224,0.13152662,0.146072,1
2012020120,0.50390303,0.25588503,0.11791072,0.12230124,0
2012020121,0.44115862,0.30879086,0.11357651,0.13647395,1
2012020122,0.39437237,0.34547442,0.12395914,0.13619405,1
2012020123,0.41256505,0.33888832,0.11284298,0.13570365,1
2012020124,0.39251602,0.37350094,0.1075265,0.12645656,1
2012020125,0.499087,0.2540544,0.11537542,0.13148323,0
2012020126,0.37761727,0.37289613,0.11153798,0.13794863,3
2012020127,0.39190227,0.35840148,0.11917964,0.13051666,0
2012020128,0.4133513,0.34736723,0.111600615,0.12768087,0
2012020129,0.36916155,0.36986756,0.12293156,0.1380393,1
2012020130,0.46594158,0.2656437,0.13622285,0.13219187,1
2012020131,0.39673334,0.34278893,0.11112126,0.14935651,1
2012020132,0.3691925,0.37915722,0.11542605,0.13622423,0
2012020133,0.45246917,0.30816478,0.10677423,0.13259193,0
2012020134,0.44526234,0.29811677,0.123581246,0.13303964,1
2012020135,0.438744,0.3146388,0.113719486,0.13289778,2
2012020136,0.4598392,0.30023122,0.10245049,0.1374791,1
2012020137,0.41182986,0.30896223,0.13529453,0.14391339,1
2012020138,0.41497406,0.32738572,0.117178485,0.14046171,1
2012020139,0.3894511,0.36328134,0.11359523,0.13367239,1
2012020140,0.37954608,0.37599936,0.113167524,0.13128711,3
2012020141,0.42753258,0.31987745,0.11559574,0.13699424,2
2012020142,0.41811657,0.33500248,0.11263472,0.13424625,0
2012020143,0.46369904,0.2813115,0.1212638,0.13372572,0
2012020144,0.4586975,0.30672127,0.108631864,0.12594941,3
2012020145,0.4252619,0.32637632,0.11534258,0.13301913,0
2012020146,0.43072495,0.31469443,0.11891756,0.13566309,3
2012020147,0.39497894,0.35238963,0.11783037,0.13480109,3
2012020148,0.44581166,0.31161404,0.114548445,0.12802589,1
2012020149,0.40716648,0.33752623,0.11443062,0.14087662,1
2012020150,0.3969071,0.35496312,0.10706127,0.14106855,0
2012020151,0.40552807,0.34836975,0.10861051,0.13749167,1
2012020152,0.4308611,0.29675764,0.12785372,0.14452758,1
2012020153,0.4377119,0.31302172,0.11288422,0.13638212,0
2012020154,0.4699635,0.2922168,0.10204128,0.1357784,0
2012020155,0.39432567,0.35798538,0.11321889,0.13447008,0
2012020156,0.44944596,0.31489274,0.10723555,0.12842576,2
2012020157,0.3989457,0.35288602,0.11681986,0.1313484,1
2012020158,0.46752214,0.28941154,0.11576698,0.12729934,0
2012020159,0.40232497,0.32580405,0.12791657,0.14395443,3
2012020160,0.479484,0.2801827,0.11720605,0.1231273,1
2012020161,0.39084807,0.35225743,0.12597877,0.13091579,1
2012020162,0.44379228,0.27992544,0.13674413,0.13953812,0
2012020163,0.46332726,0.29741815,0.103085555,0.13616903,3
2012020164,0.3884173,0.37397283,0.1075867,0.1300232,2
2012020165,0.45910388,0.30987597,0.10832449,0.12269566,0
2012020166,0.38750374,0.35511404,0.11321056,0.14417168,0
2012020167,0.46008295,0.29983366,0.11079399,0.12928942,1
2012020168,0.37279534,0.37942323,0.106674455,0.14110698,1
2012020169,0.44019216,0.3001849,0.11502956,0.14459339,0
2012020170,0.4534679,0.30340296,0.10898095,0.13414821,1
2012020171,0.38951272,0.35510978,0.11636611,0.13901138,1
2012020172,0.3729133,0.37177783,0.11505367,0.14025526,0
2012020173,0.3886229,0.35547343,0.12572312,0.13018055,1
2012020174,0.37606686,0.3756786,0.11234276,0.13591178,0
2012020175,0.41728944,0.33314675,0.10427785,0.14528596,1
2012020176,0.32835126,0.4360972,0.107798316,0.12775323,3
2012020177,0.45084095,0.31941158,0.10337001,0.12637748,3
2012020178,0.41780216,0.3375474,0.114984,0.12966645,1
2012020179,0.436589,0.32050568,0.103744194,0.13916107,3
2012020180,0.36180884,0.37696972,0.123307206,0.13791426,0
2012020181,0.40874285,0.3487917,0.114368476,0.12809697,3
2012020182,0.393077,0.349842,0.120327055,0.136754,3
2012020183,0.40123194,0.34693983,0.117379166,0.13444903,1
2012020184,0.3989751,0.35771504,0.11363964,0.12967023,2
2012020185,0.47096914,0.27685484,0.11631204,0.13586399,3
2012020186,0.3858108,0.37367654,0.10705526,0.1334574,1
2012020187,0.4705096,0.29972944,0.105182566,0.12457842,0
2012020188,0.49946633,0.2637341,0.11306043,0.12373916,0
2012020189,0.40440145,0.334236,0.11984535,0.14151724,3
2012020190,0.42355132,0.33902788,0.10257216,0.13484864,0
2012020191,0.46636277,0.2816897,0.11802747,0.1339201,3
2012020192,0.43571764,0.3181655,0.12385819,0.12225868,0
2012020193,0.39572018,0.35348982,0.11926321,0.13152674,1
2012020194,0.39349586,0.35985538,0.114325784,0.132323,3
2012020195,0.37996453,0.37352172,0.11147282,0.13504092,0
2012020196,0.44708747,0.31035748,0.11555473,0.12700032,3
2012020197,0.38182884,0.36387005,0.1095888,0.14471234,0
2012020198,0.41752115,0.33934635,0.113765165,0.12936735,0
2012020199,0.35948625,0.3845802,0.11365976,0.14227375,1
2012020200,0.43852678,0.30150637,0.11865668,0.14131019,1
2012020201,0.39480433,0.3389973,0.12638175,0.13981667,0
2012020202,0.4205936,0.33659467,0.10526633,0.1375454,1
2012020203,0.42529568,0.3405877,0.1031224,0.13099419,1
2012020204,0.41851503,0.33914143,0.11405492,0.1282886,0
2012020205,0.4416291,0.30902347,0.11611374,0.13323358,0
2012020206,0.41641793,0.32975534,0.11692417,0.13690256,0
2012020207,0.37735453,0.36144432,0.12641162,0.13478947,0
2012020208,0.39233285,0.34701306,0.115111575,0.14554255,3
2012020209,0.4426972,0.30536097,0.11423286,0.13770896,3
2012020210,0.4668359,0.28437024,0.11488583,0.133908,0
2012020211,0.47217312,0.29314026,0.10743077,0.12725586,0
2012020212,0.40748796,0.33643752,0.11165057,0.14442392,1
2012020213,0.45724732,0.28918955,0.11716248,0.13640067,0
2012020214,0.36088085,0.39255446,0.10762036,0.13894436,1
2012020215,0.4188037,0.33341497,0.114021994,0.13375926,1
2012020216,0.36086065,0.38370907,0.12122128,0.13420899,0
2012020217,0.40909308,0.3394907,0.11480834,0.13660781,0
2012020218,0.42621464,0.33716726,0.10515646,0.13146165,3
2012020219,0.4951734,0.26886877,0.11318495,0.122772835,3
2012020220,0.37275615,0.3687188,0.12732112,0.13120393,1
2012020221,0.35690376,0.4150013,0.10215016,0.12594478,0
2012020222,0.46079248,0.2895285,0.1186893,0.1309897,0
2012020223,0.44533968,0.31502804,0.11334224,0.12629004,1
2012020224,0.47426265,0.27513695,0.11841953,0.13218093,0
2012020225,0.4040118,0.35570467,0.11175047,0.12853308,0
2012020226,0.46552572,0.2894578,0.111176394,0.13384008,1
2012020227,0.4238944,0.33532178,0.11156795,0.12921594,1
2012020228,0.4062162,0.3444953,0.11741725,0.1318713,0
2012020229,0.46848288,0.29779488,0.1127521,0.120970175,0
2012020230,0.37628588,0.37825084,0.10715562,0.13830763,1
2012020231,0.39588806,0.34951875,0.116800115,0.13779303,2
2012020232,0.4717238,0.27457947,0.1181543,0.13554244,2
2012020233,0.39925855,0.36400843,0.10350808,0.13322493,1
2012020234,0.41738015,0.32547796,0.1221135,0.13502842,1
2012020235,0.37890607,0.38890365,0.1086159,0.1235744,2
2012020236,0.42592233,0.3445537,0.09574981,0.13377419,1
2012020237,0.3721667,0.37723327,0.11476549,0.13583457,0
2012020238,0.454899,0.30560192,0.10927651,0.13022253,1
2012020239,0.4228595,0.30087832,0.13262221,0.14364001,1
2012020240,0.43078166,0.32452285,0.117339514,0.12735593,1
2012020241,0.48432595,0.26258105,0.12181826,0.13127474,3
2012020242,0.3501123,0.40183347,0.10993926,0.1381149,2
2012020243,0.38800302,0.36493486,0.11107917,0.13598298,1
2012020244,0.43146572,0.32047397,0.11359763,0.13446261,1
2012020245,0.435489,0.32052258,0.10797856,0.1360099,1
2012020246,0.45170203,0.31617373,0.10813832,0.12398593,1
2012020247,0.47016945,0.28830963,0.11212744,0.12939346,0
2012020248,0.45349455,0.3082699,0.10497977,0.13325582,1
2012020249,0.3857536,0.3570481,0.11902497,0.1381733,0
2012020250,0.42653513,0.29808325,0.13328794,0.1420937,0
2012020251,0.4914952,0.27717215,0.106858455,0.12447421,0
2012020252,0.36248952,0.39419836,0.10905141,0.13426073,2
2012020253,0.48842806,0.2677768,0.116313554,0.12748161,0
2012020254,0.4955679,0.25534678,0.11459116,0.13449419,1
2012020255,0.41478315,0.32281548,0.12073684,0.14166455,0
2012020256,0.38925675,0.3645761,0.12002827,0.12613891,0
2012020257,0.39060602,0.3495677,0.119858064,0.13996826,1
2012020258,0.43375635,0.31776196,0.10961455,0.13886714,0
2012020259,0.44711906,0.3152848,0.105732,0.13186418,0
2012020260,0.3730781,0.37476316,0.114802696,0.13735607,0
2012020261,0.46837845,0.30261892,0.10344672,0.12555593,0
2012020262,0.37054506,0.38834238,0.10388335,0.1372292,1
2012020263,0.47083625,0.28859583,0.114187956,0.12638001,1
2012020264,0.42552605,0.32519192,0.10907499,0.14020705,0
2012020265,0.41273957,0.34257144,0.11950412,0.12518486,1
2012020266,0.4352873,0.31969804,0.11459116,0.13042352,0
2012020267,0.44904527,0.30300647,0.112722114,0.1352262,0
2012020268,0.37519163,0.39091393,0.09889851,0.13499591,0
2012020269,0.47340354,0.2837075,0.11404536,0.1288436,2
2012020270,0.4997661,0.27012476,0.107943736,0.12216538,1
2012020271,0.36295685,0.3876809,0.118652366,0.1307099,2
2012020272,0.46118736,0.29333478,0.112307,0.1331709,2
2012020273,0.46900272,0.29214898,0.11392522,0.12492303,2
2012020274,0.441368,0.30260956,0.12040162,0.13562083,0
2012020275,0.4658474,0.28766075,0.114787936,0.13170391,1
2012020276,0.453226,0.27165154,0.13701132,0.13811119,0
2012020277,0.47136527,0.27691448,0.114642225,0.13707802,3
2012020278,0.33965334,0.41715735,0.11285545,0.13033383,1
2012020279,0.4097003,0.33902988,0.11970375,0.13156608,1
2012020280,0.3833534,0.36126772,0.110451624,0.14492723,0
2012020281,0.40252656,0.35462874,0.1138762,0.12896848,2
2012020282,0.3811312,0.38482293,0.10445366,0.12959225,1
2012020283,0.5183314,0.22938928,0.12429947,0.12797979,2
2012020284,0.37872055,0.37335485,0.112718895,0.13520561,1
2012020285,0.44888705,0.30645698,0.11551833,0.12913768,0
2012020286,0.40923873,0.3536405,0.10440829,0.13271251,0
2012020287,0.38234895,0.3579322,0.12360201,0.13611679,0
2012020288,0.52459687,0.25200862,0.09899718,0.12439729,2
2012020289,0.40656033,0.35154432,0.12002697,0.121868394,3
2012020290,0.4397704,0.3112681,0.10957044,0.13939108,0
2012020291,0.398783,0.3421225,0.120614864,0.13847962,0
2012020292,0.4058413,0.34540266,0.11404312,0.13471292,3
2012020293,0.38925943,0.36494502,0.107664384,0.13813111,0
2012020294,0.39853016,0.33913144,0.12105782,0.14128053,1
2012020295,0.44307357,0.31894213,0.11339084,0.124593474,1
2012020296,0.3992606,0.36543983,0.111379646,0.12391995,0
2012020297,0.51863205,0.24279709,0.11252816,0.1260427,1
2012020298,0.41239414,0.31148133,0.13364299,0.14248154,3
2012020299,0.47342157,0.29264596,0.107185066,0.1267474,0
2012020300,0.4322745,0.31278843,0.12122357,0.13371354,2
2012020301,0.44929892,0.3143198,0.11317275,0.12320858,0
2012020302,0.52809584,0.24477442,0.10739845,0.11973138,0
2012020303,0.47994703,0.28421885,0.09924738,0.1365867,0
2012020304,0.41185266,0.34053478,0.10596569,0.14164695,2
2012020305,0.39009097,0.35802516,0.11617033,0.13571355,1
2012020306,0.42305976,0.31418514,0.1214581,0.14129701,3
2012020307,0.43790594,0.30667403,0.123033084,0.13238692,0
2012020308,0.48494053,0.25301528,0.11975266,0.14229155,2
2012020309,0.40939775,0.343738,0.10858323,0.13828099,0
2012020310,0.4454452,0.2951624,0.119986296,0.13940611,0
2012020311,0.4201501,0.31524515,0.12217629,0.14242847,3
2012020312,0.43143836,0.32418126,0.121200025,0.12318037,2
2012020313,0.4942161,0.26021796,0.11207403,0.1334919,2
2012020314,0.38997442,0.35080147,0.118034616,0.14118947,0
2012020315,0.43509108,0.3270108,0.1091793,0.12871884,1
2012020316,0.44763803,0.32032132,0.10022795,0.13181277,1
2012020317,0.42786995,0.31992614,0.11706002,0.1351439,2
2012020318,0.4234457,0.3439363,0.10974375,0.12287426,0
2012020319,0.43219057,0.327843,0.09931544,0.14065105,0
2012020320,0.39337796,0.3575395,0.11025798,0.13882455,0
2012020321,0.45957088,0.2930985,0.1115108,0.1358199,0
2012020322,0.4972775,0.24118674,0.12042407,0.14111167,2
2012020323,0.4131937,0.33758047,0.113375105,0.1358508,0
2012020324,0.4553024,0.30729526,0.10977767,0.12762472,1
2012020325,0.36448717,0.3882172,0.11818051,0.12911509,0
2012020326,0.39025992,0.33756232,0.12650225,0.14567545,2
2012020327,0.3799166,0.3714429,0.1196643,0.1289762,0
2012020328,0.46863198,0.28386706,0.11378427,0.13371667,2
2012020329,0.37267968,0.36367851,0.11835009,0.14529178,0
2012020330,0.4196623,0.33901507,0.110979654,0.13034303,0
2012020331,0.5208529,0.23883247,0.1105629,0.12975168,0
2012020332,0.49214077,0.26689085,0.11507024,0.12589815,0
2012020333,0.40389585,0.35708973,0.10977107,0.12924333,3
2012020334,0.41862026,0.3289058,0.1187977,0.13367626,0
2012020335,0.44828716,0.30392212,0.11609624,0.13169448,0
2012020336,0.5244976,0.2406325,0.11072129,0.12414859,0
2012020337,0.39102426,0.3715615,0.104135714,0.13327852,0
2012020338,0.34364372,0.4053952,0.11310488,0.13785616,0
2012020339,0.5013563,0.27569133,0.100513004,0.122439384,0
2012020340,0.42849368,0.33508843,0.111331984,0.12508592,2
2012020341,0.35952964,0.39045697,0.11491053,0.13510284,3
2012020342,0.4361798,0.31685802,0.10896601,0.13799617,1
2012020343,0.43516755,0.28665307,0.14000517,0.13817419,0
2012020344,0.38682216,0.3655281,0.11913441,0.12851536,1
2012020345,0.44809967,0.29882282,0.109619424,0.14345808,2
2012020346,0.41632047,0.34134886,0.113813505,0.12851717,1
2012020347,0.4900518,0.26627478,0.11188104,0.1317924,0
2012020348,0.47477612,0.2677608,0.117685184,0.13977787,1
2012020349,0.44943577,0.29985583,0.1188342,0.13187423,1
2012020350,0.50096905,0.25429687,0.1151884,0.12954564,1
2012020351,0.42899495,0.33251533,0.11004053,0.12844922,3
2012020352,0.46943894,0.29094282,0.11236371,0.12725455,0
2012020353,0.35132527,0.40126905,0.11666405,0.13074163,0
2012020354,0.40055066,0.3536628,0.11507143,0.1307151,0
2012020355,0.40532884,0.34827754,0.10516854,0.14122508,0
2012020356,0.3793066,0.36593437,0.12469359,0.13006547,0
2012020357,0.37289405,0.3521995,0.1260343,0.14887215,0
2012020358,0.4243104,0.3050514,0.12874086,0.14189734,3
2012020359,0.3617982,0.3849535,0.10754337,0.14570497,3
2012020360,0.40494698,0.348802,0.114927396,0.1313236,0
2012020361,0.38656968,0.36457357,0.11547387,0.13338295,1
2012020362,0.42913133,0.32421055,0.115672134,0.130986,3
2012020363,0.5114055,0.23826523,0.11767344,0.13265577,0
2012020364,0.4141756,0.33093524,0.12093587,0.13395327,0
2012020365,0.4123538,0.31413585,0.13074462,0.14276573,1
2012020366,0.4538672,0.2944734,0.11291975,0.13873963,3
2012020367,0.4087665,0.3474813,0.11165692,0.13209525,1
2012020368,0.43364397,0.33127418,0.11316025,0.121921584,2
2012020369,0.5153804,0.25189096,0.109902,0.12282662,0
2012020370,0.4928339,0.2687908,0.112339534,0.12603576,1
2012020371,0.46217805,0.29528254,0.1122694,0.13026997,0
2012020372,0.41782242,0.34278217,0.10745964,0.13193579,0
2012020373,0.37168598,0.39571142,0.1107737,0.121828936,2
2012020374,0.4126913,0.33748722,0.11449959,0.13532189,0
2012020375,0.33097672,0.41543874,0.11615165,0.13743292,3
2012020376,0.41308212,0.33011803,0.12165944,0.1351404,0
2012020377,0.38683122,0.351862,0.11473217,0.14657466,0
2012020378,0.45419893,0.27618718,0.13290663,0.1367073,1
2012020379,0.4207371,0.32080868,0.113282755,0.14517148,3
2012020380,0.4219275,0.33369216,0.11182562,0.13255474,0
2012020381,0.40231952,0.3431601,0.11183105,0.1426893,1
2012020382,0.44366693,0.31299043,0.11402561,0.12931696,0
2012020383,0.40600878,0.35948306,0.1066113,0.12789682,0
2012020384,0.4189798,0.3325718,0.1157401,0.13270834,1
2012020385,0.38317496,0.3685434,0.111318134,0.13696353,1
2012020386,0.42643768,0.34380266,0.10933596,0.12042376,1
2012020387,0.45157608,0.28500873,0.11591174,0.14750351,0
2012020388,0.48452583,0.26598698,0.11872564,0.13076152,2
2012020389,0.38158575,0.37561628,0.11238722,0.13041076,0
2012020390,0.40670967,0.34644753,0.109017536,0.13782528,0
2012020391,0.48233336,0.2868896,0.09982447,0.13095254,0
2012020392,0.37095582,0.3719541,0.110155925,0.14693415,1
2012020393,0.3784328,0.36414456,0.12569693,0.1317257,1
2012020394,0.38563675,0.33770934,0.12487681,0.15177707,3
2012020395,0.46889082,0.2900305,0.11375628,0.12732248,1
2012020396,0.38143817,0.3690818,0.11103918,0.13844088,0
2012020397,0.3612297,0.39594692,0.105656646,0.13716677,0
2012020398,0.46189404,0.29287186,0.11611079,0.12912332,0
2012020399,0.42301506,0.3247767,0.116194844,0.1360133,3
2012020400,0.43204775,0.34041494,0.10317977,0.12435752,0
2012020401,0.42577967,0.30352253,0.12588266,0.1448152,0
2012020402,0.48760837,0.27591902,0.10623356,0.13023905,2
2012020403,0.45936936,0.31442273,0.09784307,0.12836488,0
2012020404,0.3512895,0.39822894,0.11874852,0.13173303,3
2012020405,0.44689447,0.3210362,0.100646414,0.13142295,0
2012020406,0.45009932,0.31209844,0.10921748,0.1285847,0
2012020407,0.46219736,0.28894585,0.110907674,0.13794915,3
2012020408,0.39106628,0.3742388,0.11002338,0.124671556,1
2012020409,0.43942755,0.3158923,0.11330092,0.13137917,3
2012020410,0.41354004,0.3584869,0.1061555,0.12181757,1
2012020411,0.4337333,0.32114935,0.11504991,0.13006744,0
2012020412,0.36760214,0.37226993,0.11599918,0.14412877,2
2012020413,0.45175305,0.3055458,0.112645224,0.1300559,1
2012020414,0.4383866,0.31720248,0.10794773,0.13646325,2
2012020415,0.37285382,0.36026666,0.12441609,0.1424635,1
2012020416,0.3896575,0.36681598,0.111868545,0.13165796,1
2012020417,0.39519042,0.35834375,0.11745653,0.12900934,0
2012020418,0.42565942,0.33277386,0.11054431,0.1310224,0
2012020419,0.40638623,0.34591958,0.11843614,0.12925802,0
2012020420,0.4201061,0.30400518,0.13711078,0.13877785,0
2012020421,0.38717565,0.38009542,0.10666235,0.12606657,0
2012020422,0.47051725,0.2868486,0.11301484,0.12961935,2
2012020423,0.36311585,0.3842558,0.115114465,0.13751394,0
2012020424,0.4111193,0.33796746,0.11810732,0.13280591,0
2012020425,0.35594806,0.39846006,0.114006735,0.13158515,1
2012020426,0.44967955,0.31922027,0.104764186,0.12633601,1
2012020427,0.36963132,0.37789363,0.119478,0.13299707,0
2012020428,0.36777267,0.38570127,0.11437251,0.13215354,0
2012020429,0.40996814,0.35048914,0.11072998,0.12881276,1
2012020430,0.42022476,0.33327472,0.11871878,0.12778172,1
2012020431,0.410112,0.34884858,0.1131119,0.12792753,1
2012020432,0.43940717,0.31192988,0.111735225,0.13692772,0
2012020433,0.43036556,0.3108996,0.12351958,0.13521527,3
2012020434,0.44931525,0.30664688,0.11427443,0.12976342,0
2012020435,0.37484378,0.38100258,0.106610574,0.13754304,0
2012020436,0.4349745,0.32777756,0.106945135,0.1303028,0
2012020437,0.3641858,0.3875656,0.1160512,0.1321974,0
2012020438,0.4187091,0.32836476,0.10843686,0.14448927,0
2012020439,0.4592638,0.30195242,0.107436255,0.13134754,1
2012020440,0.40435138,0.36085585,0.11008811,0.12470468,0
2012020441,0.3700208,0.38375255,0.117456496,0.12877014,3
2012020442,0.38200822,0.3579451,0.12401171,0.13603492,0
2012020443,0.42002082,0.3269562,0.118454576,0.13456836,2
2012020444,0.37147826,0.379735,0.120846435,0.12794036,1
2012020445,0.44730076,0.29832056,0.11758409,0.1367946,1
2012020446,0.42102575,0.32835346,0.115813516,0.13480724,1
2012020447,0.35287106,0.40305728,0.10917349,0.13489814,1
2012020448,0.3984146,0.34676546,0.12021373,0.13460617,1
2012020449,0.4139743,0.34126735,0.11070824,0.1340501,0
2012020450,0.45866427,0.27858195,0.11580898,0.14694479,1
2012020451,0.4473628,0.30120102,0.12011273,0.13132349,1
2012020452,0.34992886,0.39991194,0.11853943,0.13161978,1
2012020453,0.41963768,0.31887347,0.11872782,0.14276108,0
2012020454,0.39342403,0.3548279,0.11972706,0.13202104,1
2012020455,0.39505938,0.3588133,0.115561865,0.13056548,1
2012020456,0.3986097,0.34886312,0.11300143,0.13952577,0
2012020457,0.39841032,0.35830805,0.11480641,0.1284752,0
2012020458,0.4245878,0.3199388,0.11659285,0.13888054,1
2012020459,0.38986462,0.364813,0.10626681,0.13905561,0
2012020460,0.44506344,0.29606295,0.12314622,0.13572744,1
2012020461,0.43098205,0.3293309,0.11192991,0.12775713,0
2012020462,0.41522288,0.3375987,0.11070297,0.13647544,0
2012020463,0.47342253,0.2794332,0.11635685,0.13078745,0
2012020464,0.3660971,0.3799712,0.1169701,0.13696164,1
2012020465,0.39405346,0.35622138,0.12078711,0.12893808,0
2012020466,0.4255351,0.32692307,0.1114711,0.1360707,2
2012020467,0.42807165,0.32678944,0.11609002,0.1290489,3
2012020468,0.43335715,0.31444973,0.11136584,0.14082727,0
2012020469,0.3950774,0.36791724,0.10674536,0.13026004,1
2012020470,0.43394667,0.32519156,0.10577834,0.1350835,0
2012020471,0.36665452,0.376336,0.120999336,0.13601014,1
2012020472,0.46877784,0.30361074,0.10183184,0.12577957,2
2012020473,0.38988346,0.36663136,0.10927908,0.13420615,2
2012020474,0.42309824,0.3277051,0.11036678,0.13882992,1
2012020475,0.45599714,0.30787197,0.107363485,0.12876745,0
2012020476,0.456956,0.29976448,0.11325395,0.13002554,1
2012020477,0.4382317,0.2954504,0.12577929,0.14053865,1
2012020478,0.39600652,0.36224586,0.11629088,0.1254567,1
2012020479,0.42147723,0.3312005,0.11172769,0.1355946,0
2012020480,0.43807727,0.3138996,0.11615267,0.13187051,0
2012020481,0.47994947,0.24951105,0.13475415,0.13578534,1
2012020482,0.4287415,0.3261827,0.11888857,0.1261872,1
2012020483,0.4478684,0.30660668,0.111248456,0.13427646,1
2012020484,0.3938254,0.36081433,0.116656736,0.12870353,0
2012020485,0.4853855,0.28854874,0.10234056,0.12372514,1
2012020486,0.4426558,0.32036388,0.10957893,0.12740134,0
2012020487,0.42060357,0.34892347,0.10358383,0.12688915,2
2012020488,0.41133603,0.3545465,0.1003321,0.1337854,3
2012020489,0.3482885,0.40806404,0.111179516,0.13246793,2
2012020490,0.49583918,0.2821757,0.098348774,0.123636365,0
2012020491,0.44515055,0.28286895,0.13180077,0.14017972,0
2012020492,0.43134722,0.32203698,0.11366673,0.13294902,0
2012020493,0.50908774,0.25647837,0.11010887,0.12432496,3
2012020494,0.5060138,0.26094466,0.11121698,0.12182458,0
2012020495,0.3618087,0.3841409,0.11708303,0.13696739,0
2012020496,0.40616608,0.34642005,0.114958,0.13245587,2
2012020497,0.4135992,0.3417588,0.10240652,0.14223549,1
2012020498,0.38083097,0.37186995,0.109130725,0.13816841,1
2012020563,0.48215666,0.28720123,0.111552574,0.11908956,1
2012020564,0.40249968,0.3397897,0.1252807,0.13242994,0
2012020565,0.3930164,0.34909874,0.120914504,0.13697031,1
2012020566,0.39455128,0.35096958,0.12138049,0.13309869,1
2012020567,0.51442724,0.24179177,0.115569904,0.12821111,0
2012020568,0.42086726,0.3368065,0.10911138,0.13321485,0
2012020569,0.4714737,0.28433785,0.11007051,0.13411804,1
2012020570,0.47558394,0.2639506,0.1262897,0.13417575,3
2012020571,0.43910924,0.324174,0.10625023,0.13046658,0
2012020572,0.46875829,0.28873837,0.107960105,0.13454324,1
2012020573,0.45048198,0.27990428,0.12999728,0.13961644,0
2012020574,0.43274856,0.31949577,0.11258441,0.13517128,0
2012020575,0.4133463,0.3324376,0.11076428,0.1434518,2
2012020576,0.38897637,0.3461009,0.11629101,0.14863177,2
2012020577,0.45317665,0.31187847,0.1035586,0.13138631,0
2012020578,0.3864374,0.3627305,0.1104367,0.1403954,0
2012020579,0.36970213,0.39584106,0.10863757,0.1258193,1
2012020580,0.42414242,0.3325966,0.11037185,0.13288918,0
2012020581,0.46120486,0.29416844,0.11464067,0.12998602,0
2012020582,0.34743786,0.4020997,0.12227644,0.12818602,0
2012020583,0.35514164,0.38864094,0.11966176,0.13655566,1
2012020584,0.40200377,0.3423716,0.11524584,0.1403788,0
2012020585,0.45215353,0.2919124,0.12486764,0.1310664,1
2012020586,0.42442647,0.33537525,0.108804904,0.13139336,0
2012020587,0.42037076,0.32867044,0.11566093,0.13529782,0
2012020588,0.43369418,0.3101396,0.1156645,0.14050174,1
2012020589,0.3565604,0.39215702,0.11857115,0.1327114,1
2012020590,0.38285145,0.35755357,0.11319585,0.14639916,0
2012020591,0.4318153,0.32951993,0.110633925,0.12803085,1
2012020592,0.46215358,0.29442143,0.11646374,0.12696132,2
2012020593,0.38208756,0.36678725,0.107983336,0.14314185,1
2012020594,0.3573169,0.40117007,0.11378793,0.12772512,1
2012020595,0.4950688,0.262945,0.11404501,0.12794118,1
2012020596,0.49808747,0.26956582,0.103878185,0.1284685,1
2012020597,0.386401,0.35715228,0.11468072,0.14176598,1
2012020598,0.50340444,0.26969618,0.10056551,0.12633398,1
2012020599,0.45921478,0.27900228,0.12900314,0.13277979,0
2012020600,0.33791137,0.40802908,0.112817384,0.14124213,1
2012020601,0.41500717,0.33486277,0.11253202,0.13759807,3
2012020602,0.44480348,0.30466944,0.11382178,0.13670526,0
2012020603,0.40329355,0.35009366,0.11398278,0.13263002,1
2012020604,0.51279175,0.25415435,0.10961896,0.123434946,2
2012020605,0.49795628,0.27537712,0.10476675,0.12189989,1
2012020606,0.4503506,0.29197732,0.1162902,0.14138184,0
2012020607,0.46059856,0.29523253,0.114803575,0.12936541,1
2012020608,0.40377513,0.3292597,0.12609477,0.14087042,2
2012020609,0.4048399,0.34646034,0.11260904,0.13609071,2
2012020610,0.3769898,0.36442202,0.11455586,0.14403233,0
2012020611,0.33340174,0.42499813,0.109773256,0.13182685,0
2012020612,0.38673657,0.36403844,0.11101882,0.13820612,0
2012020613,0.3599635,0.38634706,0.121398926,0.13229048,3
2012020614,0.44539618,0.27835524,0.13018462,0.14606395,2
2012020615,0.37976134,0.3708063,0.11856858,0.13086382,0
2012020616,0.35969847,0.39377075,0.10806732,0.13846342,1
2012020617,0.37893218,0.3842949,0.1061147,0.1306582,3
2012020618,0.34781605,0.4005693,0.1129444,0.13867025,0
2012020619,0.37849286,0.37268886,0.11542542,0.13339284,1
2012020620,0.42876044,0.3121409,0.12089579,0.13820283,0
2012020621,0.36263618,0.38690677,0.10890438,0.14155264,1
2012020622,0.42682338,0.32114413,0.110571325,0.14146116,0
2012020623,0.38403603,0.3502291,0.12228359,0.14345127,1
2012020624,0.48401707,0.28503627,0.1029348,0.12801184,1
2012020625,0.39449987,0.3552877,0.10577689,0.1444355,0
2012020626,0.40667972,0.32620558,0.122582056,0.14453265,1
2012020499,0.3846501,0.37811247,0.11089112,0.12634632,0
2012020500,0.49316257,0.27666944,0.10604961,0.124118425,0
2012020501,0.40901852,0.3187118,0.13220939,0.14006035,0
2012020502,0.3910842,0.36580214,0.10989046,0.1332232,2
2012020503,0.4702002,0.28310966,0.11580789,0.13088225,1
2012020504,0.449354,0.30700716,0.1133792,0.13025966,0
2012020505,0.44900435,0.31822106,0.104315266,0.12845932,1
2012020506,0.41384587,0.34534344,0.108023085,0.13278762,0
2012020507,0.5436981,0.22108535,0.11027704,0.12493954,0
2012020508,0.43814486,0.3180546,0.11389997,0.1299006,1
2012020509,0.36232772,0.40710536,0.10392716,0.12663978,2
2012020510,0.38497654,0.36793315,0.10958622,0.13750407,2
2012020511,0.40552893,0.33544642,0.11886001,0.14016467,3
2012020512,0.4459897,0.29580164,0.11925323,0.13895547,0
2012020513,0.39230394,0.35887313,0.12098318,0.12783977,1
2012020514,0.3958992,0.36242366,0.107447326,0.13422982,2
2012020515,0.38852042,0.36031204,0.114668526,0.13649902,0
2012020516,0.4053114,0.34263235,0.117365144,0.13469112,2
2012020517,0.41471702,0.31645387,0.12279358,0.1460355,1
2012020518,0.44518137,0.3029955,0.115046814,0.13677636,2
2012020519,0.39163706,0.35868612,0.10933032,0.14034656,1
2012020520,0.40048423,0.34182316,0.112698555,0.14499411,1
2012020521,0.45508465,0.3055458,0.11373305,0.12563644,2
2012020522,0.49822035,0.27329233,0.107054934,0.12143241,1
2012020523,0.46738178,0.292085,0.11422525,0.12630801,0
2012020524,0.482575,0.2701081,0.11948772,0.12782922,0
2012020525,0.52265507,0.24446373,0.10619219,0.12668903,0
2012020526,0.4003617,0.3435321,0.11773276,0.13837352,1
2012020527,0.43778744,0.32434946,0.10715296,0.1307101,2
2012020528,0.430087,0.31991026,0.11602851,0.13397424,1
2012020529,0.37632066,0.37269214,0.11731894,0.13366833,0
2012020530,0.45887533,0.28355175,0.11725762,0.14031532,0
2012020531,0.49733776,0.27558893,0.09677936,0.13029397,0
2012020532,0.42282143,0.33634606,0.11961535,0.12121719,0
2012020533,0.39865407,0.34722763,0.12499361,0.12912472,1
2012020534,0.49056655,0.26603675,0.11490907,0.12848762,1
2012020535,0.41142496,0.33458757,0.117964566,0.13602288,3
2012020536,0.5138151,0.25706398,0.10400853,0.12511231,0
2012020537,0.44921082,0.29321295,0.113759056,0.14381722,0
2012020538,0.3745602,0.36393434,0.117903635,0.1436018,0
2012020539,0.41342944,0.34215885,0.112747684,0.13166401,0
2012020540,0.48934793,0.27570155,0.10577357,0.129177,1
2012020541,0.4331615,0.32175523,0.1153357,0.12974757,0
2012020542,0.47565922,0.2735431,0.12146574,0.12933192,0
2012020543,0.4176476,0.34860307,0.09666586,0.13708349,0
2012020544,0.36730123,0.37652263,0.11446743,0.14170875,1
2012020545,0.48175853,0.24630901,0.13360457,0.13832785,2
2012020546,0.4172607,0.32384297,0.121247336,0.13764894,1
2012020547,0.46528125,0.2853924,0.11704125,0.13228512,0
2012020548,0.40838796,0.3421689,0.11062119,0.13882194,1
2012020549,0.46504354,0.27996957,0.11897018,0.13601674,3
2012020550,0.47362527,0.2959835,0.10754428,0.122847006,0
2012020551,0.40362462,0.32870516,0.12660721,0.14106305,0
2012020552,0.47737804,0.28170675,0.11379571,0.12711945,0
2012020553,0.44237489,0.30909795,0.11137454,0.1371526,0
2012020554,0.4552409,0.2884829,0.11667931,0.13959688,2
2012020555,0.3992261,0.3700792,0.098989435,0.13170533,0
2012020556,0.32682794,0.4306465,0.11284907,0.12967648,3
2012020557,0.4305387,0.31598517,0.121502854,0.13197327,1
2012020558,0.41474333,0.31760994,0.124824025,0.14282274,0
2012020559,0.38124818,0.36104798,0.11687577,0.1408281,0
2012020560,0.3909648,0.34039807,0.1231127,0.14552446,1
2012020561,0.48570752,0.27705187,0.11203203,0.12520856,0
2012020562,0.42851123,0.31541955,0.11794367,0.13812557,0
2012020627,0.4937555,0.26821074,0.1144074,0.12362635,0
2012020628,0.39015234,0.3516608,0.114439666,0.14374726,1
2012020629,0.37713963,0.39386278,0.10416825,0.12482931,3
2012020630,0.4650653,0.2987083,0.10668914,0.12953727,1
2012020631,0.41042504,0.3252848,0.123734996,0.1405551,1
2012020632,0.406411,0.34541878,0.12029135,0.12787887,0
2012020633,0.44909397,0.28169245,0.13564114,0.1335724,0
2012020634,0.41008514,0.34003976,0.118301615,0.13157347,0
2012020635,0.42517814,0.33432797,0.106450714,0.13404317,0
2012020636,0.44641924,0.3037042,0.10993147,0.13994507,2
2012020637,0.37767512,0.38122383,0.10075587,0.14034519,2
2012020638,0.42397135,0.3357544,0.11451019,0.12576406,1
2012020639,0.43912068,0.2967891,0.121682286,0.14240792,2
2012020640,0.46191937,0.2909908,0.11548493,0.13160492,0
2012020641,0.46933517,0.2970991,0.10337566,0.13019001,3
2012020642,0.39587036,0.3563884,0.10914793,0.13859335,0
2012020643,0.42831334,0.327334,0.11255775,0.1317949,3
2012020644,0.4708467,0.27911273,0.11630825,0.13373235,1
2012020645,0.46049872,0.2839146,0.118625365,0.13696134,0
2012020646,0.47365648,0.2726686,0.11514227,0.1385327,0
2012020647,0.36347693,0.37600416,0.12545481,0.13506411,0
2012020648,0.41804823,0.34225658,0.10327305,0.13642216,1
2012020649,0.45722747,0.2998537,0.111420296,0.13149853,2
2012020650,0.39537615,0.37133908,0.10268672,0.13059804,2
2012020651,0.38242766,0.35934168,0.11253397,0.14569671,0
2012020652,0.4498878,0.31154218,0.109747745,0.12882227,0
2012020653,0.5080971,0.2504452,0.11544782,0.1260099,0
2012020654,0.40594655,0.34843352,0.10532673,0.1402932,1
2012020655,0.3780807,0.36608618,0.11209214,0.14374101,1
2012020656,0.4424649,0.32481784,0.104162835,0.12855451,0
2012020657,0.4583283,0.2933221,0.11466513,0.13368447,2
2012020658,0.42676258,0.33979517,0.11069222,0.12275002,1
2012020659,0.4331252,0.32119298,0.110781156,0.13490073,0
2012020660,0.4635493,0.29764947,0.10889707,0.12990418,0
2012020661,0.47851974,0.2736414,0.115165375,0.13267353,3
2012020662,0.4344484,0.29866964,0.13162169,0.13526031,1
2012020663,0.39253154,0.36227435,0.11575291,0.12944122,1
2012020664,0.48657575,0.27237877,0.11409433,0.12695114,1
2012020665,0.37208372,0.3730951,0.120178245,0.13464293,1
2012020666,0.41379794,0.33498535,0.11945759,0.13175912,3
2012020667,0.42302218,0.3310554,0.11228909,0.13363333,2
2012020668,0.4914317,0.27488995,0.10446558,0.12921275,0
2012020669,0.43498144,0.3267295,0.11203251,0.12625656,1
2012020670,0.4009684,0.3592032,0.10932634,0.13050202,1
2012020671,0.43792564,0.30958724,0.11261219,0.139875,0
2012020672,0.38572732,0.37214872,0.111233786,0.13089016,0
2012020673,0.41009817,0.34335786,0.1151021,0.1314418,1
2012020674,0.46444598,0.28254288,0.11815959,0.13485157,1
2012020675,0.4602735,0.30128187,0.11203337,0.12641123,2
2012020676,0.40619564,0.33928573,0.116280414,0.13823819,1
2012020677,0.3482538,0.39634258,0.11505232,0.14035131,1
2012020678,0.41283607,0.32948682,0.116643116,0.14103404,0
2012020679,0.40462962,0.3531626,0.11215713,0.13005063,1
2012020680,0.42394623,0.3239314,0.119150475,0.13297197,0
2012020681,0.4033082,0.35481542,0.11372159,0.12815483,0
2012020682,0.43786177,0.2882691,0.13657944,0.13728967,0
2012020683,0.46655473,0.2873945,0.12097694,0.12507382,2
2012020684,0.41122037,0.35042867,0.10472373,0.13362725,0
2012020685,0.374496,0.3786795,0.10917832,0.13764618,0
2012020686,0.47082472,0.29634538,0.10307865,0.12975128,0
2012020687,0.45155174,0.3000092,0.113570616,0.13486841,0
2012020688,0.36396188,0.3829697,0.11349771,0.13957071,0
2012020689,0.4801866,0.26704255,0.12180843,0.13096242,0
2012020690,0.43645382,0.31733298,0.11901035,0.12720284,0
2012020691,0.44536057,0.29802653,0.111068174,0.1455448,0
2012020692,0.35214192,0.3935876,0.11909841,0.1351721,1
2012020693,0.4423054,0.29354742,0.124430254,0.13971698,0
2012020694,0.5029283,0.26512718,0.10852015,0.12342441,0
2012020695,0.45841765,0.2720983,0.13268669,0.13679731,3
2012020696,0.36121726,0.39408714,0.113125995,0.13156962,3
2012020697,0.36027455,0.39774913,0.10853273,0.13344358,0
2012020698,0.42623696,0.33645183,0.111430764,0.12588045,1
2012020699,0.48053846,0.27659205,0.106809236,0.1360602,0
2012020700,0.40625912,0.3493833,0.109786436,0.13457114,1
2012020701,0.42370892,0.3387973,0.10640548,0.13108835,0
2012020702,0.40663844,0.35143235,0.10882082,0.13310838,1
2012020703,0.46060348,0.295744,0.1147183,0.12893419,1
2012020704,0.46493286,0.2887558,0.11413614,0.13217518,2
2012020705,0.43454188,0.32785535,0.11278723,0.12481554,1
2012020706,0.47470957,0.27707747,0.11808369,0.13012932,0
2012020707,0.52277565,0.23364723,0.11519887,0.12837824,3
2012020708,0.4152822,0.34810764,0.10609088,0.13051927,1
2012020709,0.36694145,0.37233558,0.11858897,0.142134,1
2012020710,0.5329371,0.23066115,0.11115035,0.12525144,0
2012020711,0.40271968,0.32358956,0.1291761,0.14451468,2
2012020712,0.4382132,0.31587678,0.11572514,0.1301849,1
2012020713,0.44963855,0.30449873,0.107598506,0.13826421,0
2012020714,0.41609636,0.32809892,0.11203539,0.14376934,0
2012020715,0.4132753,0.35083127,0.11100705,0.12488636,1
2012020716,0.44345617,0.3201498,0.10695513,0.12943889,0
2012020717,0.34628585,0.3927869,0.11910627,0.141821,1
2012020718,0.39487696,0.3580467,0.111764506,0.13531184,0
2012020719,0.3751046,0.3751433,0.11761181,0.13214031,1
2012020720,0.3973115,0.35239705,0.11690376,0.13338771,0
