team,xp82,sd82
ANA,98.8145,10.548203152670116
BOS,102.66675,10.482351570019933
BUF,89.2025,10.908253469277275
CAR,84.23925,11.009087584241499
CBJ,84.2435,10.848166100774819
CGY,84.4585,10.916788802115743
CHI,100.16125,10.726287728636583
COL,81.94,10.903618665378941
DAL,82.9665,10.792491730365185
DET,103.3345,10.597410520971625
EDM,88.52525,11.115748397543875
FLA,87.21325,11.027138089164472
LAK,101.896,10.547591383818391
MIN,94.477,10.86123708423675
MTL,98.70175,10.67250190618395
NJD,98.31025,10.67885737977144
NSH,96.118,10.845440332231785
NYI,80.0235,11.051128799810469
NYR,98.03525,10.806965690585887
OTT,90.129,10.784403506916835
PHI,92.21,10.885857798079103
PIT,93.872,10.805466949651011
SJS,102.572,10.435411635388467
STL,101.1895,10.464515743693068
TBL,85.9445,11.161537517295717
TOR,87.7565,11.075161748254507
UTA,61.49125,10.093186981201704
VAN,99.81725,10.620727490972639
WPG,83.3835,11.227708036371418
WSH,91.4095,10.8267635861323
