season,n_games,n_team_games,goals_pg,goals_se,xg_pg,xg_se,ratio,ratio_se,en_goals_pg,goals_no_en_pg,xg_no_en_pg
2010,1229,2458,2.766070,0.032140,2.790850,0.017817,0.991121,0.011714,0.143613,2.622457,2.642341
2011,1230,2460,2.732114,0.032206,2.721537,0.016926,1.003886,0.011627,0.155285,2.576829,2.574626
2012,1230,2460,2.660569,0.031809,2.655009,0.016855,1.002094,0.011745,0.145122,2.515447,2.505810
2013,720,1440,2.648611,0.042307,2.568576,0.023982,1.031159,0.016149,0.150694,2.497917,2.417853
2014,1230,2460,2.671951,0.030691,2.713318,0.018408,0.984754,0.011361,0.155285,2.516667,2.547390
2015,1230,2460,2.662195,0.031352,2.657057,0.016860,1.001934,0.011561,0.185366,2.476829,2.465658
2016,1230,2460,2.668699,0.030543,2.658005,0.016646,1.004023,0.011660,0.218699,2.450000,2.434982
2017,1230,2460,2.725203,0.032074,2.740125,0.017287,0.994554,0.011962,0.173171,2.552033,2.553707
2018,1271,2542,2.930370,0.032776,2.855233,0.017418,1.026316,0.011902,0.213218,2.717152,2.650482
2019,1271,2542,2.980724,0.033317,2.992836,0.018413,0.995953,0.011156,0.231707,2.749017,2.776115
2020,1082,2164,2.979667,0.034567,2.975835,0.018723,1.001288,0.011855,0.250000,2.729667,2.738545
2021,868,1736,2.898041,0.038702,2.846585,0.021948,1.018077,0.013972,0.227535,2.670507,2.637432
2022,1312,2624,3.105945,0.032576,3.173645,0.018920,0.978668,0.010420,0.261433,2.844512,2.922167
2023,1312,2624,3.143293,0.031701,3.033280,0.016950,1.036269,0.010992,0.239710,2.903582,2.804128
2024,1312,2624,3.081555,0.032113,2.888347,0.014409,1.066892,0.011171,0.246189,2.835366,2.652371
2025,1312,2624,3.011052,0.032039,3.034221,0.016090,0.992364,0.010846,0.281250,2.729802,2.754796
2026,1312,2624,3.081555,0.031859,3.323771,0.017669,0.927126,0.009722,0.274009,2.807546,3.033698
