player_id,name,team,start_share,gs_td,sa_td,ga_td,sv_td,starts_ros,sa_ros,starts_ros_p10,starts_ros_p90,sv_season,sv_season_p10,sv_season_p90
8477424,Juuse Saros,NSH,0.8313,4.0000,130.0000,11.0000,0.9154,66.3830,1847.4870,62.0000,71.0000,0.8940,0.8851,0.9025
8476434,John Gibson,DET,0.7974,4.0000,87.0000,12.0000,0.8621,63.9005,1779.7965,59.0000,68.0000,0.8936,0.8844,0.9028
8480280,Jeremy Swayman,BOS,0.7897,5.0000,133.0000,9.0000,0.9323,61.5175,1714.2350,57.0000,66.0000,0.8996,0.8906,0.9086
8476883,Andrei Vasilevskiy,TBL,0.7483,3.0000,60.0000,6.0000,0.9000,59.9335,1668.8795,55.0000,65.0000,0.8980,0.8886,0.9074
8478009,Ilya Sorokin,NYI,0.7468,3.0000,86.0000,3.0000,0.9651,59.8040,1664.7970,55.0000,65.0000,0.9018,0.8923,0.9112
8480843,Lukas Dostal,ANA,0.7493,4.0000,95.0000,11.0000,0.8842,59.7960,1665.4575,55.0000,64.0000,0.8935,0.8835,0.9030
8478048,Igor Shesterkin,NYR,0.7552,5.0000,109.0000,8.0000,0.9266,58.9055,1640.2120,54.0000,64.0000,0.8998,0.8906,0.9090
8479979,Jake Oettinger,DAL,0.6969,3.0000,61.0000,2.0000,0.9672,55.7820,1554.4725,50.0000,61.0000,0.8982,0.8882,0.9083
8480313,Logan Thompson,WSH,0.6907,3.0000,85.0000,6.0000,0.9294,55.2355,1537.5020,50.0000,60.0000,0.9007,0.8910,0.9107
8474593,Jacob Markstrom,FLA,0.6895,3.0000,55.0000,4.0000,0.9273,55.1775,1535.7125,50.0000,60.0000,0.8944,0.8841,0.9043
8476999,Linus Ullmark,OTT,0.6707,3.0000,68.0000,3.0000,0.9559,53.7185,1494.4640,48.0000,59.0000,0.8971,0.8872,0.9071
8478872,Karel Vejmelka,UTA,0.6639,3.0000,83.0000,9.0000,0.8916,52.4380,1459.3480,47.0000,58.0000,0.8952,0.8852,0.9049
8478406,Mackenzie Blackwood,COL,0.6520,3.0000,76.0000,8.0000,0.8947,52.1505,1450.9610,47.0000,57.0000,0.8953,0.8852,0.9052
8479973,Stuart Skinner,WPG,0.6425,3.0000,100.0000,8.0000,0.9200,50.8310,1416.6440,45.0000,56.0000,0.8966,0.8863,0.9068
8482137,Yaroslav Askarov,SJS,0.6387,4.0000,107.0000,15.0000,0.8598,50.4150,1403.3075,45.0000,56.0000,0.8891,0.8788,0.8987
8482661,Jesper Wallstedt,MIN,0.6305,4.0000,110.0000,8.0000,0.9273,50.4055,1403.2460,45.0000,56.0000,0.8971,0.8867,0.9069
8475311,Darcy Kuemper,LAK,0.6037,2.0000,57.0000,10.0000,0.8246,48.8065,1359.5070,43.0000,54.0000,0.8913,0.8807,0.9014
8474596,Jake Allen,NJD,0.6085,3.0000,77.0000,8.0000,0.8961,48.7565,1357.6785,43.0000,54.0000,0.8954,0.8849,0.9056
8480045,Ukko-Pekka Luukkonen,BUF,0.6064,3.0000,55.0000,12.0000,0.7818,48.5190,1351.1545,43.0000,54.0000,0.8892,0.8785,0.8996
8482487,Jakub Dobes,MTL,0.6043,3.0000,90.0000,13.0000,0.8556,48.4705,1350.1110,42.0000,54.0000,0.8934,0.8836,0.9036
8480981,Joel Hofer,STL,0.5929,3.0000,71.0000,5.0000,0.9296,47.6070,1325.1435,42.0000,53.0000,0.8969,0.8863,0.9073
8481519,Spencer Knight,CHI,0.6004,3.0000,92.0000,10.0000,0.8913,47.4710,1322.3270,42.0000,53.0000,0.8952,0.8848,0.9056
8480947,Kevin Lankinen,VAN,0.6080,4.0000,106.0000,23.0000,0.7830,47.3400,1318.2245,42.0000,53.0000,0.8825,0.8714,0.8927
8478916,Joey Daccord,SEA,0.5978,3.0000,79.0000,7.0000,0.9114,47.1825,1313.8690,42.0000,53.0000,0.8954,0.8848,0.9061
8475683,Sergei Bobrovsky,TOR,0.5754,3.0000,96.0000,9.0000,0.9062,45.5965,1269.8420,40.0000,51.0000,0.8940,0.8838,0.9047
8481668,Arturs Silovs,PIT,0.5700,3.0000,71.0000,10.0000,0.8592,45.0835,1256.5525,39.0000,51.0000,0.8887,0.8774,0.8997
8479394,Carter Hart,VGK,0.5394,3.0000,73.0000,8.0000,0.8904,42.6320,1187.3500,37.0000,48.0000,0.8928,0.8814,0.9033
8481692,Dustin Wolf,CGY,0.5293,2.0000,59.0000,12.0000,0.7966,42.3840,1178.5225,37.0000,48.0000,0.8886,0.8771,0.8997
8483548,Brandon Bussi,CAR,0.5302,3.0000,67.0000,10.0000,0.8507,41.9245,1166.4330,36.0000,48.0000,0.8911,0.8801,0.9020
8475660,Cam Talbot,CBJ,0.4989,1.0000,22.0000,2.0000,0.9091,40.6260,1129.8090,35.0000,46.0000,0.8939,0.8826,0.9052
8478435,Dan Vladar,PHI,0.5192,3.0000,105.0000,15.0000,0.8571,40.5825,1129.5805,35.0000,46.0000,0.8913,0.8802,0.9020
8482982,Jet Greaves,CBJ,0.5011,2.0000,57.0000,7.0000,0.8772,40.5440,1129.7540,35.0000,46.0000,0.8957,0.8843,0.9068
8482221,Devon Levi,EDM,0.4832,3.0000,73.0000,10.0000,0.8630,37.8345,1052.7005,32.0000,43.0000,0.8912,0.8791,0.9030
8482445,Devin Cooley,CGY,0.4707,2.0000,55.0000,10.0000,0.8182,37.6560,1048.5050,32.0000,43.0000,0.8909,0.8788,0.9027
8479361,Joseph Woll,PHI,0.4808,3.0000,110.0000,8.0000,0.9273,37.4700,1043.1975,32.0000,43.0000,0.8983,0.8863,0.9099
8478499,Adin Hill,VGK,0.4606,2.0000,44.0000,5.0000,0.8864,36.3015,1010.3720,30.0000,42.0000,0.8924,0.8803,0.9046
8477465,Tristan Jarry,EDM,0.4409,2.0000,43.0000,7.0000,0.8372,34.7905,968.3720,29.0000,40.0000,0.8899,0.8772,0.9025
8483703,Sergei Murashov,PIT,0.4300,2.0000,82.0000,5.0000,0.9390,33.8890,942.0495,28.0000,40.0000,0.8971,0.8848,0.9097
8476412,Jordan Binnington,STL,0.4071,1.0000,36.0000,6.0000,0.8333,32.5875,907.1975,27.0000,39.0000,0.8898,0.8767,0.9032
8476341,Anton Forsberg,LAK,0.3963,1.0000,25.0000,5.0000,0.8000,32.0430,892.4355,27.0000,38.0000,0.8918,0.8783,0.9056
8475831,Philipp Grubauer,SEA,0.4022,2.0000,72.0000,6.0000,0.9167,31.6850,883.0335,26.0000,37.0000,0.8947,0.8817,0.9075
8482821,Arvid Soderblom,CHI,0.3996,2.0000,50.0000,9.0000,0.8200,31.5385,877.6705,26.0000,37.0000,0.8881,0.8754,0.9007
8476932,Anthony Stolarz,TOR,0.3693,2.0000,52.0000,5.0000,0.9038,29.1520,810.9815,24.0000,35.0000,0.8960,0.8822,0.9088
8481611,Pyotr Kochetkov,CAR,0.3673,2.0000,38.0000,4.0000,0.8947,29.1075,810.6525,23.0000,35.0000,0.8941,0.8807,0.9077
8477968,Alex Nedeljkovic,SJS,0.3613,1.0000,26.0000,2.0000,0.9231,28.6805,798.3505,23.0000,34.0000,0.8945,0.8803,0.9086
8475809,Scott Wedgewood,COL,0.3480,1.0000,29.0000,3.0000,0.8966,27.7815,772.9465,22.0000,33.0000,0.8963,0.8824,0.9095
8483532,Clay Stevenson,WPG,0.3382,2.0000,47.0000,6.0000,0.8723,26.7115,742.9530,22.0000,32.0000,0.8931,0.8789,0.9069
8482657,Sebastian Cossa,UTA,0.3361,2.0000,27.0000,4.0000,0.8519,26.3810,734.6715,21.0000,32.0000,0.8923,0.8777,0.9066
8481035,Samuel Ersson,OTT,0.3293,1.0000,44.0000,5.0000,0.8864,26.3365,733.3320,21.0000,32.0000,0.8896,0.8748,0.9044
8482447,Leevi Meriläinen,VAN,0.3216,2.0000,84.0000,6.0000,0.9286,25.0920,699.3040,20.0000,30.0000,0.8962,0.8821,0.9097
8481033,Akira Schmid,FLA,0.3105,1.0000,32.0000,4.0000,0.8750,24.8810,692.0320,20.0000,30.0000,0.8926,0.8780,0.9071
8479292,Charlie Lindgren,WSH,0.3093,1.0000,29.0000,2.0000,0.9310,24.7240,687.2445,20.0000,30.0000,0.8949,0.8803,0.9095
8479193,Casey DeSmith,DAL,0.3031,1.0000,26.0000,2.0000,0.9231,24.2885,675.3095,19.0000,30.0000,0.8976,0.8825,0.9126
8478470,Samuel Montembeault,MTL,0.2728,0.0000,0.0000,0.0000,,21.7160,604.3745,17.0000,27.0000,0.8949,0.8782,0.9113
8481551,Colten Ellis,BUF,0.2514,1.0000,20.0000,2.0000,0.9000,20.2390,563.6070,15.0000,25.0000,0.8941,0.8776,0.9106
8483710,Dennis Hildeby,TBL,0.2517,1.0000,36.0000,2.0000,0.9444,20.2310,563.4415,15.0000,25.0000,0.8978,0.8826,0.9133
8473575,Semyon Varlamov,NYI,0.2532,1.0000,22.0000,3.0000,0.8636,20.2135,562.7935,15.0000,25.0000,0.8922,0.8760,0.9086
8482076,Nico Daws,NJD,0.2334,1.0000,32.0000,6.0000,0.8125,18.7110,521.0890,14.0000,24.0000,0.8888,0.8713,0.9053
8479406,Filip Gustavsson,MIN,0.2221,0.0000,0.0000,0.0000,,17.8440,496.8545,13.0000,23.0000,0.8949,0.8758,0.9131
8480022,Michael DiPietro,BOS,0.2103,1.0000,29.0000,3.0000,0.8966,16.2545,452.9030,12.0000,21.0000,0.8937,0.8757,0.9120
8480193,Daniil Tarasov,DET,0.2026,0.0000,9.0000,1.0000,0.8889,16.2180,451.1060,12.0000,21.0000,0.8924,0.8739,0.9103
8481020,Justus Annunen,NSH,0.1687,0.0000,0.0000,0.0000,,13.5015,376.2065,9.0000,18.0000,0.8946,0.8728,0.9152
8482465,Rémi Poirier,NJD,0.1581,0.0000,0.0000,0.0000,,12.7155,353.2925,9.0000,17.0000,0.8931,0.8720,0.9142
8475717,Calvin Pickard,MIN,0.1474,0.0000,0.0000,0.0000,,11.9490,332.2785,8.0000,16.0000,0.8923,0.8705,0.9142
8479312,Alex Lyon,BUF,0.1422,0.0000,0.0000,0.0000,,11.3400,315.8635,7.0000,15.0000,0.8949,0.8719,0.9178
8476914,Joonas Korpisalo,NYR,0.1431,0.0000,0.0000,0.0000,,11.1675,310.9410,7.0000,15.0000,0.8928,0.8690,0.9154
8476316,Laurent Brossoit,ANA,0.1336,0.0000,0.0000,0.0000,,10.5415,293.1625,7.0000,14.0000,0.8942,0.8690,0.9174
8484170,,MTL,0.1229,1.0000,18.0000,3.0000,0.8333,9.8465,276.1240,6.0000,14.0000,0.8908,0.8683,0.9128
8478024,Ville Husso,ANA,0.1171,0.0000,2.0000,0.0000,1.0000,9.3525,260.4225,6.0000,13.0000,0.8940,0.8686,0.9184
8480051,Cayden Primeau,CAR,0.1026,0.0000,0.0000,0.0000,,8.1650,227.2125,5.0000,12.0000,0.8914,0.8653,0.9199
8482193,,NYR,0.1017,1.0000,34.0000,1.0000,0.9706,7.9750,223.6650,5.0000,11.0000,0.9053,0.8809,0.9284
8475883,Frederik Andersen,EDM,0.0760,0.0000,0.0000,0.0000,,5.8810,163.9490,3.0000,9.0000,0.8944,0.8615,0.9268
8477967,Thatcher Demko,VAN,0.0704,0.0000,0.0000,0.0000,,5.4865,152.5750,3.0000,9.0000,0.8916,0.8571,0.9286
8478007,Elvis Merzlikins,TOR,0.0554,0.0000,0.0000,0.0000,,4.3895,122.2050,2.0000,7.0000,0.8803,0.8497,0.9299
8476945,Connor Hellebuyck,WPG,0.0192,0.0000,0.0000,0.0000,,1.4750,41.1950,0.0000,3.0000,0.6933,0.0000,0.9500
