team,conf,div,points,points_p10,points_p50,points_p90,w,otl,rw,gp,l,playoff_pct,division_pct,presidents_pct,round2_pct,conf_final_pct,cup_final_pct,cup_pct,rating,goals_for,goals_against,sog_for,sog_against,xgf_for,xgf_against,pp_opps_for,pp_opps_against,attempts_for,attempts_against,pp_goals_for,pp_goals_against,pp_pct,pk_pct,shooting_pct,save_pct,exp_wins_from_games,hits,blocks,giveaways,takeaways,pim,pen_taken,pen_drawn,fo_taken,fo_won,fo_lost
COL,W,Central,112.1143,96.0000,112.0000,128.0000,51.8324,8.4495,41.7544,84,23.7181,94.4600,47.3250,18.6350,64.2200,40.3450,26.1500,15.0500,0.4697,295.9206,236.5873,2715.9147,2216.1199,304.6064,256.6441,317.8448,325.3757,5106.1350,4166.4846,72.6392,64.2056,22.8537,80.2672,10.8958,0.8932,52.2092,1416.2054,1102.9948,1329.7989,415.0539,632.1487,255.8811,271.7760,4737.3480,2347.3270,2390.0210
CAR,E,Metropolitan,111.9556,96.0000,112.0000,128.0000,51.9641,8.0274,41.0620,84,24.0085,89.7400,51.0350,18.3350,60.6750,39.7150,23.9700,14.8700,0.5102,279.8497,243.2583,2800.6059,2225.3984,304.0469,258.9390,319.9231,346.1187,5265.4116,4183.9558,68.1556,63.2211,21.3038,81.7343,9.9925,0.8907,52.3141,1648.2413,987.2944,1274.2477,450.9555,688.4291,278.7391,267.9059,4737.3480,2392.6489,2344.6991
TBL,E,Atlantic,105.4272,89.0000,106.0000,121.0000,47.9391,9.5490,38.1968,84,26.5119,76.4900,26.2950,7.5800,42.8650,23.5550,12.2750,7.0050,0.3088,271.6282,221.5977,2563.1040,2446.7785,288.6688,252.4061,331.5962,362.4573,4818.8869,4600.1819,68.6823,61.1539,20.7126,83.1280,10.5976,0.9094,48.0985,1578.5924,1092.8292,1290.0096,386.3308,913.0823,290.2751,293.3053,4737.3480,2313.4166,2423.9314
VGK,W,Pacific,105.0086,89.0000,105.0000,121.0000,47.9870,9.0347,37.8832,84,26.9783,87.6900,40.7500,6.8300,55.1800,32.1150,15.8050,7.4950,0.2639,271.3985,236.7994,2611.3347,2237.7951,286.7573,251.8672,316.8946,331.0123,4909.5194,4207.2368,69.4748,61.5169,21.9236,81.4155,10.3931,0.8942,48.2565,1606.8433,1220.3276,1322.0291,420.3249,598.2477,232.2768,251.2780,4737.3480,2389.5874,2347.7606
DAL,W,Central,103.7193,87.0000,104.0000,120.0000,46.9928,9.7336,37.6035,84,27.2736,82.4500,19.8450,5.8700,43.8700,21.7550,11.8500,5.5300,0.2282,279.6069,226.9749,2319.0672,2360.5997,285.7767,253.7675,345.4803,347.6711,4360.0723,4438.1374,76.9846,58.3549,22.2834,83.2155,12.0569,0.9038,47.1571,1409.4575,1148.2607,1237.7587,387.2282,628.5403,266.2333,252.6159,4737.3480,2434.4164,2302.9316
EDM,W,Pacific,103.3854,87.0000,104.0000,119.0000,46.7078,9.9698,37.4646,84,27.3224,85.2250,34.3500,5.5700,50.8800,26.9050,12.3850,5.6700,0.1979,280.5316,224.1551,2571.9936,2266.3509,289.3645,246.0762,283.4459,279.2306,4835.5753,4260.9244,81.1736,56.8270,28.6381,79.6487,10.9072,0.9011,46.8798,1688.0507,1131.9203,1258.6051,406.6133,726.6851,267.5023,273.7591,4737.3480,2388.5369,2348.8111
OTT,E,Atlantic,102.8254,86.0000,103.0000,119.0000,46.5684,9.6884,36.9770,84,27.7431,70.0450,19.3400,5.2300,36.1800,18.8600,9.5100,5.0600,0.2397,275.2506,232.1521,2582.5816,2256.9995,294.9881,248.9251,338.0328,326.5576,4855.4838,4243.3514,71.6964,61.0331,21.2099,81.3102,10.6580,0.8971,46.6592,1713.4714,1144.8868,1189.1352,403.7278,668.6328,260.8530,275.0269,4737.3480,2426.0209,2311.3271
FLA,E,Atlantic,101.9784,86.0000,102.0000,118.0000,46.2032,9.5719,36.6573,84,28.2248,67.0650,17.6950,5.0450,35.3000,17.8100,9.0200,4.9350,0.2219,280.7478,241.6661,2437.1463,2446.3505,295.8567,263.7854,331.0805,336.5080,4582.0669,4599.3540,82.3513,63.6955,24.8735,81.0716,11.5195,0.9012,46.2581,2155.5312,1055.0927,1205.3948,386.6750,984.1218,332.8528,302.0999,4737.3480,2386.6052,2350.7428
MIN,W,Central,101.8308,86.0000,102.0000,118.0000,45.9502,9.9304,36.5198,84,28.1194,78.7300,16.0550,4.3850,39.5900,18.7250,9.7200,4.2900,0.1772,272.9435,228.6492,2564.3353,2518.0275,292.0817,252.8129,317.7636,313.1834,4821.1776,4734.1111,73.7152,61.5236,23.1981,80.3554,10.6438,0.9092,46.1054,1808.3793,1212.2474,1240.7445,394.2088,723.1264,269.6297,272.8453,4737.3480,2324.2481,2413.0999
BUF,E,Atlantic,100.1693,84.0000,100.0000,116.0000,45.4129,9.3435,35.4148,84,29.2436,62.4900,14.4600,3.3800,30.9700,15.6150,7.4700,3.7150,0.1891,264.5485,246.9039,2430.5068,2366.0255,275.6026,264.0162,350.5434,330.2907,4569.5502,4448.3038,67.2137,63.4857,19.1742,80.7788,10.8845,0.8956,45.5799,1549.8286,1129.3702,1211.3955,386.1335,685.7591,265.0565,266.1760,4737.3480,2302.1450,2435.2030
MTL,E,Atlantic,99.7441,83.0000,100.0000,116.0000,44.9721,9.8000,35.5201,84,29.2280,60.8950,13.3200,3.3650,29.1850,14.1700,6.8550,3.3450,0.1624,276.0958,241.3040,2301.6637,2509.0624,287.0050,269.9289,321.6752,307.4030,4327.3232,4717.2525,75.9758,60.6727,23.6188,80.2628,11.9955,0.9038,45.0015,1591.3058,1254.1944,1184.8115,385.0928,750.0305,293.3363,268.9029,4737.3480,2380.4340,2356.9140
NJD,E,Metropolitan,98.6795,82.0000,99.0000,115.0000,44.5555,9.5686,34.9068,84,29.8759,58.7450,12.6500,2.9550,29.4700,13.6000,6.3800,3.0000,0.1424,272.8235,250.7375,2661.4406,2453.9247,295.0720,263.9576,319.2171,314.7907,5003.7513,4613.6125,72.4103,59.6349,22.6837,81.0557,10.2510,0.8978,44.5859,1275.5499,1029.4659,1326.3125,387.3156,614.1197,243.7712,243.9358,4737.3480,2357.6740,2379.6740
CBJ,E,Metropolitan,97.4065,81.0000,97.0000,113.0000,43.5804,10.2459,34.2514,84,30.1738,54.7850,10.3650,2.1600,25.8650,11.2350,4.9350,2.4200,0.0999,261.5992,230.9451,2614.6571,2470.0233,289.4988,256.3607,331.5946,314.6668,4915.7675,4643.8567,59.5808,61.8751,17.9680,80.3363,10.0051,0.9065,43.6830,1494.3990,1169.2341,1220.3524,401.8117,658.9854,243.1036,231.9269,4737.3480,2346.8204,2390.5276
WSH,E,Metropolitan,95.8997,79.0000,96.0000,112.0000,43.0151,9.8696,33.4757,84,31.1154,49.9400,8.6950,1.7600,23.6100,9.9250,4.4250,2.1200,0.0767,261.5179,246.3128,2384.4697,2512.1529,272.1444,276.8373,337.1924,313.4060,4483.0126,4723.0615,67.4886,60.8661,20.0149,80.5792,10.9676,0.9020,43.1811,1715.4032,1274.9165,1251.1028,370.6710,784.5798,289.7845,269.2943,4737.3480,2390.7096,2346.6384
UTA,W,Central,95.2386,79.0000,95.0000,112.0000,43.0056,9.2274,32.5596,84,31.7670,59.5450,7.2650,1.5700,25.7850,11.4900,5.4250,2.1800,0.0351,238.8933,253.2768,2397.5097,2412.8182,270.0497,270.8425,321.9846,349.1420,4507.5475,4536.3084,60.0391,73.7706,18.6466,78.8709,9.9642,0.8950,43.0342,1737.1550,1144.0268,1305.5735,376.2618,761.9909,266.4234,245.2729,4737.3480,2405.6896,2331.6584
LAK,W,Pacific,93.1047,77.0000,93.0000,110.0000,41.6044,9.8959,32.2252,84,32.4997,58.7200,11.3450,0.9000,27.0100,11.4850,4.5250,1.8300,-0.0453,260.6501,254.3186,2785.4090,2589.3365,291.7861,278.2041,343.8106,332.6769,5236.7729,4868.1651,68.3702,70.8080,19.8860,78.7157,9.3577,0.9018,41.6793,1513.0589,1092.1753,1251.1984,363.9397,667.3028,277.9104,254.1920,4737.3480,2338.3222,2399.0258
BOS,E,Atlantic,92.4675,76.0000,93.0000,109.0000,41.2691,9.9294,31.8514,84,32.8015,38.3450,5.0250,0.8350,16.1000,6.9050,2.8800,1.2750,-0.0122,259.3089,256.0785,2427.8684,2588.2980,282.4176,284.0399,332.4949,353.5818,4564.6176,4866.2498,67.1934,71.0212,20.2088,79.9138,10.6805,0.9011,41.2378,1852.0467,1160.3670,1335.6762,399.8160,942.2193,317.4404,273.8833,4737.3480,2402.8930,2334.4550
NYR,E,Metropolitan,92.2955,76.0000,92.0000,109.0000,41.0746,10.1462,31.4709,84,32.7792,38.0950,5.2350,0.8550,16.4450,6.8200,3.0300,1.4600,-0.0237,241.1349,238.6768,2278.2633,2576.7772,253.1873,266.9272,315.4156,334.1888,4283.3150,4844.5347,67.4704,62.8820,21.3909,81.1837,10.5842,0.9074,41.0239,2134.0677,1196.5595,1206.6070,371.7682,673.5779,258.2475,230.8787,4737.3480,2439.4544,2297.8936
PHI,E,Metropolitan,91.0473,75.0000,91.0000,107.0000,40.3409,10.3656,30.9878,84,33.2936,34.2650,4.5150,0.7500,14.2100,5.6750,2.3400,1.0800,-0.0566,247.2077,242.5763,2452.4193,2422.8175,271.7106,262.0926,350.8350,328.1448,4610.7727,4555.1099,68.9116,63.4372,19.6422,80.6679,10.0802,0.8999,40.2978,1668.1899,1254.5078,1208.1181,377.3915,698.9073,271.5751,254.2562,4737.3480,2369.8967,2367.4513
STL,W,Central,90.9725,75.0000,91.0000,107.0000,40.5797,9.8130,30.9551,84,33.6073,46.4750,3.7350,0.6400,17.4800,7.2750,3.1200,1.0450,-0.0816,246.4837,254.6541,2421.6127,2530.1869,262.4733,273.2509,360.5368,347.8021,4552.8532,4756.9748,58.0417,73.1728,16.0987,78.9614,10.1785,0.8994,40.5336,1625.3499,1126.3697,1223.4205,363.7299,689.2002,255.1711,237.8552,4737.3480,2345.1247,2392.2233
NYI,E,Metropolitan,90.9406,75.0000,91.0000,107.0000,40.3475,10.2455,30.9061,84,33.4070,34.1100,4.4000,0.6050,14.0850,5.7300,2.5450,1.1250,-0.0625,243.1744,243.2711,2568.0707,2408.5092,262.8516,275.2544,335.4295,296.1429,4828.1816,4528.2119,55.7462,61.2565,16.6193,79.3152,9.4691,0.8990,40.1921,1626.4813,1217.6297,1238.2663,383.3598,633.5957,238.7286,255.1824,4737.3480,2427.6458,2309.7022
ANA,W,Pacific,89.9721,73.0000,90.0000,107.0000,40.3459,9.2803,30.5851,84,34.3738,48.6450,7.5800,0.6600,21.4150,9.2750,3.4850,1.2500,-0.1112,257.7568,281.7375,2602.9491,2349.6778,281.2494,298.9894,336.3559,341.1846,4893.7630,4417.5827,69.4238,74.3271,20.6400,78.2150,9.9025,0.8801,40.2489,1597.4097,1156.2929,1234.5074,385.7922,699.5735,274.9056,280.3836,4737.3480,2326.2578,2411.0902
NSH,W,Central,89.1030,73.0000,89.0000,106.0000,39.6223,9.8584,30.0768,84,34.5193,40.9900,3.1000,0.5100,14.3150,5.8950,2.4000,0.8800,-0.1272,242.9761,258.7687,2379.7934,2556.3672,262.4456,280.8576,315.5579,325.8972,4474.2121,4806.1993,65.2065,61.8426,20.6639,81.0239,10.2100,0.8988,39.5768,1615.1758,1103.1235,1258.7079,404.4957,642.3227,267.2592,255.0331,4737.3480,2434.6598,2302.6882
DET,E,Atlantic,88.6546,72.0000,89.0000,105.0000,39.4800,9.6946,29.7803,84,34.8254,27.1000,3.1350,0.4100,10.3600,4.5000,1.9250,0.7900,-0.0984,239.6893,262.9253,2412.3978,2425.8493,259.9504,277.8823,310.8257,302.0957,4535.5260,4560.8286,64.3084,68.0287,20.6895,77.4811,9.9357,0.8916,39.3816,1689.7682,1254.4815,1216.5875,378.8333,645.8676,255.3901,269.4270,4737.3480,2382.6126,2354.7354
WPG,W,Central,88.3676,72.0000,88.0000,105.0000,39.2176,9.9326,29.6023,84,34.8499,37.9500,2.4400,0.3700,13.2800,5.2800,2.1250,0.7000,-0.1495,235.4932,253.8661,2346.7438,2446.7873,254.9805,269.6973,311.3314,318.7269,4412.0756,4600.1807,58.9840,65.0903,18.9457,79.5780,10.0349,0.8962,39.0874,1757.1873,1164.7390,1164.2683,379.5609,575.1894,227.8059,238.7635,4737.3480,2335.8924,2401.4556
PIT,E,Metropolitan,88.1175,71.0000,88.0000,105.0000,39.6487,8.8200,29.2958,84,35.5313,27.3200,3.1050,0.4200,11.2200,4.5250,1.9100,0.8500,-0.0893,234.7091,286.2618,2352.2363,2452.1917,261.7850,291.4667,307.3911,313.4799,4422.4242,4610.3414,56.0559,70.5418,18.2360,77.4972,9.9781,0.8833,39.6000,1320.4317,1145.8405,1325.9164,405.4979,557.3007,239.5728,259.1748,4737.3480,2355.9003,2381.4477
SJS,W,Pacific,83.8971,67.0000,84.0000,101.0000,36.8820,10.1332,27.8820,84,36.9848,30.2600,3.0950,0.1650,11.3850,4.1600,1.3550,0.4000,-0.2769,246.5078,272.8392,2462.9925,2628.8806,267.5537,282.3546,364.2930,337.8524,4630.6274,4942.5137,64.9336,73.1127,17.8246,78.3596,10.0085,0.8962,36.7192,1890.0267,1178.6034,1291.6196,389.7044,785.2924,289.5588,267.0105,4737.3480,2327.7456,2409.6024
TOR,E,Atlantic,79.9991,64.0000,80.0000,97.0000,35.1886,9.6219,25.8124,84,39.1895,10.5700,0.7300,0.1000,3.4600,1.3600,0.5300,0.1550,-0.3029,227.7893,284.2145,2128.1918,2757.9982,243.3999,305.8768,276.0637,350.9951,4001.1762,5185.2592,54.0514,76.1778,19.5793,78.2966,10.7034,0.8969,35.0230,1572.6001,1188.6605,1270.4073,379.9763,740.0484,264.8333,242.5056,4737.3480,2430.8773,2306.4707
SEA,W,Pacific,79.2966,63.0000,79.0000,96.0000,34.8368,9.6230,25.4793,84,39.5402,18.9900,1.5150,0.0400,6.6350,2.3650,0.7750,0.2000,-0.3788,223.8324,284.0015,2373.6299,2584.2451,247.0118,298.9373,315.2665,311.5026,4462.6201,4858.6096,52.4838,75.9156,16.6474,75.6292,9.4300,0.8901,34.5853,1690.0391,1156.0075,1175.6345,371.2118,726.9844,254.0828,262.1478,4737.3480,2335.5783,2401.7697
CGY,W,Pacific,77.3436,61.0000,77.0000,94.0000,33.9436,9.4565,24.4414,84,40.5999,15.0900,1.0800,0.0400,4.8250,1.6750,0.5000,0.1750,-0.4228,205.2544,278.2736,2391.8470,2617.1327,236.6294,301.1182,322.9538,332.6021,4496.8622,4920.4413,49.0785,66.2587,15.1967,80.0787,8.5814,0.8937,33.6737,1552.9147,1176.0163,1288.1896,366.6213,728.4115,270.3696,248.6545,4737.3480,2350.6655,2386.6825
CHI,W,Central,75.1719,59.0000,75.0000,92.0000,32.7109,9.7500,23.7289,84,41.5391,9.3650,0.2350,0.0150,2.5700,0.8300,0.2550,0.0600,-0.4685,217.8243,288.3207,2216.9604,2554.9658,241.9464,292.7433,344.5936,297.9042,4168.0594,4803.5444,59.6202,62.0420,17.3016,79.1738,9.8254,0.8872,32.3840,1333.4790,1075.6660,1328.2767,378.6936,711.3225,271.3299,253.4482,4737.3480,2248.8068,2488.5412
VAN,W,Pacific,69.3268,53.0000,69.0000,86.0000,30.2207,8.8854,21.2112,84,44.8939,5.4150,0.2850,0.0150,1.5600,0.4250,0.1250,0.0400,-0.6158,202.5700,313.6136,2252.1873,2621.4558,228.7889,314.8283,297.1085,301.9411,4234.2944,4928.5548,54.3173,74.0264,18.2820,75.4832,8.9944,0.8804,29.7524,1794.0291,1128.0721,1182.3428,356.3279,604.2045,235.8852,253.6786,4737.3480,2358.9548,2378.3932
