date,team,book,american
2026-08-19,CAR,bet365,700
2026-08-19,CAR,betmgm,800
2026-08-19,CAR,draftkings,650
2026-08-19,CAR,caesars,800
2026-08-19,CAR,fanduel,750
2026-08-19,CAR,hardrock,700
2026-08-19,FLA,bet365,650
2026-08-19,FLA,betmgm,650
2026-08-19,FLA,draftkings,650
2026-08-19,FLA,caesars,650
2026-08-19,FLA,fanduel,650
2026-08-19,FLA,hardrock,650
2026-08-19,COL,bet365,750
2026-08-19,COL,betmgm,750
2026-08-19,COL,draftkings,700
2026-08-19,COL,caesars,600
2026-08-19,COL,fanduel,750
2026-08-19,COL,hardrock,750
2026-08-19,EDM,bet365,900
2026-08-19,EDM,betmgm,900
2026-08-19,EDM,draftkings,800
2026-08-19,EDM,caesars,1200
2026-08-19,EDM,fanduel,950
2026-08-19,EDM,hardrock,900
2026-08-19,VGK,bet365,1000
2026-08-19,VGK,betmgm,850
2026-08-19,VGK,draftkings,850
2026-08-19,VGK,caesars,1000
2026-08-19,VGK,fanduel,1100
2026-08-19,VGK,hardrock,1000
2026-08-19,TBL,bet365,1200
2026-08-19,TBL,betmgm,1200
2026-08-19,TBL,draftkings,1200
2026-08-19,TBL,caesars,1400
2026-08-19,TBL,fanduel,1300
2026-08-19,TBL,hardrock,1200
2026-08-19,MIN,bet365,1400
2026-08-19,MIN,betmgm,1400
2026-08-19,MIN,draftkings,1300
2026-08-19,MIN,caesars,1300
2026-08-19,MIN,fanduel,1400
2026-08-19,MIN,hardrock,1300
2026-08-19,DAL,bet365,1600
2026-08-19,DAL,betmgm,1700
2026-08-19,DAL,draftkings,1400
2026-08-19,DAL,caesars,1500
2026-08-19,DAL,fanduel,1700
2026-08-19,DAL,hardrock,1500
2026-08-19,WSH,bet365,1500
2026-08-19,WSH,betmgm,1700
2026-08-19,WSH,draftkings,1700
2026-08-19,WSH,caesars,1800
2026-08-19,WSH,fanduel,1100
2026-08-19,WSH,hardrock,1400
2026-08-19,MTL,bet365,2000
2026-08-19,MTL,betmgm,2000
2026-08-19,MTL,draftkings,2200
2026-08-19,MTL,caesars,1700
2026-08-19,MTL,fanduel,2500
2026-08-19,MTL,hardrock,2250
2026-08-19,ANA,bet365,3000
2026-08-19,ANA,betmgm,3300
2026-08-19,ANA,draftkings,2800
2026-08-19,ANA,caesars,3000
2026-08-19,ANA,fanduel,3300
2026-08-19,ANA,hardrock,3000
2026-08-19,BUF,bet365,3500
2026-08-19,BUF,betmgm,3500
2026-08-19,BUF,draftkings,3000
2026-08-19,BUF,caesars,2500
2026-08-19,BUF,fanduel,3500
2026-08-19,BUF,hardrock,3000
2026-08-19,NJD,bet365,2800
2026-08-19,NJD,betmgm,3500
2026-08-19,NJD,draftkings,3000
2026-08-19,NJD,caesars,2500
2026-08-19,NJD,fanduel,2700
2026-08-19,NJD,hardrock,3000
2026-08-19,LAK,bet365,3000
2026-08-19,LAK,betmgm,4000
2026-08-19,LAK,draftkings,3000
2026-08-19,LAK,caesars,3000
2026-08-19,LAK,fanduel,3300
2026-08-19,LAK,hardrock,3000
2026-08-19,UTA,bet365,3000
2026-08-19,UTA,betmgm,3300
2026-08-19,UTA,draftkings,3000
2026-08-19,UTA,caesars,2500
2026-08-19,UTA,fanduel,2500
2026-08-19,UTA,hardrock,3000
2026-08-19,SJS,bet365,3500
2026-08-19,SJS,betmgm,4000
2026-08-19,SJS,draftkings,3500
2026-08-19,SJS,caesars,3500
2026-08-19,SJS,fanduel,3500
2026-08-19,SJS,hardrock,4000
2026-08-19,OTT,bet365,3500
2026-08-19,OTT,betmgm,4000
2026-08-19,OTT,draftkings,3500
2026-08-19,OTT,caesars,3500
2026-08-19,OTT,fanduel,3300
2026-08-19,OTT,hardrock,4000
2026-08-19,TOR,bet365,3000
2026-08-19,TOR,betmgm,3000
2026-08-19,TOR,draftkings,3500
2026-08-19,TOR,caesars,4000
2026-08-19,TOR,fanduel,3300
2026-08-19,TOR,hardrock,4000
2026-08-19,PHI,bet365,5000
2026-08-19,PHI,betmgm,5500
2026-08-19,PHI,draftkings,5000
2026-08-19,PHI,caesars,5000
2026-08-19,PHI,fanduel,4500
2026-08-19,PHI,hardrock,5000
2026-08-19,CBJ,bet365,5500
2026-08-19,CBJ,betmgm,6600
2026-08-19,CBJ,draftkings,6000
2026-08-19,CBJ,caesars,6000
2026-08-19,CBJ,fanduel,5000
2026-08-19,CBJ,hardrock,6000
2026-08-19,NYR,bet365,8000
2026-08-19,NYR,betmgm,8000
2026-08-19,NYR,draftkings,8000
2026-08-19,NYR,caesars,6000
2026-08-19,NYR,fanduel,6000
2026-08-19,NYR,hardrock,7500
2026-08-19,PIT,bet365,7000
2026-08-19,PIT,betmgm,8000
2026-08-19,PIT,draftkings,8000
2026-08-19,PIT,caesars,8000
2026-08-19,PIT,fanduel,6000
2026-08-19,PIT,hardrock,7500
2026-08-19,BOS,bet365,10000
2026-08-19,BOS,betmgm,10000
2026-08-19,BOS,draftkings,10000
2026-08-19,BOS,caesars,8000
2026-08-19,BOS,fanduel,10000
2026-08-19,BOS,hardrock,10000
2026-08-19,DET,bet365,10000
2026-08-19,DET,betmgm,15000
2026-08-19,DET,draftkings,15000
2026-08-19,DET,caesars,10000
2026-08-19,DET,fanduel,10000
2026-08-19,DET,hardrock,10000
2026-08-19,WPG,bet365,10000
2026-08-19,WPG,betmgm,15000
2026-08-19,WPG,draftkings,15000
2026-08-19,WPG,caesars,10000
2026-08-19,WPG,fanduel,10000
2026-08-19,WPG,hardrock,10000
2026-08-19,NYI,bet365,12500
2026-08-19,NYI,betmgm,12500
2026-08-19,NYI,draftkings,15000
2026-08-19,NYI,caesars,10000
2026-08-19,NYI,fanduel,10000
2026-08-19,NYI,hardrock,10000
2026-08-19,NSH,bet365,15000
2026-08-19,NSH,betmgm,17500
2026-08-19,NSH,draftkings,20000
2026-08-19,NSH,caesars,12500
2026-08-19,NSH,fanduel,10000
2026-08-19,NSH,hardrock,15000
2026-08-19,STL,bet365,15000
2026-08-19,STL,betmgm,20000
2026-08-19,STL,draftkings,25000
2026-08-19,STL,caesars,10000
2026-08-19,STL,fanduel,12500
2026-08-19,STL,hardrock,15000
2026-08-19,CHI,bet365,20000
2026-08-19,CHI,betmgm,20000
2026-08-19,CHI,draftkings,25000
2026-08-19,CHI,caesars,20000
2026-08-19,CHI,fanduel,22500
2026-08-19,CHI,hardrock,25000
2026-08-19,SEA,bet365,25000
2026-08-19,SEA,betmgm,40000
2026-08-19,SEA,draftkings,40000
2026-08-19,SEA,caesars,50000
2026-08-19,SEA,fanduel,20000
2026-08-19,SEA,hardrock,25000
2026-08-19,CGY,bet365,40000
2026-08-19,CGY,betmgm,50000
2026-08-19,CGY,draftkings,100000
2026-08-19,CGY,caesars,50000
2026-08-19,CGY,fanduel,40000
2026-08-19,CGY,hardrock,50000
2026-08-19,VAN,bet365,50000
2026-08-19,VAN,betmgm,50000
2026-08-19,VAN,draftkings,100000
2026-08-19,VAN,caesars,50000
2026-08-19,VAN,fanduel,50000
2026-08-19,VAN,hardrock,100000
