date,away,away_g,home,home_g,ot,game_type,season_end
2016-10-12,St. Louis Blues,5,Chicago Blackhawks,2,,R,2017
2016-10-12,Calgary Flames,4,Edmonton Oilers,7,,R,2017
2016-10-12,Toronto Maple Leafs,4,Ottawa Senators,5,OT,R,2017
2016-10-12,Los Angeles Kings,1,San Jose Sharks,2,,R,2017
2016-10-13,Montreal Canadiens,4,Buffalo Sabres,1,,R,2017
2016-10-13,Boston Bruins,6,Columbus Blue Jackets,3,,R,2017
2016-10-13,Anaheim Ducks,2,Dallas Stars,4,,R,2017
2016-10-13,New Jersey Devils,1,Florida Panthers,2,OT,R,2017
2016-10-13,New York Islanders,3,New York Rangers,5,,R,2017
2016-10-13,Washington Capitals,2,Pittsburgh Penguins,3,SO,R,2017
2016-10-13,Minnesota Wild,2,St. Louis Blues,3,,R,2017
2016-10-13,Detroit Red Wings,4,Tampa Bay Lightning,6,,R,2017
2016-10-13,Carolina Hurricanes,4,Winnipeg Jets,5,OT,R,2017
2016-10-14,Edmonton Oilers,5,Calgary Flames,3,,R,2017
2016-10-14,Philadelphia Flyers,4,Los Angeles Kings,2,,R,2017
2016-10-14,Chicago Blackhawks,2,Nashville Predators,3,,R,2017
2016-10-15,Philadelphia Flyers,3,Arizona Coyotes,4,OT,R,2017
2016-10-15,San Jose Sharks,3,Columbus Blue Jackets,2,,R,2017
2016-10-15,Nashville Predators,3,Chicago Blackhawks,5,,R,2017
2016-10-15,Dallas Stars,5,Colorado Avalanche,6,,R,2017
2016-10-15,Detroit Red Wings,1,Florida Panthers,4,,R,2017
2016-10-15,Winnipeg Jets,3,Minnesota Wild,4,,R,2017
2016-10-15,Montreal Canadiens,3,Ottawa Senators,4,SO,R,2017
2016-10-15,Anaheim Ducks,2,Pittsburgh Penguins,3,,R,2017
2016-10-15,New York Rangers,2,St. Louis Blues,3,,R,2017
2016-10-15,New Jersey Devils,2,Tampa Bay Lightning,3,,R,2017
2016-10-15,Boston Bruins,1,Toronto Maple Leafs,4,,R,2017
2016-10-15,Calgary Flames,1,Vancouver Canucks,2,SO,R,2017
2016-10-15,New York Islanders,1,Washington Capitals,2,,R,2017
2016-10-16,Buffalo Sabres,6,Edmonton Oilers,2,,R,2017
2016-10-16,Anaheim Ducks,2,New York Islanders,3,OT,R,2017
2016-10-16,Carolina Hurricanes,3,Vancouver Canucks,4,OT,R,2017
2016-10-17,Ottawa Senators,1,Detroit Red Wings,5,,R,2017
2016-10-17,San Jose Sharks,4,New York Rangers,7,,R,2017
2016-10-17,Colorado Avalanche,4,Pittsburgh Penguins,3,OT,R,2017
2016-10-17,Boston Bruins,4,Winnipeg Jets,1,,R,2017
2016-10-18,Buffalo Sabres,3,Calgary Flames,4,OT,R,2017
2016-10-18,Philadelphia Flyers,4,Chicago Blackhawks,7,,R,2017
2016-10-18,Carolina Hurricanes,2,Edmonton Oilers,3,,R,2017
2016-10-18,Los Angeles Kings,3,Minnesota Wild,6,,R,2017
2016-10-18,Pittsburgh Penguins,0,Montreal Canadiens,4,,R,2017
2016-10-18,Anaheim Ducks,1,New Jersey Devils,2,,R,2017
2016-10-18,Dallas Stars,2,Nashville Predators,1,,R,2017
2016-10-18,San Jose Sharks,3,New York Islanders,2,,R,2017
2016-10-18,Arizona Coyotes,4,Ottawa Senators,7,,R,2017
2016-10-18,Florida Panthers,3,Tampa Bay Lightning,4,SO,R,2017
2016-10-18,St. Louis Blues,1,Vancouver Canucks,2,OT,R,2017
2016-10-18,Colorado Avalanche,0,Washington Capitals,3,,R,2017
2016-10-19,Detroit Red Wings,2,New York Rangers,1,,R,2017
2016-10-19,Toronto Maple Leafs,4,Winnipeg Jets,5,OT,R,2017
2016-10-20,New Jersey Devils,1,Boston Bruins,2,,R,2017
2016-10-20,Carolina Hurricanes,4,Calgary Flames,2,,R,2017
2016-10-20,Los Angeles Kings,4,Dallas Stars,3,OT,R,2017
2016-10-20,St. Louis Blues,1,Edmonton Oilers,3,,R,2017
2016-10-20,Washington Capitals,4,Florida Panthers,2,,R,2017
2016-10-20,Toronto Maple Leafs,2,Minnesota Wild,3,,R,2017
2016-10-20,Arizona Coyotes,2,Montreal Canadiens,5,,R,2017
2016-10-20,Anaheim Ducks,3,Philadelphia Flyers,2,,R,2017
2016-10-20,San Jose Sharks,2,Pittsburgh Penguins,3,,R,2017
2016-10-20,Colorado Avalanche,4,Tampa Bay Lightning,0,,R,2017
2016-10-20,Buffalo Sabres,1,Vancouver Canucks,2,,R,2017
2016-10-21,Chicago Blackhawks,2,Columbus Blue Jackets,3,,R,2017
2016-10-21,Nashville Predators,3,Detroit Red Wings,5,,R,2017
2016-10-21,Arizona Coyotes,2,New York Islanders,3,,R,2017
2016-10-22,Montreal Canadiens,4,Boston Bruins,2,,R,2017
2016-10-22,St. Louis Blues,6,Calgary Flames,4,,R,2017
2016-10-22,Toronto Maple Leafs,4,Chicago Blackhawks,5,SO,R,2017
2016-10-22,Columbus Blue Jackets,3,Dallas Stars,0,,R,2017
2016-10-22,San Jose Sharks,0,Detroit Red Wings,3,,R,2017
2016-10-22,Colorado Avalanche,2,Florida Panthers,5,,R,2017
2016-10-22,Vancouver Canucks,3,Los Angeles Kings,4,SO,R,2017
2016-10-22,Minnesota Wild,1,New Jersey Devils,2,OT,R,2017
2016-10-22,Pittsburgh Penguins,1,Nashville Predators,5,,R,2017
2016-10-22,Tampa Bay Lightning,4,Ottawa Senators,1,,R,2017
2016-10-22,Carolina Hurricanes,3,Philadelphia Flyers,6,,R,2017
2016-10-22,New York Rangers,4,Washington Capitals,2,,R,2017
2016-10-23,Vancouver Canucks,2,Anaheim Ducks,4,,R,2017
2016-10-23,Minnesota Wild,3,New York Islanders,6,,R,2017
2016-10-23,Arizona Coyotes,2,New York Rangers,3,,R,2017
2016-10-23,Edmonton Oilers,3,Winnipeg Jets,0,,R,2017
2016-10-24,Calgary Flames,3,Chicago Blackhawks,2,SO,R,2017
2016-10-24,Philadelphia Flyers,1,Montreal Canadiens,3,,R,2017
2016-10-25,Minnesota Wild,5,Boston Bruins,0,,R,2017
2016-10-25,Winnipeg Jets,2,Dallas Stars,3,,R,2017
2016-10-25,Carolina Hurricanes,2,Detroit Red Wings,4,,R,2017
2016-10-25,Columbus Blue Jackets,2,Los Angeles Kings,3,OT,R,2017
2016-10-25,Arizona Coyotes,3,New Jersey Devils,5,,R,2017
2016-10-25,Buffalo Sabres,3,Philadelphia Flyers,4,SO,R,2017
2016-10-25,Florida Panthers,2,Pittsburgh Penguins,3,,R,2017
2016-10-25,Anaheim Ducks,1,San Jose Sharks,2,OT,R,2017
2016-10-25,Calgary Flames,4,St. Louis Blues,1,,R,2017
2016-10-25,Tampa Bay Lightning,7,Toronto Maple Leafs,3,,R,2017
2016-10-25,Ottawa Senators,3,Vancouver Canucks,0,,R,2017
2016-10-26,Nashville Predators,1,Anaheim Ducks,6,,R,2017
2016-10-26,Washington Capitals,1,Edmonton Oilers,4,,R,2017
2016-10-26,Montreal Canadiens,3,New York Islanders,2,,R,2017
2016-10-26,Boston Bruins,2,New York Rangers,5,,R,2017
2016-10-27,Minnesota Wild,4,Buffalo Sabres,0,,R,2017
2016-10-27,Nashville Predators,2,Los Angeles Kings,3,OT,R,2017
2016-10-27,Tampa Bay Lightning,1,Montreal Canadiens,3,,R,2017
2016-10-27,Arizona Coyotes,5,Philadelphia Flyers,4,,R,2017
2016-10-27,New York Islanders,2,Pittsburgh Penguins,4,,R,2017
2016-10-27,Columbus Blue Jackets,1,San Jose Sharks,3,,R,2017
2016-10-27,Detroit Red Wings,2,St. Louis Blues,1,SO,R,2017
2016-10-27,Florida Panthers,2,Toronto Maple Leafs,3,,R,2017
2016-10-27,Dallas Stars,1,Winnipeg Jets,4,,R,2017
2016-10-28,Columbus Blue Jackets,4,Anaheim Ducks,0,,R,2017
2016-10-28,New York Rangers,2,Carolina Hurricanes,3,,R,2017
2016-10-28,Ottawa Senators,2,Calgary Flames,5,,R,2017
2016-10-28,Winnipeg Jets,1,Colorado Avalanche,0,,R,2017
2016-10-28,Chicago Blackhawks,3,New Jersey Devils,2,OT,R,2017
2016-10-28,Edmonton Oilers,2,Vancouver Canucks,0,,R,2017
2016-10-29,Colorado Avalanche,3,Arizona Coyotes,2,,R,2017
2016-10-29,Florida Panthers,0,Buffalo Sabres,3,,R,2017
2016-10-29,Boston Bruins,1,Detroit Red Wings,0,,R,2017
2016-10-29,Dallas Stars,0,Minnesota Wild,4,,R,2017
2016-10-29,Toronto Maple Leafs,1,Montreal Canadiens,2,,R,2017
2016-10-29,Tampa Bay Lightning,1,New Jersey Devils,3,,R,2017
2016-10-29,Pittsburgh Penguins,5,Philadelphia Flyers,4,,R,2017
2016-10-29,Nashville Predators,1,San Jose Sharks,4,,R,2017
2016-10-29,Los Angeles Kings,0,St. Louis Blues,1,,R,2017
2016-10-29,Washington Capitals,5,Vancouver Canucks,2,,R,2017
2016-10-30,Philadelphia Flyers,4,Carolina Hurricanes,3,,R,2017
2016-10-30,Washington Capitals,3,Calgary Flames,1,,R,2017
2016-10-30,Los Angeles Kings,0,Chicago Blackhawks,3,,R,2017
2016-10-30,Florida Panthers,5,Detroit Red Wings,2,,R,2017
2016-10-30,Ottawa Senators,2,Edmonton Oilers,0,,R,2017
2016-10-30,Toronto Maple Leafs,1,New York Islanders,5,,R,2017
2016-10-30,Tampa Bay Lightning,1,New York Rangers,6,,R,2017
2016-10-30,Buffalo Sabres,3,Winnipeg Jets,1,,R,2017
2016-11-01,San Jose Sharks,2,Arizona Coyotes,3,,R,2017
2016-11-01,Dallas Stars,2,Columbus Blue Jackets,3,OT,R,2017
2016-11-01,Calgary Flames,1,Chicago Blackhawks,5,,R,2017
2016-11-01,Nashville Predators,5,Colorado Avalanche,1,,R,2017
2016-11-01,Boston Bruins,2,Florida Panthers,1,,R,2017
2016-11-01,Anaheim Ducks,4,Los Angeles Kings,0,,R,2017
2016-11-01,Buffalo Sabres,2,Minnesota Wild,1,,R,2017
2016-11-01,Tampa Bay Lightning,6,New York Islanders,1,,R,2017
2016-11-01,St. Louis Blues,0,New York Rangers,5,,R,2017
2016-11-01,Carolina Hurricanes,1,Ottawa Senators,2,OT,R,2017
2016-11-01,Edmonton Oilers,2,Toronto Maple Leafs,3,OT,R,2017
2016-11-01,Washington Capitals,3,Winnipeg Jets,2,,R,2017
2016-11-02,Pittsburgh Penguins,5,Anaheim Ducks,1,,R,2017
2016-11-02,Vancouver Canucks,0,Montreal Canadiens,3,,R,2017
2016-11-02,Detroit Red Wings,3,Philadelphia Flyers,4,OT,R,2017
2016-11-03,Nashville Predators,2,Arizona Coyotes,3,SO,R,2017
2016-11-03,Toronto Maple Leafs,2,Buffalo Sabres,1,,R,2017
2016-11-03,Colorado Avalanche,0,Chicago Blackhawks,4,,R,2017
2016-11-03,St. Louis Blues,2,Dallas Stars,6,,R,2017
2016-11-03,New Jersey Devils,3,Florida Panthers,4,OT,R,2017
2016-11-03,Pittsburgh Penguins,2,Los Angeles Kings,3,OT,R,2017
2016-11-03,Philadelphia Flyers,3,New York Islanders,2,SO,R,2017
2016-11-03,Edmonton Oilers,3,New York Rangers,5,,R,2017
2016-11-03,Vancouver Canucks,0,Ottawa Senators,1,,R,2017
2016-11-03,Calgary Flames,3,San Jose Sharks,2,,R,2017
2016-11-03,Boston Bruins,4,Tampa Bay Lightning,3,SO,R,2017
2016-11-03,Winnipeg Jets,3,Washington Capitals,4,OT,R,2017
2016-11-04,Arizona Coyotes,1,Anaheim Ducks,5,,R,2017
2016-11-04,Montreal Canadiens,0,Columbus Blue Jackets,10,,R,2017
2016-11-04,Winnipeg Jets,5,Detroit Red Wings,3,,R,2017
2016-11-05,New York Rangers,5,Boston Bruins,2,,R,2017
2016-11-05,Minnesota Wild,0,Colorado Avalanche,1,,R,2017
2016-11-05,Chicago Blackhawks,3,Dallas Stars,2,,R,2017
2016-11-05,Calgary Flames,0,Los Angeles Kings,5,,R,2017
2016-11-05,Philadelphia Flyers,4,Montreal Canadiens,5,,R,2017
2016-11-05,Carolina Hurricanes,3,Nashville Predators,2,SO,R,2017
2016-11-05,Edmonton Oilers,4,New York Islanders,3,SO,R,2017
2016-11-05,Buffalo Sabres,2,Ottawa Senators,1,,R,2017
2016-11-05,Pittsburgh Penguins,5,San Jose Sharks,0,,R,2017
2016-11-05,Columbus Blue Jackets,1,St. Louis Blues,2,OT,R,2017
2016-11-05,New Jersey Devils,1,Tampa Bay Lightning,4,,R,2017
2016-11-05,Vancouver Canucks,3,Toronto Maple Leafs,6,,R,2017
2016-11-05,Florida Panthers,2,Washington Capitals,4,,R,2017
2016-11-06,Calgary Flames,1,Anaheim Ducks,4,,R,2017
2016-11-06,New Jersey Devils,4,Carolina Hurricanes,1,,R,2017
2016-11-06,Dallas Stars,3,Chicago Blackhawks,4,OT,R,2017
2016-11-06,Edmonton Oilers,2,Detroit Red Wings,1,,R,2017
2016-11-06,Winnipeg Jets,2,New York Rangers,5,,R,2017
2016-11-06,Colorado Avalanche,1,St. Louis Blues,5,,R,2017
2016-11-07,Buffalo Sabres,0,Boston Bruins,4,,R,2017
2016-11-07,Tampa Bay Lightning,1,Florida Panthers,3,,R,2017
2016-11-07,Vancouver Canucks,2,New York Islanders,4,,R,2017
2016-11-08,Arizona Coyotes,4,Colorado Avalanche,2,,R,2017
2016-11-08,Boston Bruins,2,Montreal Canadiens,3,,R,2017
2016-11-08,Carolina Hurricanes,2,New Jersey Devils,3,SO,R,2017
2016-11-08,Ottawa Senators,1,Nashville Predators,3,,R,2017
2016-11-08,Vancouver Canucks,5,New York Rangers,3,,R,2017
2016-11-08,Detroit Red Wings,3,Philadelphia Flyers,2,SO,R,2017
2016-11-08,Edmonton Oilers,3,Pittsburgh Penguins,4,,R,2017
2016-11-08,Los Angeles Kings,7,Toronto Maple Leafs,0,,R,2017
2016-11-08,Dallas Stars,2,Winnipeg Jets,8,,R,2017
2016-11-08,San Jose Sharks,3,Washington Capitals,0,,R,2017
2016-11-09,Ottawa Senators,2,Buffalo Sabres,1,SO,R,2017
2016-11-09,Anaheim Ducks,2,Columbus Blue Jackets,3,OT,R,2017
2016-11-09,Chicago Blackhawks,2,St. Louis Blues,1,OT,R,2017
2016-11-10,Winnipeg Jets,3,Arizona Coyotes,2,,R,2017
2016-11-10,Columbus Blue Jackets,2,Boston Bruins,5,,R,2017
2016-11-10,Anaheim Ducks,4,Carolina Hurricanes,2,,R,2017
2016-11-10,Dallas Stars,4,Calgary Flames,2,,R,2017
2016-11-10,Vancouver Canucks,1,Detroit Red Wings,3,,R,2017
2016-11-10,San Jose Sharks,4,Florida Panthers,2,,R,2017
2016-11-10,Los Angeles Kings,1,Montreal Canadiens,4,,R,2017
2016-11-10,St. Louis Blues,1,Nashville Predators,3,,R,2017
2016-11-10,Minnesota Wild,4,Pittsburgh Penguins,2,,R,2017
2016-11-10,New York Islanders,1,Tampa Bay Lightning,4,,R,2017
2016-11-11,New Jersey Devils,2,Buffalo Sabres,1,OT,R,2017
2016-11-11,Washington Capitals,3,Chicago Blackhawks,2,OT,R,2017
2016-11-11,Winnipeg Jets,2,Colorado Avalanche,3,OT,R,2017
2016-11-11,Dallas Stars,3,Edmonton Oilers,2,,R,2017
2016-11-11,Los Angeles Kings,1,Ottawa Senators,2,,R,2017
2016-11-11,Philadelphia Flyers,3,Toronto Maple Leafs,6,,R,2017
2016-11-12,Boston Bruins,2,Arizona Coyotes,1,,R,2017
2016-11-12,Washington Capitals,1,Carolina Hurricanes,5,,R,2017
2016-11-12,St. Louis Blues,4,Columbus Blue Jackets,8,,R,2017
2016-11-12,New York Rangers,4,Calgary Flames,1,,R,2017
2016-11-12,New York Islanders,2,Florida Panthers,3,OT,R,2017
2016-11-12,Detroit Red Wings,0,Montreal Canadiens,5,,R,2017
2016-11-12,Buffalo Sabres,2,New Jersey Devils,4,,R,2017
2016-11-12,Anaheim Ducks,0,Nashville Predators,5,,R,2017
2016-11-12,Minnesota Wild,2,Philadelphia Flyers,3,,R,2017
2016-11-12,Toronto Maple Leafs,1,Pittsburgh Penguins,4,,R,2017
2016-11-12,San Jose Sharks,3,Tampa Bay Lightning,1,,R,2017
2016-11-13,Montreal Canadiens,2,Chicago Blackhawks,3,,R,2017
2016-11-13,Boston Bruins,2,Colorado Avalanche,0,,R,2017
2016-11-13,New York Rangers,3,Edmonton Oilers,1,,R,2017
2016-11-13,Minnesota Wild,2,Ottawa Senators,1,OT,R,2017
2016-11-13,Dallas Stars,4,Vancouver Canucks,5,OT,R,2017
2016-11-13,Los Angeles Kings,2,Winnipeg Jets,3,SO,R,2017
2016-11-14,Tampa Bay Lightning,4,New York Islanders,0,,R,2017
2016-11-15,Edmonton Oilers,1,Anaheim Ducks,4,,R,2017
2016-11-15,San Jose Sharks,0,Carolina Hurricanes,1,,R,2017
2016-11-15,Washington Capitals,1,Columbus Blue Jackets,2,OT,R,2017
2016-11-15,Los Angeles Kings,1,Colorado Avalanche,4,,R,2017
2016-11-15,New Jersey Devils,2,Dallas Stars,1,OT,R,2017
2016-11-15,Tampa Bay Lightning,4,Detroit Red Wings,3,,R,2017
2016-11-15,Calgary Flames,1,Minnesota Wild,0,,R,2017
2016-11-15,Florida Panthers,4,Montreal Canadiens,3,OT,R,2017
2016-11-15,Ottawa Senators,3,Philadelphia Flyers,2,SO,R,2017
2016-11-15,Buffalo Sabres,1,St. Louis Blues,4,,R,2017
2016-11-15,Nashville Predators,2,Toronto Maple Leafs,6,,R,2017
2016-11-15,New York Rangers,7,Vancouver Canucks,2,,R,2017
2016-11-15,Chicago Blackhawks,0,Winnipeg Jets,4,,R,2017
2016-11-16,Arizona Coyotes,1,Calgary Flames,2,OT,R,2017
2016-11-16,Pittsburgh Penguins,1,Washington Capitals,7,,R,2017
2016-11-17,New Jersey Devils,2,Anaheim Ducks,3,,R,2017
2016-11-17,Tampa Bay Lightning,4,Buffalo Sabres,1,,R,2017
2016-11-17,Colorado Avalanche,2,Dallas Stars,3,,R,2017
2016-11-17,Edmonton Oilers,2,Los Angeles Kings,4,,R,2017
2016-11-17,Boston Bruins,0,Minnesota Wild,1,,R,2017
2016-11-17,Nashville Predators,5,Ottawa Senators,1,,R,2017
2016-11-17,Winnipeg Jets,2,Philadelphia Flyers,5,,R,2017
2016-11-17,San Jose Sharks,2,St. Louis Blues,3,,R,2017
2016-11-17,Florida Panthers,1,Toronto Maple Leafs,6,,R,2017
2016-11-17,Arizona Coyotes,2,Vancouver Canucks,3,OT,R,2017
2016-11-18,Montreal Canadiens,2,Carolina Hurricanes,3,,R,2017
2016-11-18,New York Rangers,2,Columbus Blue Jackets,4,,R,2017
2016-11-18,Chicago Blackhawks,3,Calgary Flames,2,,R,2017
2016-11-18,Pittsburgh Penguins,3,New York Islanders,2,OT,R,2017
2016-11-18,Detroit Red Wings,0,Washington Capitals,1,,R,2017
2016-11-19,San Jose Sharks,2,Arizona Coyotes,3,OT,R,2017
2016-11-19,Winnipeg Jets,1,Boston Bruins,4,,R,2017
2016-11-19,Pittsburgh Penguins,1,Buffalo Sabres,2,SO,R,2017
2016-11-19,Edmonton Oilers,5,Dallas Stars,2,,R,2017
2016-11-19,New Jersey Devils,2,Los Angeles Kings,4,,R,2017
2016-11-19,Colorado Avalanche,3,Minnesota Wild,2,,R,2017
2016-11-19,Toronto Maple Leafs,1,Montreal Canadiens,2,,R,2017
2016-11-19,Florida Panthers,4,Ottawa Senators,1,,R,2017
2016-11-19,Tampa Bay Lightning,3,Philadelphia Flyers,0,,R,2017
2016-11-19,Nashville Predators,1,St. Louis Blues,3,,R,2017
2016-11-19,Chicago Blackhawks,4,Vancouver Canucks,3,OT,R,2017
2016-11-20,Los Angeles Kings,3,Anaheim Ducks,2,,R,2017
2016-11-20,Winnipeg Jets,1,Carolina Hurricanes,3,,R,2017
2016-11-20,Calgary Flames,3,Detroit Red Wings,2,,R,2017
2016-11-20,Florida Panthers,3,New York Rangers,2,SO,R,2017
2016-11-20,Columbus Blue Jackets,3,Washington Capitals,2,,R,2017
2016-11-21,Calgary Flames,2,Buffalo Sabres,4,,R,2017
2016-11-21,Colorado Avalanche,3,Columbus Blue Jackets,2,OT,R,2017
2016-11-21,Minnesota Wild,2,Dallas Stars,3,OT,R,2017
2016-11-21,Chicago Blackhawks,0,Edmonton Oilers,5,,R,2017
2016-11-21,Tampa Bay Lightning,1,Nashville Predators,3,,R,2017
2016-11-21,New York Rangers,5,Pittsburgh Penguins,2,,R,2017
2016-11-21,New Jersey Devils,0,San Jose Sharks,4,,R,2017
2016-11-22,New York Islanders,3,Anaheim Ducks,2,SO,R,2017
2016-11-22,St. Louis Blues,4,Boston Bruins,2,,R,2017
2016-11-22,Philadelphia Flyers,3,Florida Panthers,1,,R,2017
2016-11-22,Ottawa Senators,4,Montreal Canadiens,3,,R,2017
2016-11-22,Carolina Hurricanes,2,Toronto Maple Leafs,1,,R,2017
2016-11-23,Vancouver Canucks,4,Arizona Coyotes,1,,R,2017
2016-11-23,Detroit Red Wings,2,Buffalo Sabres,1,SO,R,2017
2016-11-23,Calgary Flames,2,Columbus Blue Jackets,0,,R,2017
2016-11-23,Edmonton Oilers,6,Colorado Avalanche,3,,R,2017
2016-11-23,New York Islanders,2,Los Angeles Kings,4,,R,2017
2016-11-23,Winnipeg Jets,1,Minnesota Wild,3,,R,2017
2016-11-23,Toronto Maple Leafs,4,New Jersey Devils,5,SO,R,2017
2016-11-23,Dallas Stars,2,Nashville Predators,5,,R,2017
2016-11-23,Pittsburgh Penguins,6,New York Rangers,1,,R,2017
2016-11-23,Chicago Blackhawks,1,San Jose Sharks,2,,R,2017
2016-11-23,Philadelphia Flyers,2,Tampa Bay Lightning,4,,R,2017
2016-11-23,St. Louis Blues,3,Washington Capitals,4,,R,2017
2016-11-24,Carolina Hurricanes,1,Montreal Canadiens,2,,R,2017
2016-11-24,Boston Bruins,1,Ottawa Senators,3,,R,2017
2016-11-25,Chicago Blackhawks,3,Anaheim Ducks,2,,R,2017
2016-11-25,Edmonton Oilers,2,Arizona Coyotes,3,SO,R,2017
2016-11-25,Calgary Flames,2,Boston Bruins,1,,R,2017
2016-11-25,Vancouver Canucks,1,Dallas Stars,2,,R,2017
2016-11-25,Pittsburgh Penguins,2,Minnesota Wild,6,,R,2017
2016-11-25,Detroit Red Wings,5,New Jersey Devils,4,OT,R,2017
2016-11-25,Winnipeg Jets,1,Nashville Predators,5,,R,2017
2016-11-25,New York Rangers,3,Philadelphia Flyers,2,,R,2017
2016-11-25,New York Islanders,2,San Jose Sharks,3,,R,2017
2016-11-25,Columbus Blue Jackets,5,Tampa Bay Lightning,3,,R,2017
2016-11-25,Buffalo Sabres,1,Washington Capitals,3,,R,2017
2016-11-26,Vancouver Canucks,3,Colorado Avalanche,2,SO,R,2017
2016-11-26,Montreal Canadiens,2,Detroit Red Wings,1,OT,R,2017
2016-11-26,Columbus Blue Jackets,1,Florida Panthers,2,SO,R,2017
2016-11-26,Chicago Blackhawks,1,Los Angeles Kings,2,OT,R,2017
2016-11-26,Carolina Hurricanes,1,Ottawa Senators,2,,R,2017
2016-11-26,New Jersey Devils,3,Pittsburgh Penguins,4,SO,R,2017
2016-11-26,Anaheim Ducks,3,San Jose Sharks,2,,R,2017
2016-11-26,Minnesota Wild,3,St. Louis Blues,4,SO,R,2017
2016-11-26,Washington Capitals,2,Toronto Maple Leafs,4,,R,2017
2016-11-27,Tampa Bay Lightning,1,Boston Bruins,4,,R,2017
2016-11-27,Florida Panthers,2,Carolina Hurricanes,3,,R,2017
2016-11-27,Arizona Coyotes,2,Edmonton Oilers,1,,R,2017
2016-11-27,Ottawa Senators,2,New York Rangers,0,,R,2017
2016-11-27,Calgary Flames,3,Philadelphia Flyers,5,,R,2017
2016-11-27,Nashville Predators,0,Winnipeg Jets,3,,R,2017
2016-11-28,Calgary Flames,1,New York Islanders,2,OT,R,2017
2016-11-28,Dallas Stars,3,St. Louis Blues,4,OT,R,2017
2016-11-29,Montreal Canadiens,1,Anaheim Ducks,2,,R,2017
2016-11-29,Tampa Bay Lightning,1,Columbus Blue Jackets,5,,R,2017
2016-11-29,Florida Panthers,1,Chicago Blackhawks,2,SO,R,2017
2016-11-29,Nashville Predators,5,Colorado Avalanche,3,,R,2017
2016-11-29,Dallas Stars,1,Detroit Red Wings,3,,R,2017
2016-11-29,Toronto Maple Leafs,4,Edmonton Oilers,2,,R,2017
2016-11-29,Carolina Hurricanes,2,New York Rangers,3,,R,2017
2016-11-29,Buffalo Sabres,5,Ottawa Senators,4,,R,2017
2016-11-29,Boston Bruins,2,Philadelphia Flyers,3,SO,R,2017
2016-11-29,Arizona Coyotes,1,San Jose Sharks,2,OT,R,2017
2016-11-29,Minnesota Wild,4,Vancouver Canucks,5,,R,2017
2016-11-29,New Jersey Devils,2,Winnipeg Jets,3,,R,2017
2016-11-30,Toronto Maple Leafs,0,Calgary Flames,3,,R,2017
2016-11-30,San Jose Sharks,4,Los Angeles Kings,1,,R,2017
2016-11-30,Pittsburgh Penguins,3,New York Islanders,5,,R,2017
2016-12-01,Los Angeles Kings,4,Arizona Coyotes,3,,R,2017
2016-12-01,Carolina Hurricanes,1,Boston Bruins,2,SO,R,2017
2016-12-01,New York Rangers,3,Buffalo Sabres,4,,R,2017
2016-12-01,New Jersey Devils,3,Chicago Blackhawks,4,OT,R,2017
2016-12-01,Columbus Blue Jackets,3,Colorado Avalanche,2,,R,2017
2016-12-01,Florida Panthers,2,Detroit Red Wings,1,OT,R,2017
2016-12-01,Philadelphia Flyers,3,Ottawa Senators,2,OT,R,2017
2016-12-01,Dallas Stars,2,Pittsburgh Penguins,6,,R,2017
2016-12-01,Tampa Bay Lightning,4,St. Louis Blues,5,,R,2017
2016-12-01,Anaheim Ducks,3,Vancouver Canucks,1,,R,2017
2016-12-01,Edmonton Oilers,6,Winnipeg Jets,3,,R,2017
2016-12-01,New York Islanders,3,Washington Capitals,0,,R,2017
2016-12-02,Minnesota Wild,2,Calgary Flames,3,SO,R,2017
2016-12-02,Montreal Canadiens,1,San Jose Sharks,2,,R,2017
2016-12-03,Columbus Blue Jackets,3,Arizona Coyotes,2,SO,R,2017
2016-12-03,Boston Bruins,2,Buffalo Sabres,1,,R,2017
2016-12-03,Dallas Stars,3,Colorado Avalanche,0,,R,2017
2016-12-03,Anaheim Ducks,2,Edmonton Oilers,3,OT,R,2017
2016-12-03,New Jersey Devils,5,Nashville Predators,4,OT,R,2017
2016-12-03,Carolina Hurricanes,2,New York Rangers,4,,R,2017
2016-12-03,Florida Panthers,0,Ottawa Senators,2,,R,2017
2016-12-03,Chicago Blackhawks,1,Philadelphia Flyers,3,,R,2017
2016-12-03,Detroit Red Wings,3,Pittsburgh Penguins,5,,R,2017
2016-12-03,Winnipeg Jets,3,St. Louis Blues,2,OT,R,2017
2016-12-03,Washington Capitals,1,Tampa Bay Lightning,2,SO,R,2017
2016-12-03,Toronto Maple Leafs,2,Vancouver Canucks,3,SO,R,2017
2016-12-04,Tampa Bay Lightning,0,Carolina Hurricanes,1,OT,R,2017
2016-12-04,Anaheim Ducks,3,Calgary Flames,8,,R,2017
2016-12-04,Winnipeg Jets,2,Chicago Blackhawks,1,,R,2017
2016-12-04,Minnesota Wild,2,Edmonton Oilers,1,OT,R,2017
2016-12-04,Montreal Canadiens,5,Los Angeles Kings,4,SO,R,2017
2016-12-04,Philadelphia Flyers,4,Nashville Predators,2,,R,2017
2016-12-04,Detroit Red Wings,4,New York Islanders,3,OT,R,2017
2016-12-05,Florida Panthers,3,Boston Bruins,4,OT,R,2017
2016-12-05,Arizona Coyotes,1,Columbus Blue Jackets,4,,R,2017
2016-12-05,Ottawa Senators,5,Pittsburgh Penguins,8,,R,2017
2016-12-05,Buffalo Sabres,2,Washington Capitals,3,OT,R,2017
2016-12-06,Edmonton Oilers,3,Buffalo Sabres,4,OT,R,2017
2016-12-06,Arizona Coyotes,0,Chicago Blackhawks,4,,R,2017
2016-12-06,Calgary Flames,2,Dallas Stars,1,,R,2017
2016-12-06,Vancouver Canucks,2,New Jersey Devils,3,,R,2017
2016-12-06,Colorado Avalanche,3,Nashville Predators,4,,R,2017
2016-12-06,New York Rangers,2,New York Islanders,4,,R,2017
2016-12-06,Florida Panthers,2,Philadelphia Flyers,3,OT,R,2017
2016-12-06,Montreal Canadiens,2,St. Louis Blues,3,OT,R,2017
2016-12-06,Detroit Red Wings,4,Winnipeg Jets,3,SO,R,2017
2016-12-07,Carolina Hurricanes,5,Anaheim Ducks,6,SO,R,2017
2016-12-07,Ottawa Senators,4,San Jose Sharks,2,,R,2017
2016-12-07,Minnesota Wild,3,Toronto Maple Leafs,2,,R,2017
2016-12-07,Boston Bruins,3,Washington Capitals,4,OT,R,2017
2016-12-08,Calgary Flames,2,Arizona Coyotes,1,OT,R,2017
2016-12-08,Colorado Avalanche,4,Boston Bruins,2,,R,2017
2016-12-08,Nashville Predators,2,Dallas Stars,5,,R,2017
2016-12-08,Pittsburgh Penguins,5,Florida Panthers,1,,R,2017
2016-12-08,Carolina Hurricanes,3,Los Angeles Kings,1,,R,2017
2016-12-08,New Jersey Devils,2,Montreal Canadiens,5,,R,2017
2016-12-08,St. Louis Blues,2,New York Islanders,3,,R,2017
2016-12-08,Edmonton Oilers,5,Philadelphia Flyers,6,,R,2017
2016-12-08,Vancouver Canucks,5,Tampa Bay Lightning,1,,R,2017
2016-12-08,New York Rangers,2,Winnipeg Jets,1,,R,2017
2016-12-09,San Jose Sharks,2,Anaheim Ducks,3,,R,2017
2016-12-09,Washington Capitals,4,Buffalo Sabres,1,,R,2017
2016-12-09,New York Rangers,1,Chicago Blackhawks,0,OT,R,2017
2016-12-09,Columbus Blue Jackets,4,Detroit Red Wings,1,,R,2017
2016-12-09,Edmonton Oilers,2,Minnesota Wild,3,SO,R,2017
2016-12-09,St. Louis Blues,4,New Jersey Devils,1,,R,2017
2016-12-10,Nashville Predators,1,Arizona Coyotes,4,,R,2017
2016-12-10,Toronto Maple Leafs,4,Boston Bruins,1,,R,2017
2016-12-10,New York Islanders,2,Columbus Blue Jackets,6,,R,2017
2016-12-10,Winnipeg Jets,2,Calgary Flames,6,,R,2017
2016-12-10,Vancouver Canucks,2,Florida Panthers,4,,R,2017
2016-12-10,Ottawa Senators,1,Los Angeles Kings,4,,R,2017
2016-12-10,Colorado Avalanche,1,Montreal Canadiens,10,,R,2017
2016-12-10,Dallas Stars,2,Philadelphia Flyers,4,,R,2017
2016-12-10,Carolina Hurricanes,3,San Jose Sharks,4,,R,2017
2016-12-10,Pittsburgh Penguins,4,Tampa Bay Lightning,3,,R,2017
2016-12-11,Ottawa Senators,1,Anaheim Ducks,5,,R,2017
2016-12-11,Dallas Stars,1,Chicago Blackhawks,3,,R,2017
2016-12-11,Philadelphia Flyers,1,Detroit Red Wings,0,OT,R,2017
2016-12-11,Winnipeg Jets,2,Edmonton Oilers,3,,R,2017
2016-12-11,St. Louis Blues,1,Minnesota Wild,3,,R,2017
2016-12-11,New Jersey Devils,0,New York Rangers,5,,R,2017
2016-12-11,Colorado Avalanche,3,Toronto Maple Leafs,1,,R,2017
2016-12-11,Vancouver Canucks,0,Washington Capitals,3,,R,2017
2016-12-12,Boston Bruins,2,Montreal Canadiens,1,OT,R,2017
2016-12-12,Arizona Coyotes,0,Pittsburgh Penguins,7,,R,2017
2016-12-13,Los Angeles Kings,3,Buffalo Sabres,6,,R,2017
2016-12-13,Vancouver Canucks,6,Carolina Hurricanes,8,,R,2017
2016-12-13,Anaheim Ducks,2,Dallas Stars,6,,R,2017
2016-12-13,Arizona Coyotes,4,Detroit Red Wings,1,,R,2017
2016-12-13,Columbus Blue Jackets,3,Edmonton Oilers,1,,R,2017
2016-12-13,Florida Panthers,1,Minnesota Wild,5,,R,2017
2016-12-13,St. Louis Blues,3,Nashville Predators,6,,R,2017
2016-12-13,Washington Capitals,4,New York Islanders,2,,R,2017
2016-12-13,Chicago Blackhawks,2,New York Rangers,1,,R,2017
2016-12-13,San Jose Sharks,3,Toronto Maple Leafs,2,SO,R,2017
2016-12-14,Tampa Bay Lightning,6,Calgary Flames,3,,R,2017
2016-12-14,Philadelphia Flyers,4,Colorado Avalanche,3,,R,2017
2016-12-14,San Jose Sharks,4,Ottawa Senators,3,SO,R,2017
2016-12-14,Boston Bruins,3,Pittsburgh Penguins,4,OT,R,2017
2016-12-15,Anaheim Ducks,4,Boston Bruins,3,,R,2017
2016-12-15,New York Rangers,2,Dallas Stars,0,,R,2017
2016-12-15,Los Angeles Kings,4,Detroit Red Wings,1,,R,2017
2016-12-15,Minnesota Wild,5,Nashville Predators,2,,R,2017
2016-12-15,Chicago Blackhawks,5,New York Islanders,4,,R,2017
2016-12-15,New Jersey Devils,2,St. Louis Blues,5,,R,2017
2016-12-15,Arizona Coyotes,3,Toronto Maple Leafs,2,SO,R,2017
2016-12-15,Florida Panthers,3,Winnipeg Jets,4,SO,R,2017
2016-12-16,New York Islanders,2,Buffalo Sabres,3,OT,R,2017
2016-12-16,Washington Capitals,4,Carolina Hurricanes,3,SO,R,2017
2016-12-16,Columbus Blue Jackets,4,Calgary Flames,1,,R,2017
2016-12-16,Florida Panthers,3,Colorado Avalanche,1,,R,2017
2016-12-16,San Jose Sharks,4,Montreal Canadiens,2,,R,2017
2016-12-16,Los Angeles Kings,1,Pittsburgh Penguins,0,OT,R,2017
2016-12-16,Tampa Bay Lightning,2,Vancouver Canucks,4,,R,2017
2016-12-17,Buffalo Sabres,1,Carolina Hurricanes,2,SO,R,2017
2016-12-17,Philadelphia Flyers,1,Dallas Stars,3,,R,2017
2016-12-17,Anaheim Ducks,4,Detroit Red Wings,6,,R,2017
2016-12-17,Tampa Bay Lightning,2,Edmonton Oilers,3,SO,R,2017
2016-12-17,Arizona Coyotes,1,Minnesota Wild,4,,R,2017
2016-12-17,New York Rangers,2,Nashville Predators,1,SO,R,2017
2016-12-17,New Jersey Devils,1,Ottawa Senators,3,,R,2017
2016-12-17,Chicago Blackhawks,6,St. Louis Blues,4,,R,2017
2016-12-17,Pittsburgh Penguins,1,Toronto Maple Leafs,2,OT,R,2017
2016-12-17,Montreal Canadiens,2,Washington Capitals,1,,R,2017
2016-12-18,Los Angeles Kings,0,Boston Bruins,1,,R,2017
2016-12-18,San Jose Sharks,1,Chicago Blackhawks,4,,R,2017
2016-12-18,Ottawa Senators,6,New York Islanders,2,,R,2017
2016-12-18,New Jersey Devils,2,New York Rangers,3,SO,R,2017
2016-12-18,Columbus Blue Jackets,4,Vancouver Canucks,3,OT,R,2017
2016-12-18,Colorado Avalanche,1,Winnipeg Jets,4,,R,2017
2016-12-19,Calgary Flames,4,Arizona Coyotes,2,,R,2017
2016-12-19,Nashville Predators,2,Philadelphia Flyers,1,SO,R,2017
2016-12-19,Edmonton Oilers,3,St. Louis Blues,2,OT,R,2017
2016-12-19,Anaheim Ducks,3,Toronto Maple Leafs,2,,R,2017
2016-12-20,New York Islanders,4,Boston Bruins,2,,R,2017
2016-12-20,Los Angeles Kings,2,Columbus Blue Jackets,3,SO,R,2017
2016-12-20,Ottawa Senators,4,Chicago Blackhawks,3,,R,2017
2016-12-20,St. Louis Blues,3,Dallas Stars,2,OT,R,2017
2016-12-20,Buffalo Sabres,3,Florida Panthers,4,SO,R,2017
2016-12-20,Colorado Avalanche,0,Minnesota Wild,2,,R,2017
2016-12-20,Anaheim Ducks,1,Montreal Canadiens,5,,R,2017
2016-12-20,Nashville Predators,5,New Jersey Devils,1,,R,2017
2016-12-20,New York Rangers,2,Pittsburgh Penguins,7,,R,2017
2016-12-20,Calgary Flames,1,San Jose Sharks,4,,R,2017
2016-12-20,Detroit Red Wings,1,Tampa Bay Lightning,4,,R,2017
2016-12-20,Winnipeg Jets,1,Vancouver Canucks,4,,R,2017
2016-12-21,Edmonton Oilers,3,Arizona Coyotes,2,,R,2017
2016-12-21,Washington Capitals,2,Philadelphia Flyers,3,SO,R,2017
2016-12-22,Carolina Hurricanes,3,Buffalo Sabres,1,,R,2017
2016-12-22,Pittsburgh Penguins,1,Columbus Blue Jackets,7,,R,2017
2016-12-22,Toronto Maple Leafs,6,Colorado Avalanche,0,,R,2017
2016-12-22,Boston Bruins,3,Florida Panthers,1,,R,2017
2016-12-22,Minnesota Wild,4,Montreal Canadiens,2,,R,2017
2016-12-22,Philadelphia Flyers,0,New Jersey Devils,4,,R,2017
2016-12-22,Los Angeles Kings,4,Nashville Predators,0,,R,2017
2016-12-22,Anaheim Ducks,1,Ottawa Senators,2,OT,R,2017
2016-12-22,St. Louis Blues,2,Tampa Bay Lightning,5,,R,2017
2016-12-22,Winnipeg Jets,4,Vancouver Canucks,1,,R,2017
2016-12-23,Toronto Maple Leafs,4,Arizona Coyotes,1,,R,2017
2016-12-23,Boston Bruins,2,Carolina Hurricanes,3,OT,R,2017
2016-12-23,Montreal Canadiens,1,Columbus Blue Jackets,2,,R,2017
2016-12-23,Vancouver Canucks,1,Calgary Flames,4,,R,2017
2016-12-23,Colorado Avalanche,2,Chicago Blackhawks,1,OT,R,2017
2016-12-23,Los Angeles Kings,2,Dallas Stars,3,OT,R,2017
2016-12-23,Detroit Red Wings,4,Florida Panthers,3,SO,R,2017
2016-12-23,Buffalo Sabres,1,New York Islanders,5,,R,2017
2016-12-23,Minnesota Wild,7,New York Rangers,4,,R,2017
2016-12-23,New Jersey Devils,1,Pittsburgh Penguins,4,,R,2017
2016-12-23,Edmonton Oilers,2,San Jose Sharks,3,OT,R,2017
2016-12-23,Tampa Bay Lightning,0,Washington Capitals,4,,R,2017
2016-12-27,San Jose Sharks,3,Anaheim Ducks,2,OT,R,2017
2016-12-27,Dallas Stars,3,Arizona Coyotes,2,,R,2017
2016-12-27,Boston Bruins,3,Columbus Blue Jackets,4,,R,2017
2016-12-27,Winnipeg Jets,3,Chicago Blackhawks,1,,R,2017
2016-12-27,Calgary Flames,6,Colorado Avalanche,3,,R,2017
2016-12-27,Buffalo Sabres,4,Detroit Red Wings,3,,R,2017
2016-12-27,Pittsburgh Penguins,5,New Jersey Devils,2,,R,2017
2016-12-27,Minnesota Wild,3,Nashville Predators,2,OT,R,2017
2016-12-27,Washington Capitals,3,New York Islanders,4,,R,2017
2016-12-27,Ottawa Senators,3,New York Rangers,4,,R,2017
2016-12-28,Toronto Maple Leafs,3,Florida Panthers,2,SO,R,2017
2016-12-28,Carolina Hurricanes,2,Pittsburgh Penguins,3,,R,2017
2016-12-28,Philadelphia Flyers,3,St. Louis Blues,6,,R,2017
2016-12-28,Montreal Canadiens,3,Tampa Bay Lightning,4,OT,R,2017
2016-12-28,Los Angeles Kings,1,Vancouver Canucks,2,,R,2017
2016-12-29,New York Rangers,6,Arizona Coyotes,3,,R,2017
2016-12-29,Boston Bruins,4,Buffalo Sabres,2,,R,2017
2016-12-29,Anaheim Ducks,3,Calgary Flames,1,,R,2017
2016-12-29,Colorado Avalanche,2,Dallas Stars,4,,R,2017
2016-12-29,Los Angeles Kings,1,Edmonton Oilers,3,,R,2017
2016-12-29,Montreal Canadiens,3,Florida Panthers,2,OT,R,2017
2016-12-29,New York Islanders,4,Minnesota Wild,6,,R,2017
2016-12-29,Chicago Blackhawks,3,Nashville Predators,2,,R,2017
2016-12-29,Detroit Red Wings,3,Ottawa Senators,2,OT,R,2017
2016-12-29,Toronto Maple Leafs,3,Tampa Bay Lightning,2,OT,R,2017
2016-12-29,Columbus Blue Jackets,5,Winnipeg Jets,3,,R,2017
2016-12-29,New Jersey Devils,2,Washington Capitals,1,SO,R,2017
2016-12-30,Chicago Blackhawks,2,Carolina Hurricanes,3,,R,2017
2016-12-30,Philadelphia Flyers,0,San Jose Sharks,2,,R,2017
2016-12-30,Nashville Predators,4,St. Louis Blues,0,,R,2017
2016-12-30,Anaheim Ducks,2,Vancouver Canucks,3,OT,R,2017
2016-12-31,Buffalo Sabres,1,Boston Bruins,3,,R,2017
2016-12-31,Arizona Coyotes,2,Calgary Flames,4,,R,2017
2016-12-31,New York Rangers,6,Colorado Avalanche,2,,R,2017
2016-12-31,Florida Panthers,3,Dallas Stars,1,,R,2017
2016-12-31,Vancouver Canucks,3,Edmonton Oilers,2,SO,R,2017
2016-12-31,San Jose Sharks,2,Los Angeles Kings,3,,R,2017
2016-12-31,Columbus Blue Jackets,4,Minnesota Wild,2,,R,2017
2016-12-31,Washington Capitals,6,New Jersey Devils,2,,R,2017
2016-12-31,Montreal Canadiens,3,Pittsburgh Penguins,4,OT,R,2017
2016-12-31,Carolina Hurricanes,1,Tampa Bay Lightning,3,,R,2017
2016-12-31,New York Islanders,6,Winnipeg Jets,2,,R,2017
2017-01-01,Philadelphia Flyers,3,Anaheim Ducks,4,SO,R,2017
2017-01-01,Detroit Red Wings,4,Toronto Maple Leafs,5,OT,R,2017
2017-01-01,Ottawa Senators,1,Washington Capitals,2,,R,2017
2017-01-02,Boston Bruins,0,New Jersey Devils,3,,R,2017
2017-01-02,Chicago Blackhawks,1,St. Louis Blues,4,,R,2017
2017-01-02,Colorado Avalanche,2,Vancouver Canucks,3,,R,2017
2017-01-03,New Jersey Devils,3,Carolina Hurricanes,1,,R,2017
2017-01-03,Edmonton Oilers,1,Columbus Blue Jackets,3,,R,2017
2017-01-03,Montreal Canadiens,2,Nashville Predators,1,OT,R,2017
2017-01-03,Buffalo Sabres,4,New York Rangers,1,,R,2017
2017-01-03,Los Angeles Kings,2,San Jose Sharks,1,OT,R,2017
2017-01-03,Winnipeg Jets,6,Tampa Bay Lightning,4,,R,2017
2017-01-03,Toronto Maple Leafs,5,Washington Capitals,6,OT,R,2017
2017-01-04,Detroit Red Wings,0,Anaheim Ducks,2,,R,2017
2017-01-04,Colorado Avalanche,1,Calgary Flames,4,,R,2017
2017-01-04,Montreal Canadiens,4,Dallas Stars,3,OT,R,2017
2017-01-04,Winnipeg Jets,4,Florida Panthers,1,,R,2017
2017-01-04,New York Rangers,5,Philadelphia Flyers,2,,R,2017
2017-01-04,Arizona Coyotes,0,Vancouver Canucks,3,,R,2017
2017-01-05,Edmonton Oilers,4,Boston Bruins,3,,R,2017
2017-01-05,Buffalo Sabres,3,Chicago Blackhawks,4,OT,R,2017
2017-01-05,Detroit Red Wings,4,Los Angeles Kings,0,,R,2017
2017-01-05,Minnesota Wild,5,San Jose Sharks,4,,R,2017
2017-01-05,Carolina Hurricanes,4,St. Louis Blues,2,,R,2017
2017-01-05,Nashville Predators,6,Tampa Bay Lightning,1,,R,2017
2017-01-05,Columbus Blue Jackets,0,Washington Capitals,5,,R,2017
2017-01-06,Arizona Coyotes,2,Anaheim Ducks,3,OT,R,2017
2017-01-06,Carolina Hurricanes,1,Chicago Blackhawks,2,,R,2017
2017-01-06,New York Islanders,1,Colorado Avalanche,2,OT,R,2017
2017-01-06,Nashville Predators,1,Florida Panthers,2,,R,2017
2017-01-06,Toronto Maple Leafs,4,New Jersey Devils,2,,R,2017
2017-01-06,Calgary Flames,2,Vancouver Canucks,4,,R,2017
2017-01-07,New York Islanders,1,Arizona Coyotes,2,SO,R,2017
2017-01-07,Winnipeg Jets,3,Buffalo Sabres,4,,R,2017
2017-01-07,New York Rangers,5,Columbus Blue Jackets,4,,R,2017
2017-01-07,Vancouver Canucks,1,Calgary Flames,3,,R,2017
2017-01-07,Boston Bruins,4,Florida Panthers,0,,R,2017
2017-01-07,Minnesota Wild,3,Los Angeles Kings,4,OT,R,2017
2017-01-07,Edmonton Oilers,2,New Jersey Devils,1,OT,R,2017
2017-01-07,Washington Capitals,1,Ottawa Senators,0,,R,2017
2017-01-07,Tampa Bay Lightning,2,Philadelphia Flyers,4,,R,2017
2017-01-07,Detroit Red Wings,3,San Jose Sharks,6,,R,2017
2017-01-07,Dallas Stars,3,St. Louis Blues,4,,R,2017
2017-01-07,Montreal Canadiens,5,Toronto Maple Leafs,3,,R,2017
2017-01-08,Minnesota Wild,2,Anaheim Ducks,1,,R,2017
2017-01-08,Boston Bruins,3,Carolina Hurricanes,4,OT,R,2017
2017-01-08,Philadelphia Flyers,1,Columbus Blue Jackets,2,OT,R,2017
2017-01-08,Nashville Predators,2,Chicago Blackhawks,5,,R,2017
2017-01-08,Edmonton Oilers,3,Ottawa Senators,5,,R,2017
2017-01-08,Tampa Bay Lightning,2,Pittsburgh Penguins,6,,R,2017
2017-01-09,Dallas Stars,6,Los Angeles Kings,4,,R,2017
2017-01-09,Washington Capitals,4,Montreal Canadiens,1,,R,2017
2017-01-09,Florida Panthers,3,New Jersey Devils,0,,R,2017
2017-01-09,Calgary Flames,0,Winnipeg Jets,2,,R,2017
2017-01-10,Dallas Stars,0,Anaheim Ducks,2,,R,2017
2017-01-10,Philadelphia Flyers,1,Buffalo Sabres,4,,R,2017
2017-01-10,Columbus Blue Jackets,3,Carolina Hurricanes,5,,R,2017
2017-01-10,Detroit Red Wings,3,Chicago Blackhawks,4,OT,R,2017
2017-01-10,San Jose Sharks,5,Edmonton Oilers,3,,R,2017
2017-01-10,Vancouver Canucks,1,Nashville Predators,2,OT,R,2017
2017-01-10,Boston Bruins,5,St. Louis Blues,3,,R,2017
2017-01-11,San Jose Sharks,2,Calgary Flames,3,,R,2017
2017-01-11,Florida Panthers,2,New York Islanders,1,,R,2017
2017-01-11,Montreal Canadiens,7,Winnipeg Jets,4,,R,2017
2017-01-11,Pittsburgh Penguins,2,Washington Capitals,5,,R,2017
2017-01-12,Anaheim Ducks,4,Colorado Avalanche,1,,R,2017
2017-01-12,Detroit Red Wings,2,Dallas Stars,5,,R,2017
2017-01-12,New Jersey Devils,2,Edmonton Oilers,3,OT,R,2017
2017-01-12,St. Louis Blues,1,Los Angeles Kings,5,,R,2017
2017-01-12,Montreal Canadiens,1,Minnesota Wild,7,,R,2017
2017-01-12,Boston Bruins,1,Nashville Predators,2,,R,2017
2017-01-12,Pittsburgh Penguins,1,Ottawa Senators,4,,R,2017
2017-01-12,Vancouver Canucks,4,Philadelphia Flyers,5,SO,R,2017
2017-01-12,Buffalo Sabres,2,Tampa Bay Lightning,4,,R,2017
2017-01-13,Winnipeg Jets,3,Arizona Coyotes,4,,R,2017
2017-01-13,Buffalo Sabres,2,Carolina Hurricanes,5,,R,2017
2017-01-13,New Jersey Devils,2,Calgary Flames,1,,R,2017
2017-01-13,New York Islanders,5,Florida Panthers,2,,R,2017
2017-01-13,Toronto Maple Leafs,4,New York Rangers,2,,R,2017
2017-01-13,Columbus Blue Jackets,3,Tampa Bay Lightning,1,,R,2017
2017-01-13,Chicago Blackhawks,0,Washington Capitals,6,,R,2017
2017-01-14,Anaheim Ducks,3,Arizona Coyotes,0,,R,2017
2017-01-14,Philadelphia Flyers,3,Boston Bruins,6,,R,2017
2017-01-14,New York Islanders,4,Carolina Hurricanes,7,,R,2017
2017-01-14,Nashville Predators,3,Colorado Avalanche,2,,R,2017
2017-01-14,Minnesota Wild,5,Dallas Stars,4,,R,2017
2017-01-14,Pittsburgh Penguins,3,Detroit Red Wings,6,,R,2017
2017-01-14,Calgary Flames,1,Edmonton Oilers,2,SO,R,2017
2017-01-14,Columbus Blue Jackets,3,Florida Panthers,4,,R,2017
2017-01-14,Winnipeg Jets,2,Los Angeles Kings,3,OT,R,2017
2017-01-14,New York Rangers,4,Montreal Canadiens,5,,R,2017
2017-01-14,Toronto Maple Leafs,4,Ottawa Senators,2,,R,2017
2017-01-14,St. Louis Blues,4,San Jose Sharks,0,,R,2017
2017-01-15,St. Louis Blues,2,Anaheim Ducks,1,OT,R,2017
2017-01-15,Minnesota Wild,3,Chicago Blackhawks,2,,R,2017
2017-01-15,New Jersey Devils,2,Vancouver Canucks,1,OT,R,2017
2017-01-15,Philadelphia Flyers,0,Washington Capitals,5,,R,2017
2017-01-16,New York Islanders,4,Boston Bruins,0,,R,2017
2017-01-16,Dallas Stars,1,Buffalo Sabres,4,,R,2017
2017-01-16,Montreal Canadiens,0,Detroit Red Wings,1,,R,2017
2017-01-16,Arizona Coyotes,1,Edmonton Oilers,3,,R,2017
2017-01-16,Tampa Bay Lightning,2,Los Angeles Kings,1,,R,2017
2017-01-16,Washington Capitals,7,Pittsburgh Penguins,8,OT,R,2017
2017-01-16,Winnipeg Jets,2,San Jose Sharks,5,,R,2017
2017-01-17,Tampa Bay Lightning,1,Anaheim Ducks,2,OT,R,2017
2017-01-17,Carolina Hurricanes,1,Columbus Blue Jackets,4,,R,2017
2017-01-17,Florida Panthers,2,Calgary Flames,5,,R,2017
2017-01-17,Chicago Blackhawks,6,Colorado Avalanche,4,,R,2017
2017-01-17,New Jersey Devils,4,Minnesota Wild,3,,R,2017
2017-01-17,Dallas Stars,7,New York Rangers,6,,R,2017
2017-01-17,Ottawa Senators,6,St. Louis Blues,4,,R,2017
2017-01-17,Buffalo Sabres,3,Toronto Maple Leafs,4,,R,2017
2017-01-17,Nashville Predators,0,Vancouver Canucks,1,,R,2017
2017-01-18,Boston Bruins,5,Detroit Red Wings,6,SO,R,2017
2017-01-18,Florida Panthers,3,Edmonton Oilers,4,OT,R,2017
2017-01-18,San Jose Sharks,3,Los Angeles Kings,2,,R,2017
2017-01-18,Pittsburgh Penguins,4,Montreal Canadiens,1,,R,2017
2017-01-18,Arizona Coyotes,3,Winnipeg Jets,6,,R,2017
2017-01-19,Colorado Avalanche,1,Anaheim Ducks,2,,R,2017
2017-01-19,Ottawa Senators,2,Columbus Blue Jackets,0,,R,2017
2017-01-19,Nashville Predators,4,Calgary Flames,3,,R,2017
2017-01-19,Arizona Coyotes,3,Minnesota Wild,4,,R,2017
2017-01-19,Dallas Stars,0,New York Islanders,3,,R,2017
2017-01-19,Tampa Bay Lightning,1,San Jose Sharks,2,,R,2017
2017-01-19,Washington Capitals,7,St. Louis Blues,3,,R,2017
2017-01-19,New York Rangers,5,Toronto Maple Leafs,2,,R,2017
2017-01-20,Chicago Blackhawks,1,Boston Bruins,0,,R,2017
2017-01-20,Detroit Red Wings,2,Buffalo Sabres,3,OT,R,2017
2017-01-20,Pittsburgh Penguins,7,Carolina Hurricanes,1,,R,2017
2017-01-20,Nashville Predators,3,Edmonton Oilers,2,SO,R,2017
2017-01-20,Montreal Canadiens,3,New Jersey Devils,1,,R,2017
2017-01-20,Florida Panthers,1,Vancouver Canucks,2,,R,2017
2017-01-21,Tampa Bay Lightning,3,Arizona Coyotes,5,,R,2017
2017-01-21,Carolina Hurricanes,2,Columbus Blue Jackets,3,,R,2017
2017-01-21,Edmonton Oilers,7,Calgary Flames,3,,R,2017
2017-01-21,Washington Capitals,4,Dallas Stars,3,OT,R,2017
2017-01-21,Anaheim Ducks,3,Minnesota Wild,5,,R,2017
2017-01-21,Buffalo Sabres,3,Montreal Canadiens,2,OT,R,2017
2017-01-21,Los Angeles Kings,2,New York Islanders,4,,R,2017
2017-01-21,New Jersey Devils,4,Philadelphia Flyers,1,,R,2017
2017-01-21,Colorado Avalanche,2,San Jose Sharks,3,OT,R,2017
2017-01-21,Ottawa Senators,3,Toronto Maple Leafs,2,SO,R,2017
2017-01-21,St. Louis Blues,3,Winnipeg Jets,5,,R,2017
2017-01-22,Vancouver Canucks,2,Chicago Blackhawks,4,,R,2017
2017-01-22,New York Rangers,1,Detroit Red Wings,0,OT,R,2017
2017-01-22,Nashville Predators,4,Minnesota Wild,2,,R,2017
2017-01-22,Philadelphia Flyers,3,New York Islanders,2,OT,R,2017
2017-01-22,Columbus Blue Jackets,7,Ottawa Senators,6,OT,R,2017
2017-01-22,Boston Bruins,1,Pittsburgh Penguins,5,,R,2017
2017-01-23,Florida Panthers,2,Arizona Coyotes,3,OT,R,2017
2017-01-23,San Jose Sharks,5,Colorado Avalanche,2,,R,2017
2017-01-23,Los Angeles Kings,2,New York Rangers,3,,R,2017
2017-01-23,Calgary Flames,0,Toronto Maple Leafs,4,,R,2017
2017-01-23,Anaheim Ducks,3,Winnipeg Jets,2,,R,2017
2017-01-23,Carolina Hurricanes,1,Washington Capitals,6,,R,2017
2017-01-24,Detroit Red Wings,3,Boston Bruins,4,OT,R,2017
2017-01-24,Tampa Bay Lightning,5,Chicago Blackhawks,2,,R,2017
2017-01-24,Minnesota Wild,3,Dallas Stars,2,SO,R,2017
2017-01-24,Calgary Flames,1,Montreal Canadiens,5,,R,2017
2017-01-24,Los Angeles Kings,3,New Jersey Devils,1,,R,2017
2017-01-24,Buffalo Sabres,5,Nashville Predators,4,OT,R,2017
2017-01-24,Columbus Blue Jackets,2,New York Islanders,4,,R,2017
2017-01-24,Washington Capitals,0,Ottawa Senators,3,,R,2017
2017-01-24,St. Louis Blues,3,Pittsburgh Penguins,0,,R,2017
2017-01-24,San Jose Sharks,4,Winnipeg Jets,3,,R,2017
2017-01-25,Edmonton Oilers,4,Anaheim Ducks,0,,R,2017
2017-01-25,Vancouver Canucks,3,Colorado Avalanche,2,,R,2017
2017-01-25,Toronto Maple Leafs,4,Detroit Red Wings,0,,R,2017
2017-01-25,Philadelphia Flyers,2,New York Rangers,0,,R,2017
2017-01-26,Vancouver Canucks,0,Arizona Coyotes,3,,R,2017
2017-01-26,Pittsburgh Penguins,3,Boston Bruins,4,,R,2017
2017-01-26,Los Angeles Kings,3,Carolina Hurricanes,0,,R,2017
2017-01-26,Winnipeg Jets,5,Chicago Blackhawks,3,,R,2017
2017-01-26,Buffalo Sabres,3,Dallas Stars,4,,R,2017
2017-01-26,Tampa Bay Lightning,1,Florida Panthers,2,OT,R,2017
2017-01-26,St. Louis Blues,1,Minnesota Wild,5,,R,2017
2017-01-26,Washington Capitals,5,New Jersey Devils,2,,R,2017
2017-01-26,Columbus Blue Jackets,3,Nashville Predators,4,,R,2017
2017-01-26,Montreal Canadiens,1,New York Islanders,3,,R,2017
2017-01-26,Calgary Flames,3,Ottawa Senators,2,OT,R,2017
2017-01-26,Toronto Maple Leafs,1,Philadelphia Flyers,2,,R,2017
2017-01-26,Edmonton Oilers,4,San Jose Sharks,1,,R,2017
2017-01-31,Colorado Avalanche,1,Anaheim Ducks,5,,R,2017
2017-01-31,Los Angeles Kings,3,Arizona Coyotes,2,,R,2017
2017-01-31,Philadelphia Flyers,1,Carolina Hurricanes,5,,R,2017
2017-01-31,Toronto Maple Leafs,3,Dallas Stars,6,,R,2017
2017-01-31,New Jersey Devils,4,Detroit Red Wings,3,,R,2017
2017-01-31,Minnesota Wild,5,Edmonton Oilers,2,,R,2017
2017-01-31,Ottawa Senators,5,Florida Panthers,6,,R,2017
2017-01-31,Buffalo Sabres,2,Montreal Canadiens,5,,R,2017
2017-01-31,Washington Capitals,2,New York Islanders,3,,R,2017
2017-01-31,Columbus Blue Jackets,6,New York Rangers,4,,R,2017
2017-01-31,Nashville Predators,2,Pittsburgh Penguins,4,,R,2017
2017-01-31,Chicago Blackhawks,1,San Jose Sharks,3,,R,2017
2017-01-31,Winnipeg Jets,5,St. Louis Blues,3,,R,2017
2017-01-31,Boston Bruins,4,Tampa Bay Lightning,3,,R,2017
2017-02-01,Minnesota Wild,1,Calgary Flames,5,,R,2017
2017-02-01,Colorado Avalanche,0,Los Angeles Kings,5,,R,2017
2017-02-01,Boston Bruins,3,Washington Capitals,5,,R,2017
2017-02-02,Chicago Blackhawks,4,Arizona Coyotes,3,,R,2017
2017-02-02,New York Rangers,2,Buffalo Sabres,1,OT,R,2017
2017-02-02,Winnipeg Jets,4,Dallas Stars,3,,R,2017
2017-02-02,Edmonton Oilers,0,Nashville Predators,2,,R,2017
2017-02-02,Montreal Canadiens,1,Philadelphia Flyers,3,,R,2017
2017-02-02,Toronto Maple Leafs,1,St. Louis Blues,5,,R,2017
2017-02-02,Ottawa Senators,5,Tampa Bay Lightning,2,,R,2017
2017-02-02,San Jose Sharks,4,Vancouver Canucks,1,,R,2017
2017-02-03,Edmonton Oilers,1,Carolina Hurricanes,2,,R,2017
2017-02-03,New York Islanders,4,Detroit Red Wings,5,,R,2017
2017-02-03,Anaheim Ducks,1,Florida Panthers,2,,R,2017
2017-02-03,Calgary Flames,4,New Jersey Devils,3,OT,R,2017
2017-02-03,Columbus Blue Jackets,3,Pittsburgh Penguins,4,OT,R,2017
2017-02-04,Toronto Maple Leafs,6,Boston Bruins,5,,R,2017
2017-02-04,Ottawa Senators,0,Buffalo Sabres,4,,R,2017
2017-02-04,New Jersey Devils,5,Columbus Blue Jackets,1,,R,2017
2017-02-04,Winnipeg Jets,2,Colorado Avalanche,5,,R,2017
2017-02-04,Chicago Blackhawks,5,Dallas Stars,3,,R,2017
2017-02-04,Washington Capitals,3,Montreal Canadiens,2,,R,2017
2017-02-04,Detroit Red Wings,1,Nashville Predators,0,,R,2017
2017-02-04,Carolina Hurricanes,5,New York Islanders,4,OT,R,2017
2017-02-04,Los Angeles Kings,1,Philadelphia Flyers,0,OT,R,2017
2017-02-04,Arizona Coyotes,3,San Jose Sharks,2,SO,R,2017
2017-02-04,Pittsburgh Penguins,4,St. Louis Blues,1,,R,2017
2017-02-04,Anaheim Ducks,2,Tampa Bay Lightning,3,SO,R,2017
2017-02-04,Minnesota Wild,6,Vancouver Canucks,3,,R,2017
2017-02-05,Edmonton Oilers,1,Montreal Canadiens,0,SO,R,2017
2017-02-05,Calgary Flames,3,New York Rangers,4,,R,2017
2017-02-05,Los Angeles Kings,0,Washington Capitals,5,,R,2017
2017-02-06,Buffalo Sabres,1,New Jersey Devils,2,,R,2017
2017-02-06,Toronto Maple Leafs,5,New York Islanders,6,OT,R,2017
2017-02-06,St. Louis Blues,2,Philadelphia Flyers,0,,R,2017
2017-02-07,San Jose Sharks,4,Buffalo Sabres,5,OT,R,2017
2017-02-07,Montreal Canadiens,0,Colorado Avalanche,4,,R,2017
2017-02-07,Columbus Blue Jackets,3,Detroit Red Wings,2,OT,R,2017
2017-02-07,Vancouver Canucks,2,Nashville Predators,4,,R,2017
2017-02-07,Anaheim Ducks,1,New York Rangers,4,,R,2017
2017-02-07,St. Louis Blues,6,Ottawa Senators,0,,R,2017
2017-02-07,Calgary Flames,3,Pittsburgh Penguins,2,SO,R,2017
2017-02-07,Los Angeles Kings,0,Tampa Bay Lightning,5,,R,2017
2017-02-07,Dallas Stars,1,Toronto Maple Leafs,3,,R,2017
2017-02-07,Minnesota Wild,4,Winnipeg Jets,2,,R,2017
2017-02-07,Carolina Hurricanes,0,Washington Capitals,5,,R,2017
2017-02-08,Chicago Blackhawks,4,Minnesota Wild,3,OT,R,2017
2017-02-09,Montreal Canadiens,5,Arizona Coyotes,4,OT,R,2017
2017-02-09,San Jose Sharks,3,Boston Bruins,6,,R,2017
2017-02-09,Anaheim Ducks,5,Buffalo Sabres,2,,R,2017
2017-02-09,Vancouver Canucks,3,Columbus Blue Jackets,0,,R,2017
2017-02-09,Pittsburgh Penguins,4,Colorado Avalanche,1,,R,2017
2017-02-09,Los Angeles Kings,6,Florida Panthers,3,,R,2017
2017-02-09,Nashville Predators,3,New York Rangers,4,,R,2017
2017-02-09,Dallas Stars,2,Ottawa Senators,3,,R,2017
2017-02-09,New York Islanders,3,Philadelphia Flyers,1,,R,2017
2017-02-09,St. Louis Blues,2,Toronto Maple Leafs,1,OT,R,2017
2017-02-09,Detroit Red Wings,3,Washington Capitals,6,,R,2017
2017-02-10,Tampa Bay Lightning,1,Minnesota Wild,2,SO,R,2017
2017-02-10,Chicago Blackhawks,5,Winnipeg Jets,2,,R,2017
2017-02-11,Pittsburgh Penguins,3,Arizona Coyotes,4,OT,R,2017
2017-02-11,Vancouver Canucks,3,Boston Bruins,4,,R,2017
2017-02-11,Detroit Red Wings,1,Columbus Blue Jackets,2,,R,2017
2017-02-11,Carolina Hurricanes,2,Dallas Stars,5,,R,2017
2017-02-11,Chicago Blackhawks,5,Edmonton Oilers,1,,R,2017
2017-02-11,St. Louis Blues,4,Montreal Canadiens,2,,R,2017
2017-02-11,Florida Panthers,7,Nashville Predators,4,,R,2017
2017-02-11,Colorado Avalanche,2,New York Rangers,4,,R,2017
2017-02-11,New York Islanders,0,Ottawa Senators,3,,R,2017
2017-02-11,San Jose Sharks,1,Philadelphia Flyers,2,OT,R,2017
2017-02-11,Buffalo Sabres,3,Toronto Maple Leafs,1,,R,2017
2017-02-11,Tampa Bay Lightning,4,Winnipeg Jets,1,,R,2017
2017-02-11,Anaheim Ducks,4,Washington Capitals,6,,R,2017
2017-02-12,Montreal Canadiens,0,Boston Bruins,4,,R,2017
2017-02-12,Vancouver Canucks,4,Buffalo Sabres,2,,R,2017
2017-02-12,Detroit Red Wings,3,Minnesota Wild,6,,R,2017
2017-02-12,San Jose Sharks,4,New Jersey Devils,1,,R,2017
2017-02-12,Dallas Stars,3,Nashville Predators,5,,R,2017
2017-02-12,Colorado Avalanche,1,New York Islanders,5,,R,2017
2017-02-13,New York Rangers,3,Columbus Blue Jackets,2,,R,2017
2017-02-13,Arizona Coyotes,5,Calgary Flames,0,,R,2017
2017-02-14,Arizona Coyotes,2,Edmonton Oilers,5,,R,2017
2017-02-14,Anaheim Ducks,1,Minnesota Wild,0,,R,2017
2017-02-14,Colorado Avalanche,2,New Jersey Devils,3,,R,2017
2017-02-14,Buffalo Sabres,3,Ottawa Senators,2,,R,2017
2017-02-14,Vancouver Canucks,0,Pittsburgh Penguins,4,,R,2017
2017-02-14,New York Islanders,1,Toronto Maple Leafs,7,,R,2017
2017-02-14,Dallas Stars,2,Winnipeg Jets,5,,R,2017
2017-02-15,Toronto Maple Leafs,2,Columbus Blue Jackets,5,,R,2017
2017-02-15,Philadelphia Flyers,1,Calgary Flames,3,,R,2017
2017-02-15,St. Louis Blues,2,Detroit Red Wings,0,,R,2017
2017-02-15,Florida Panthers,6,San Jose Sharks,5,OT,R,2017
2017-02-16,Colorado Avalanche,0,Buffalo Sabres,2,,R,2017
2017-02-16,Philadelphia Flyers,3,Edmonton Oilers,6,,R,2017
2017-02-16,Arizona Coyotes,5,Los Angeles Kings,3,,R,2017
2017-02-16,Dallas Stars,1,Minnesota Wild,3,,R,2017
2017-02-16,Ottawa Senators,3,New Jersey Devils,0,,R,2017
2017-02-16,New York Rangers,2,New York Islanders,4,,R,2017
2017-02-16,Winnipeg Jets,3,Pittsburgh Penguins,4,OT,R,2017
2017-02-16,Vancouver Canucks,3,St. Louis Blues,4,,R,2017
2017-02-17,Florida Panthers,4,Anaheim Ducks,1,,R,2017
2017-02-17,Colorado Avalanche,2,Carolina Hurricanes,1,OT,R,2017
2017-02-17,Pittsburgh Penguins,1,Columbus Blue Jackets,2,OT,R,2017
2017-02-18,San Jose Sharks,4,Arizona Coyotes,1,,R,2017
2017-02-18,St. Louis Blues,2,Buffalo Sabres,3,,R,2017
2017-02-18,Edmonton Oilers,3,Chicago Blackhawks,1,,R,2017
2017-02-18,Tampa Bay Lightning,3,Dallas Stars,4,OT,R,2017
2017-02-18,Washington Capitals,2,Detroit Red Wings,3,SO,R,2017
2017-02-18,Florida Panthers,3,Los Angeles Kings,2,,R,2017
2017-02-18,Nashville Predators,2,Minnesota Wild,5,,R,2017
2017-02-18,Winnipeg Jets,3,Montreal Canadiens,1,,R,2017
2017-02-18,New York Islanders,2,New Jersey Devils,3,,R,2017
2017-02-18,Ottawa Senators,6,Toronto Maple Leafs,3,,R,2017
2017-02-18,Calgary Flames,1,Vancouver Canucks,2,OT,R,2017
2017-02-19,Los Angeles Kings,0,Anaheim Ducks,1,,R,2017
2017-02-19,Chicago Blackhawks,5,Buffalo Sabres,1,,R,2017
2017-02-19,Toronto Maple Leafs,4,Carolina Hurricanes,0,,R,2017
2017-02-19,Nashville Predators,4,Columbus Blue Jackets,3,,R,2017
2017-02-19,Tampa Bay Lightning,3,Colorado Avalanche,2,OT,R,2017
2017-02-19,New Jersey Devils,4,New York Islanders,6,,R,2017
2017-02-19,Washington Capitals,1,New York Rangers,2,,R,2017
2017-02-19,Winnipeg Jets,3,Ottawa Senators,2,,R,2017
2017-02-19,Detroit Red Wings,5,Pittsburgh Penguins,2,,R,2017
2017-02-19,Boston Bruins,2,San Jose Sharks,1,OT,R,2017
2017-02-19,Philadelphia Flyers,3,Vancouver Canucks,2,,R,2017
2017-02-20,Anaheim Ducks,2,Arizona Coyotes,3,,R,2017
2017-02-20,Florida Panthers,2,St. Louis Blues,1,,R,2017
2017-02-21,Pittsburgh Penguins,3,Carolina Hurricanes,1,,R,2017
2017-02-21,Los Angeles Kings,2,Colorado Avalanche,1,,R,2017
2017-02-21,New York Islanders,3,Detroit Red Wings,1,,R,2017
2017-02-21,Chicago Blackhawks,5,Minnesota Wild,3,,R,2017
2017-02-21,Ottawa Senators,2,New Jersey Devils,1,,R,2017
2017-02-21,Calgary Flames,6,Nashville Predators,5,OT,R,2017
2017-02-21,Montreal Canadiens,3,New York Rangers,2,SO,R,2017
2017-02-21,Edmonton Oilers,1,Tampa Bay Lightning,4,,R,2017
2017-02-21,Winnipeg Jets,4,Toronto Maple Leafs,5,OT,R,2017
2017-02-22,Boston Bruins,3,Anaheim Ducks,5,,R,2017
2017-02-22,Edmonton Oilers,4,Florida Panthers,3,,R,2017
2017-02-22,Washington Capitals,4,Philadelphia Flyers,1,,R,2017
2017-02-23,Arizona Coyotes,3,Chicago Blackhawks,6,,R,2017
2017-02-23,Boston Bruins,4,Los Angeles Kings,1,,R,2017
2017-02-23,New York Islanders,3,Montreal Canadiens,0,,R,2017
2017-02-23,Colorado Avalanche,2,Nashville Predators,4,,R,2017
2017-02-23,Calgary Flames,3,Tampa Bay Lightning,2,,R,2017
2017-02-23,New York Rangers,2,Toronto Maple Leafs,1,SO,R,2017
2017-02-24,Ottawa Senators,0,Carolina Hurricanes,3,,R,2017
2017-02-24,Arizona Coyotes,2,Dallas Stars,5,,R,2017
2017-02-24,Calgary Flames,4,Florida Panthers,2,,R,2017
2017-02-24,Edmonton Oilers,1,Washington Capitals,2,,R,2017
2017-02-25,New York Islanders,0,Columbus Blue Jackets,7,,R,2017
2017-02-25,Buffalo Sabres,3,Colorado Avalanche,5,,R,2017
2017-02-25,Anaheim Ducks,1,Los Angeles Kings,4,,R,2017
2017-02-25,New York Rangers,4,New Jersey Devils,3,OT,R,2017
2017-02-25,Washington Capitals,2,Nashville Predators,5,,R,2017
2017-02-25,Philadelphia Flyers,2,Pittsburgh Penguins,4,,R,2017
2017-02-25,Montreal Canadiens,3,Toronto Maple Leafs,2,OT,R,2017
2017-02-25,San Jose Sharks,4,Vancouver Canucks,1,,R,2017
2017-02-26,Buffalo Sabres,2,Arizona Coyotes,3,,R,2017
2017-02-26,Calgary Flames,3,Carolina Hurricanes,1,,R,2017
2017-02-26,St. Louis Blues,2,Chicago Blackhawks,4,,R,2017
2017-02-26,Boston Bruins,6,Dallas Stars,3,,R,2017
2017-02-26,Ottawa Senators,2,Florida Panthers,1,,R,2017
2017-02-26,Edmonton Oilers,4,Nashville Predators,5,,R,2017
2017-02-26,Columbus Blue Jackets,5,New York Rangers,2,,R,2017
2017-02-27,Los Angeles Kings,4,Minnesota Wild,5,OT,R,2017
2017-02-27,Montreal Canadiens,4,New Jersey Devils,3,OT,R,2017
2017-02-27,Ottawa Senators,1,Tampa Bay Lightning,5,,R,2017
2017-02-28,Arizona Coyotes,1,Boston Bruins,4,,R,2017
2017-02-28,Nashville Predators,5,Buffalo Sabres,4,OT,R,2017
2017-02-28,Los Angeles Kings,1,Calgary Flames,2,OT,R,2017
2017-02-28,Pittsburgh Penguins,2,Dallas Stars,3,,R,2017
2017-02-28,Carolina Hurricanes,2,Florida Panthers,3,SO,R,2017
2017-02-28,Columbus Blue Jackets,0,Montreal Canadiens,1,OT,R,2017
2017-02-28,Washington Capitals,4,New York Rangers,1,,R,2017
2017-02-28,Colorado Avalanche,0,Philadelphia Flyers,4,,R,2017
2017-02-28,Toronto Maple Leafs,1,San Jose Sharks,3,,R,2017
2017-02-28,Edmonton Oilers,2,St. Louis Blues,1,,R,2017
2017-02-28,Detroit Red Wings,3,Vancouver Canucks,2,OT,R,2017
2017-02-28,Minnesota Wild,6,Winnipeg Jets,5,,R,2017
2017-03-01,Pittsburgh Penguins,1,Chicago Blackhawks,4,,R,2017
2017-03-01,Carolina Hurricanes,3,Tampa Bay Lightning,4,OT,R,2017
2017-03-02,New York Rangers,2,Boston Bruins,1,,R,2017
2017-03-02,Arizona Coyotes,3,Buffalo Sabres,6,,R,2017
2017-03-02,Minnesota Wild,0,Columbus Blue Jackets,1,,R,2017
2017-03-02,New York Islanders,5,Dallas Stars,4,,R,2017
2017-03-02,Toronto Maple Leafs,2,Los Angeles Kings,3,SO,R,2017
2017-03-02,Nashville Predators,1,Montreal Canadiens,2,,R,2017
2017-03-02,Colorado Avalanche,1,Ottawa Senators,2,,R,2017
2017-03-02,Florida Panthers,1,Philadelphia Flyers,2,SO,R,2017
2017-03-02,Vancouver Canucks,1,San Jose Sharks,3,,R,2017
2017-03-02,New Jersey Devils,0,Washington Capitals,1,,R,2017
2017-03-03,Toronto Maple Leafs,2,Anaheim Ducks,5,,R,2017
2017-03-03,Arizona Coyotes,4,Carolina Hurricanes,2,,R,2017
2017-03-03,Detroit Red Wings,2,Calgary Flames,3,OT,R,2017
2017-03-03,New York Islanders,1,Chicago Blackhawks,2,SO,R,2017
2017-03-03,Tampa Bay Lightning,2,Pittsburgh Penguins,5,,R,2017
2017-03-03,St. Louis Blues,0,Winnipeg Jets,3,,R,2017
2017-03-04,New Jersey Devils,2,Boston Bruins,3,,R,2017
2017-03-04,Tampa Bay Lightning,2,Buffalo Sabres,1,SO,R,2017
2017-03-04,Detroit Red Wings,3,Edmonton Oilers,4,,R,2017
2017-03-04,Dallas Stars,2,Florida Panthers,1,,R,2017
2017-03-04,Vancouver Canucks,4,Los Angeles Kings,3,,R,2017
2017-03-04,Chicago Blackhawks,5,Nashville Predators,3,,R,2017
2017-03-04,Montreal Canadiens,4,New York Rangers,1,,R,2017
2017-03-04,Columbus Blue Jackets,2,Ottawa Senators,3,,R,2017
2017-03-04,Colorado Avalanche,1,Winnipeg Jets,6,,R,2017
2017-03-04,Philadelphia Flyers,1,Washington Capitals,2,OT,R,2017
2017-03-05,Vancouver Canucks,2,Anaheim Ducks,1,,R,2017
2017-03-05,Carolina Hurricanes,2,Arizona Coyotes,1,,R,2017
2017-03-05,New York Islanders,2,Calgary Flames,5,,R,2017
2017-03-05,St. Louis Blues,3,Colorado Avalanche,0,,R,2017
2017-03-05,San Jose Sharks,1,Minnesota Wild,3,,R,2017
2017-03-05,Columbus Blue Jackets,3,New Jersey Devils,0,,R,2017
2017-03-05,Buffalo Sabres,3,Pittsburgh Penguins,4,,R,2017
2017-03-06,Boston Bruins,2,Ottawa Senators,4,,R,2017
2017-03-06,New York Rangers,1,Tampa Bay Lightning,0,OT,R,2017
2017-03-06,San Jose Sharks,3,Winnipeg Jets,2,,R,2017
2017-03-06,Dallas Stars,4,Washington Capitals,2,,R,2017
2017-03-07,Nashville Predators,3,Anaheim Ducks,4,SO,R,2017
2017-03-07,Philadelphia Flyers,6,Buffalo Sabres,3,,R,2017
2017-03-07,New Jersey Devils,0,Columbus Blue Jackets,2,,R,2017
2017-03-07,Carolina Hurricanes,1,Colorado Avalanche,3,,R,2017
2017-03-07,New York Islanders,4,Edmonton Oilers,1,,R,2017
2017-03-07,New York Rangers,5,Florida Panthers,2,,R,2017
2017-03-07,St. Louis Blues,2,Minnesota Wild,1,,R,2017
2017-03-07,Detroit Red Wings,2,Toronto Maple Leafs,3,,R,2017
2017-03-07,Montreal Canadiens,2,Vancouver Canucks,1,OT,R,2017
2017-03-08,Detroit Red Wings,1,Boston Bruins,6,,R,2017
2017-03-08,Ottawa Senators,5,Dallas Stars,2,,R,2017
2017-03-08,Pittsburgh Penguins,7,Winnipeg Jets,4,,R,2017
2017-03-09,Ottawa Senators,3,Arizona Coyotes,2,OT,R,2017
2017-03-09,New York Rangers,3,Carolina Hurricanes,4,,R,2017
2017-03-09,Montreal Canadiens,0,Calgary Flames,5,,R,2017
2017-03-09,Anaheim Ducks,1,Chicago Blackhawks,0,,R,2017
2017-03-09,New Jersey Devils,2,Colorado Avalanche,3,,R,2017
2017-03-09,Nashville Predators,2,Los Angeles Kings,3,OT,R,2017
2017-03-09,Washington Capitals,2,San Jose Sharks,4,,R,2017
2017-03-09,Minnesota Wild,1,Tampa Bay Lightning,4,,R,2017
2017-03-09,Philadelphia Flyers,2,Toronto Maple Leafs,4,,R,2017
2017-03-09,New York Islanders,4,Vancouver Canucks,3,OT,R,2017
2017-03-10,Buffalo Sabres,3,Columbus Blue Jackets,4,,R,2017
2017-03-10,Chicago Blackhawks,2,Detroit Red Wings,4,,R,2017
2017-03-10,Pittsburgh Penguins,3,Edmonton Oilers,2,SO,R,2017
2017-03-10,Minnesota Wild,7,Florida Panthers,4,,R,2017
2017-03-10,Anaheim Ducks,3,St. Louis Blues,4,,R,2017
2017-03-11,New Jersey Devils,4,Arizona Coyotes,5,,R,2017
2017-03-11,Philadelphia Flyers,1,Boston Bruins,2,,R,2017
2017-03-11,Columbus Blue Jackets,3,Buffalo Sabres,5,,R,2017
2017-03-11,Toronto Maple Leafs,3,Carolina Hurricanes,2,OT,R,2017
2017-03-11,Ottawa Senators,4,Colorado Avalanche,2,,R,2017
2017-03-11,Washington Capitals,2,Los Angeles Kings,4,,R,2017
2017-03-11,Nashville Predators,3,San Jose Sharks,1,,R,2017
2017-03-11,New York Islanders,3,St. Louis Blues,4,,R,2017
2017-03-11,Florida Panthers,2,Tampa Bay Lightning,3,,R,2017
2017-03-11,Pittsburgh Penguins,3,Vancouver Canucks,0,,R,2017
2017-03-11,Calgary Flames,3,Winnipeg Jets,0,,R,2017
2017-03-12,Washington Capitals,2,Anaheim Ducks,5,,R,2017
2017-03-12,Minnesota Wild,2,Chicago Blackhawks,4,,R,2017
2017-03-12,New York Rangers,4,Detroit Red Wings,1,,R,2017
2017-03-12,Montreal Canadiens,4,Edmonton Oilers,1,,R,2017
2017-03-12,Dallas Stars,1,San Jose Sharks,5,,R,2017
2017-03-13,Colorado Avalanche,0,Arizona Coyotes,1,,R,2017
2017-03-13,Pittsburgh Penguins,3,Calgary Flames,4,SO,R,2017
2017-03-13,St. Louis Blues,3,Los Angeles Kings,1,,R,2017
2017-03-13,Winnipeg Jets,4,Nashville Predators,5,OT,R,2017
2017-03-13,Carolina Hurricanes,8,New York Islanders,4,,R,2017
2017-03-13,Tampa Bay Lightning,3,New York Rangers,2,,R,2017
2017-03-13,Columbus Blue Jackets,5,Philadelphia Flyers,3,,R,2017
2017-03-13,Boston Bruins,6,Vancouver Canucks,3,,R,2017
2017-03-14,New York Islanders,3,Carolina Hurricanes,2,OT,R,2017
2017-03-14,Dallas Stars,1,Edmonton Oilers,7,,R,2017
2017-03-14,Toronto Maple Leafs,2,Florida Panthers,7,,R,2017
2017-03-14,Arizona Coyotes,3,Los Angeles Kings,2,SO,R,2017
2017-03-14,Chicago Blackhawks,4,Montreal Canadiens,2,,R,2017
2017-03-14,Tampa Bay Lightning,2,Ottawa Senators,1,OT,R,2017
2017-03-14,Buffalo Sabres,1,San Jose Sharks,4,,R,2017
2017-03-14,Minnesota Wild,2,Washington Capitals,4,,R,2017
2017-03-15,St. Louis Blues,1,Anaheim Ducks,2,,R,2017
2017-03-15,Boston Bruins,5,Calgary Flames,2,,R,2017
2017-03-15,Detroit Red Wings,1,Colorado Avalanche,3,,R,2017
2017-03-15,Pittsburgh Penguins,0,Philadelphia Flyers,4,,R,2017
2017-03-16,Detroit Red Wings,5,Arizona Coyotes,4,SO,R,2017
2017-03-16,Minnesota Wild,1,Carolina Hurricanes,3,,R,2017
2017-03-16,Florida Panthers,1,Columbus Blue Jackets,2,,R,2017
2017-03-16,Boston Bruins,4,Edmonton Oilers,7,,R,2017
2017-03-16,Buffalo Sabres,0,Los Angeles Kings,2,,R,2017
2017-03-16,Philadelphia Flyers,2,New Jersey Devils,6,,R,2017
2017-03-16,Winnipeg Jets,4,New York Islanders,2,,R,2017
2017-03-16,Chicago Blackhawks,2,Ottawa Senators,1,,R,2017
2017-03-16,St. Louis Blues,4,San Jose Sharks,1,,R,2017
2017-03-16,Toronto Maple Leafs,5,Tampa Bay Lightning,0,,R,2017
2017-03-16,Dallas Stars,4,Vancouver Canucks,2,,R,2017
2017-03-16,Nashville Predators,2,Washington Capitals,1,OT,R,2017
2017-03-17,Buffalo Sabres,2,Anaheim Ducks,1,SO,R,2017
2017-03-17,Dallas Stars,1,Calgary Flames,3,,R,2017
2017-03-17,Florida Panthers,4,New York Rangers,3,SO,R,2017
2017-03-17,New Jersey Devils,4,Pittsburgh Penguins,6,,R,2017
2017-03-18,St. Louis Blues,3,Arizona Coyotes,0,,R,2017
2017-03-18,Nashville Predators,2,Carolina Hurricanes,4,,R,2017
2017-03-18,Colorado Avalanche,1,Detroit Red Wings,5,,R,2017
2017-03-18,Vancouver Canucks,0,Edmonton Oilers,2,,R,2017
2017-03-18,New York Rangers,3,Minnesota Wild,2,,R,2017
2017-03-18,Columbus Blue Jackets,3,New York Islanders,2,OT,R,2017
2017-03-18,Montreal Canadiens,4,Ottawa Senators,3,SO,R,2017
2017-03-18,Anaheim Ducks,2,San Jose Sharks,1,,R,2017
2017-03-18,Washington Capitals,5,Tampa Bay Lightning,3,,R,2017
2017-03-18,Chicago Blackhawks,2,Toronto Maple Leafs,1,OT,R,2017
2017-03-19,Los Angeles Kings,2,Calgary Flames,5,,R,2017
2017-03-19,Colorado Avalanche,3,Chicago Blackhawks,6,,R,2017
2017-03-19,Ottawa Senators,1,Montreal Canadiens,4,,R,2017
2017-03-19,Columbus Blue Jackets,4,New Jersey Devils,1,,R,2017
2017-03-19,Carolina Hurricanes,3,Philadelphia Flyers,4,OT,R,2017
2017-03-19,Florida Panthers,0,Pittsburgh Penguins,4,,R,2017
2017-03-19,Minnesota Wild,4,Winnipeg Jets,5,,R,2017
2017-03-20,San Jose Sharks,0,Dallas Stars,1,,R,2017
2017-03-20,Buffalo Sabres,2,Detroit Red Wings,1,,R,2017
2017-03-20,Los Angeles Kings,0,Edmonton Oilers,2,,R,2017
2017-03-20,Arizona Coyotes,1,Nashville Predators,3,,R,2017
2017-03-20,Boston Bruins,2,Toronto Maple Leafs,4,,R,2017
2017-03-21,Ottawa Senators,3,Boston Bruins,2,,R,2017
2017-03-21,Pittsburgh Penguins,3,Buffalo Sabres,1,,R,2017
2017-03-21,Vancouver Canucks,5,Chicago Blackhawks,4,OT,R,2017
2017-03-21,St. Louis Blues,4,Colorado Avalanche,2,,R,2017
2017-03-21,Carolina Hurricanes,4,Florida Panthers,3,,R,2017
2017-03-21,San Jose Sharks,2,Minnesota Wild,3,,R,2017
2017-03-21,Detroit Red Wings,2,Montreal Canadiens,1,OT,R,2017
2017-03-21,New York Rangers,2,New Jersey Devils,3,OT,R,2017
2017-03-21,Arizona Coyotes,5,Tampa Bay Lightning,3,,R,2017
2017-03-21,Philadelphia Flyers,2,Winnipeg Jets,3,,R,2017
2017-03-21,Calgary Flames,2,Washington Capitals,4,,R,2017
2017-03-22,Edmonton Oilers,3,Anaheim Ducks,4,,R,2017
2017-03-22,Toronto Maple Leafs,5,Columbus Blue Jackets,2,,R,2017
2017-03-22,New York Islanders,3,New York Rangers,2,,R,2017
2017-03-23,Tampa Bay Lightning,6,Boston Bruins,3,,R,2017
2017-03-23,Dallas Stars,2,Chicago Blackhawks,3,SO,R,2017
2017-03-23,Edmonton Oilers,7,Colorado Avalanche,4,,R,2017
2017-03-23,Arizona Coyotes,1,Florida Panthers,3,,R,2017
2017-03-23,Winnipeg Jets,2,Los Angeles Kings,5,,R,2017
2017-03-23,Philadelphia Flyers,3,Minnesota Wild,1,,R,2017
2017-03-23,Carolina Hurricanes,4,Montreal Canadiens,1,,R,2017
2017-03-23,Calgary Flames,1,Nashville Predators,3,,R,2017
2017-03-23,Pittsburgh Penguins,1,Ottawa Senators,2,SO,R,2017
2017-03-23,Vancouver Canucks,1,St. Louis Blues,4,,R,2017
2017-03-23,New Jersey Devils,2,Toronto Maple Leafs,4,,R,2017
2017-03-23,Columbus Blue Jackets,1,Washington Capitals,2,SO,R,2017
2017-03-24,Winnipeg Jets,1,Anaheim Ducks,3,,R,2017
2017-03-24,San Jose Sharks,1,Dallas Stars,6,,R,2017
2017-03-24,Tampa Bay Lightning,2,Detroit Red Wings,1,OT,R,2017
2017-03-24,New York Islanders,4,Pittsburgh Penguins,3,SO,R,2017
2017-03-25,Toronto Maple Leafs,2,Buffalo Sabres,5,,R,2017
2017-03-25,Philadelphia Flyers,0,Columbus Blue Jackets,1,,R,2017
2017-03-25,Colorado Avalanche,1,Edmonton Oilers,4,,R,2017
2017-03-25,Chicago Blackhawks,0,Florida Panthers,7,,R,2017
2017-03-25,New York Rangers,3,Los Angeles Kings,0,,R,2017
2017-03-25,Vancouver Canucks,4,Minnesota Wild,2,,R,2017
2017-03-25,Ottawa Senators,1,Montreal Canadiens,3,,R,2017
2017-03-25,Carolina Hurricanes,3,New Jersey Devils,1,,R,2017
2017-03-25,San Jose Sharks,2,Nashville Predators,7,,R,2017
2017-03-25,Boston Bruins,2,New York Islanders,1,,R,2017
2017-03-25,Calgary Flames,3,St. Louis Blues,2,OT,R,2017
2017-03-25,Arizona Coyotes,1,Washington Capitals,4,,R,2017
2017-03-26,New York Rangers,3,Anaheim Ducks,6,,R,2017
2017-03-26,Minnesota Wild,2,Detroit Red Wings,3,OT,R,2017
2017-03-26,Dallas Stars,2,New Jersey Devils,1,OT,R,2017
2017-03-26,Philadelphia Flyers,6,Pittsburgh Penguins,2,,R,2017
2017-03-26,Vancouver Canucks,1,Winnipeg Jets,2,,R,2017
2017-03-27,Florida Panthers,2,Buffalo Sabres,4,,R,2017
2017-03-27,Detroit Red Wings,4,Carolina Hurricanes,3,OT,R,2017
2017-03-27,Colorado Avalanche,2,Calgary Flames,4,,R,2017
2017-03-27,Nashville Predators,3,New York Islanders,1,,R,2017
2017-03-27,Arizona Coyotes,1,St. Louis Blues,4,,R,2017
2017-03-27,Chicago Blackhawks,4,Tampa Bay Lightning,5,OT,R,2017
2017-03-28,Nashville Predators,1,Boston Bruins,4,,R,2017
2017-03-28,Detroit Red Wings,1,Carolina Hurricanes,4,,R,2017
2017-03-28,Buffalo Sabres,1,Columbus Blue Jackets,3,,R,2017
2017-03-28,Los Angeles Kings,1,Edmonton Oilers,2,,R,2017
2017-03-28,Washington Capitals,5,Minnesota Wild,4,OT,R,2017
2017-03-28,Dallas Stars,1,Montreal Canadiens,4,,R,2017
2017-03-28,Winnipeg Jets,4,New Jersey Devils,3,SO,R,2017
2017-03-28,Ottawa Senators,2,Philadelphia Flyers,3,SO,R,2017
2017-03-28,New York Rangers,4,San Jose Sharks,5,OT,R,2017
2017-03-28,Florida Panthers,2,Toronto Maple Leafs,3,,R,2017
2017-03-28,Anaheim Ducks,4,Vancouver Canucks,1,,R,2017
2017-03-29,St. Louis Blues,3,Arizona Coyotes,1,,R,2017
2017-03-29,Los Angeles Kings,4,Calgary Flames,1,,R,2017
2017-03-29,Washington Capitals,5,Colorado Avalanche,3,,R,2017
2017-03-29,Chicago Blackhawks,5,Pittsburgh Penguins,1,,R,2017
2017-03-30,Dallas Stars,0,Boston Bruins,2,,R,2017
2017-03-30,Columbus Blue Jackets,1,Carolina Hurricanes,2,OT,R,2017
2017-03-30,San Jose Sharks,2,Edmonton Oilers,3,,R,2017
2017-03-30,Ottawa Senators,1,Minnesota Wild,5,,R,2017
2017-03-30,Florida Panthers,2,Montreal Canadiens,6,,R,2017
2017-03-30,Toronto Maple Leafs,3,Nashville Predators,1,,R,2017
2017-03-30,New York Islanders,3,Philadelphia Flyers,6,,R,2017
2017-03-30,Detroit Red Wings,3,Tampa Bay Lightning,5,,R,2017
2017-03-30,Anaheim Ducks,3,Winnipeg Jets,4,OT,R,2017
2017-03-31,Washington Capitals,3,Arizona Coyotes,6,,R,2017
2017-03-31,San Jose Sharks,2,Calgary Flames,5,,R,2017
2017-03-31,Columbus Blue Jackets,1,Chicago Blackhawks,3,,R,2017
2017-03-31,St. Louis Blues,1,Colorado Avalanche,2,SO,R,2017
2017-03-31,New Jersey Devils,1,New York Islanders,2,,R,2017
2017-03-31,Pittsburgh Penguins,4,New York Rangers,3,SO,R,2017
2017-03-31,Los Angeles Kings,2,Vancouver Canucks,0,,R,2017
2017-04-01,Florida Panthers,2,Boston Bruins,5,,R,2017
2017-04-01,Dallas Stars,3,Carolina Hurricanes,0,,R,2017
2017-04-01,Toronto Maple Leafs,5,Detroit Red Wings,4,,R,2017
2017-04-01,Anaheim Ducks,2,Edmonton Oilers,3,OT,R,2017
2017-04-01,Minnesota Wild,0,Nashville Predators,3,,R,2017
2017-04-01,New Jersey Devils,0,Philadelphia Flyers,3,,R,2017
2017-04-01,Montreal Canadiens,2,Tampa Bay Lightning,1,OT,R,2017
2017-04-01,Ottawa Senators,2,Winnipeg Jets,4,,R,2017
2017-04-02,New York Islanders,4,Buffalo Sabres,2,,R,2017
2017-04-02,Washington Capitals,3,Columbus Blue Jackets,2,,R,2017
2017-04-02,Anaheim Ducks,4,Calgary Flames,3,,R,2017
2017-04-02,Boston Bruins,3,Chicago Blackhawks,2,,R,2017
2017-04-02,Arizona Coyotes,2,Los Angeles Kings,1,,R,2017
2017-04-02,Colorado Avalanche,2,Minnesota Wild,5,,R,2017
2017-04-02,Philadelphia Flyers,3,New York Rangers,4,,R,2017
2017-04-02,Carolina Hurricanes,2,Pittsburgh Penguins,3,,R,2017
2017-04-02,Nashville Predators,1,St. Louis Blues,4,,R,2017
2017-04-02,Dallas Stars,3,Tampa Bay Lightning,6,,R,2017
2017-04-02,San Jose Sharks,3,Vancouver Canucks,1,,R,2017
2017-04-03,Toronto Maple Leafs,4,Buffalo Sabres,2,,R,2017
2017-04-03,Ottawa Senators,4,Detroit Red Wings,5,SO,R,2017
2017-04-03,Montreal Canadiens,4,Florida Panthers,1,,R,2017
2017-04-04,Calgary Flames,1,Anaheim Ducks,3,,R,2017
2017-04-04,Tampa Bay Lightning,0,Boston Bruins,4,,R,2017
2017-04-04,Chicago Blackhawks,3,Colorado Avalanche,4,OT,R,2017
2017-04-04,Arizona Coyotes,2,Dallas Stars,3,OT,R,2017
2017-04-04,Edmonton Oilers,4,Los Angeles Kings,6,,R,2017
2017-04-04,Carolina Hurricanes,3,Minnesota Wild,5,,R,2017
2017-04-04,Philadelphia Flyers,0,New Jersey Devils,1,OT,R,2017
2017-04-04,New York Islanders,2,Nashville Predators,1,OT,R,2017
2017-04-04,Detroit Red Wings,0,Ottawa Senators,2,,R,2017
2017-04-04,Columbus Blue Jackets,1,Pittsburgh Penguins,4,,R,2017
2017-04-04,Vancouver Canucks,1,San Jose Sharks,3,,R,2017
2017-04-04,Winnipeg Jets,5,St. Louis Blues,2,,R,2017
2017-04-04,Washington Capitals,4,Toronto Maple Leafs,1,,R,2017
2017-04-05,Montreal Canadiens,1,Buffalo Sabres,2,,R,2017
2017-04-05,New York Rangers,0,Washington Capitals,2,,R,2017
2017-04-06,Chicago Blackhawks,0,Anaheim Ducks,4,,R,2017
2017-04-06,Vancouver Canucks,3,Arizona Coyotes,4,,R,2017
2017-04-06,Ottawa Senators,2,Boston Bruins,1,SO,R,2017
2017-04-06,New York Islanders,3,Carolina Hurricanes,0,,R,2017
2017-04-06,Winnipeg Jets,5,Columbus Blue Jackets,4,,R,2017
2017-04-06,Minnesota Wild,4,Colorado Avalanche,3,,R,2017
2017-04-06,Nashville Predators,7,Dallas Stars,3,,R,2017
2017-04-06,St. Louis Blues,6,Florida Panthers,3,,R,2017
2017-04-06,Calgary Flames,4,Los Angeles Kings,1,,R,2017
2017-04-06,Pittsburgh Penguins,7,New Jersey Devils,4,,R,2017
2017-04-06,Edmonton Oilers,4,San Jose Sharks,2,,R,2017
2017-04-06,Tampa Bay Lightning,4,Toronto Maple Leafs,1,,R,2017
2017-04-07,Tampa Bay Lightning,4,Montreal Canadiens,2,,R,2017
2017-04-08,Minnesota Wild,3,Arizona Coyotes,1,,R,2017
2017-04-08,Washington Capitals,3,Boston Bruins,1,,R,2017
2017-04-08,St. Louis Blues,5,Carolina Hurricanes,4,SO,R,2017
2017-04-08,Colorado Avalanche,3,Dallas Stars,4,SO,R,2017
2017-04-08,Montreal Canadiens,3,Detroit Red Wings,2,OT,R,2017
2017-04-08,Buffalo Sabres,0,Florida Panthers,3,,R,2017
2017-04-08,Chicago Blackhawks,2,Los Angeles Kings,3,OT,R,2017
2017-04-08,New York Islanders,4,New Jersey Devils,2,,R,2017
2017-04-08,New York Rangers,1,Ottawa Senators,3,,R,2017
2017-04-08,Columbus Blue Jackets,2,Philadelphia Flyers,4,,R,2017
2017-04-08,Calgary Flames,1,San Jose Sharks,3,,R,2017
2017-04-08,Pittsburgh Penguins,3,Toronto Maple Leafs,5,,R,2017
2017-04-08,Edmonton Oilers,3,Vancouver Canucks,2,,R,2017
2017-04-08,Nashville Predators,1,Winnipeg Jets,2,,R,2017
2017-04-09,Los Angeles Kings,3,Anaheim Ducks,4,OT,R,2017
2017-04-09,New Jersey Devils,1,Detroit Red Wings,4,,R,2017
2017-04-09,Vancouver Canucks,2,Edmonton Oilers,5,,R,2017
2017-04-09,Ottawa Senators,2,New York Islanders,4,,R,2017
2017-04-09,Pittsburgh Penguins,2,New York Rangers,3,,R,2017
2017-04-09,Carolina Hurricanes,4,Philadelphia Flyers,3,SO,R,2017
2017-04-09,Colorado Avalanche,2,St. Louis Blues,3,,R,2017
2017-04-09,Buffalo Sabres,2,Tampa Bay Lightning,4,,R,2017
2017-04-09,Columbus Blue Jackets,3,Toronto Maple Leafs,2,,R,2017
2017-04-09,Florida Panthers,2,Washington Capitals,0,,R,2017
2017-04-12,St. Louis Blues,2,Minnesota Wild,1,OT,P,2017
2017-04-12,San Jose Sharks,3,Edmonton Oilers,2,OT,P,2017
2017-04-12,Columbus Blue Jackets,1,Pittsburgh Penguins,3,,P,2017
2017-04-12,New York Rangers,2,Montreal Canadiens,0,,P,2017
2017-04-12,Boston Bruins,2,Ottawa Senators,1,,P,2017
2017-04-13,Calgary Flames,2,Anaheim Ducks,3,,P,2017
2017-04-13,Nashville Predators,1,Chicago Blackhawks,0,,P,2017
2017-04-13,Toronto Maple Leafs,2,Washington Capitals,3,OT,P,2017
2017-04-14,San Jose Sharks,0,Edmonton Oilers,2,,P,2017
2017-04-14,St. Louis Blues,2,Minnesota Wild,1,,P,2017
2017-04-14,New York Rangers,3,Montreal Canadiens,4,OT,P,2017
2017-04-14,Columbus Blue Jackets,1,Pittsburgh Penguins,4,,P,2017
2017-04-15,Calgary Flames,2,Anaheim Ducks,3,,P,2017
2017-04-15,Toronto Maple Leafs,4,Washington Capitals,3,2OT,P,2017
2017-04-15,Boston Bruins,3,Ottawa Senators,4,OT,P,2017
2017-04-15,Nashville Predators,5,Chicago Blackhawks,0,,P,2017
2017-04-16,Pittsburgh Penguins,5,Columbus Blue Jackets,4,OT,P,2017
2017-04-16,Montreal Canadiens,3,New York Rangers,1,,P,2017
2017-04-16,Edmonton Oilers,1,San Jose Sharks,0,,P,2017
2017-04-16,Minnesota Wild,1,St. Louis Blues,3,,P,2017
2017-04-17,Washington Capitals,3,Toronto Maple Leafs,4,OT,P,2017
2017-04-17,Chicago Blackhawks,2,Nashville Predators,3,OT,P,2017
2017-04-17,Ottawa Senators,4,Boston Bruins,3,OT,P,2017
2017-04-17,Anaheim Ducks,5,Calgary Flames,4,OT,P,2017
2017-04-18,Pittsburgh Penguins,4,Columbus Blue Jackets,5,,P,2017
2017-04-18,Montreal Canadiens,1,New York Rangers,2,,P,2017
2017-04-18,Edmonton Oilers,0,San Jose Sharks,7,,P,2017
2017-04-19,Ottawa Senators,1,Boston Bruins,0,,P,2017
2017-04-19,Anaheim Ducks,3,Calgary Flames,1,,P,2017
2017-04-19,Minnesota Wild,2,St. Louis Blues,0,,P,2017
2017-04-19,Washington Capitals,5,Toronto Maple Leafs,4,,P,2017
2017-04-20,New York Rangers,3,Montreal Canadiens,2,OT,P,2017
2017-04-20,Columbus Blue Jackets,2,Pittsburgh Penguins,5,,P,2017
2017-04-20,Chicago Blackhawks,1,Nashville Predators,4,,P,2017
2017-04-20,San Jose Sharks,3,Edmonton Oilers,4,OT,P,2017
2017-04-21,Boston Bruins,3,Ottawa Senators,2,2OT,P,2017
2017-04-21,Toronto Maple Leafs,1,Washington Capitals,2,OT,P,2017
2017-04-22,St. Louis Blues,4,Minnesota Wild,3,OT,P,2017
2017-04-22,Montreal Canadiens,1,New York Rangers,3,,P,2017
2017-04-22,Edmonton Oilers,3,San Jose Sharks,1,,P,2017
2017-04-23,Ottawa Senators,3,Boston Bruins,2,OT,P,2017
2017-04-23,Washington Capitals,2,Toronto Maple Leafs,1,OT,P,2017
2017-04-26,Nashville Predators,4,St. Louis Blues,3,,P,2017
2017-04-26,Edmonton Oilers,5,Anaheim Ducks,3,,P,2017
2017-04-27,New York Rangers,1,Ottawa Senators,2,,P,2017
2017-04-27,Pittsburgh Penguins,3,Washington Capitals,2,,P,2017
2017-04-28,Edmonton Oilers,2,Anaheim Ducks,1,,P,2017
2017-04-28,Nashville Predators,2,St. Louis Blues,3,,P,2017
2017-04-29,New York Rangers,5,Ottawa Senators,6,2OT,P,2017
2017-04-29,Pittsburgh Penguins,6,Washington Capitals,2,,P,2017
2017-04-30,Anaheim Ducks,6,Edmonton Oilers,3,,P,2017
2017-04-30,St. Louis Blues,1,Nashville Predators,3,,P,2017
2017-05-01,Washington Capitals,3,Pittsburgh Penguins,2,OT,P,2017
2017-05-02,St. Louis Blues,1,Nashville Predators,2,,P,2017
2017-05-02,Ottawa Senators,1,New York Rangers,4,,P,2017
2017-05-03,Anaheim Ducks,4,Edmonton Oilers,3,OT,P,2017
2017-05-03,Washington Capitals,2,Pittsburgh Penguins,3,,P,2017
2017-05-04,Ottawa Senators,1,New York Rangers,4,,P,2017
2017-05-05,Edmonton Oilers,3,Anaheim Ducks,4,2OT,P,2017
2017-05-05,Nashville Predators,1,St. Louis Blues,2,,P,2017
2017-05-06,New York Rangers,4,Ottawa Senators,5,OT,P,2017
2017-05-06,Pittsburgh Penguins,2,Washington Capitals,4,,P,2017
2017-05-07,Anaheim Ducks,1,Edmonton Oilers,7,,P,2017
2017-05-07,St. Louis Blues,1,Nashville Predators,3,,P,2017
2017-05-08,Washington Capitals,5,Pittsburgh Penguins,2,,P,2017
2017-05-09,Ottawa Senators,4,New York Rangers,2,,P,2017
2017-05-10,Pittsburgh Penguins,2,Washington Capitals,0,,P,2017
2017-05-10,Edmonton Oilers,1,Anaheim Ducks,2,,P,2017
2017-05-12,Nashville Predators,3,Anaheim Ducks,2,OT,P,2017
2017-05-13,Ottawa Senators,2,Pittsburgh Penguins,1,OT,P,2017
2017-05-14,Nashville Predators,3,Anaheim Ducks,5,,P,2017
2017-05-15,Ottawa Senators,0,Pittsburgh Penguins,1,,P,2017
2017-05-16,Anaheim Ducks,1,Nashville Predators,2,,P,2017
2017-05-17,Pittsburgh Penguins,1,Ottawa Senators,5,,P,2017
2017-05-18,Anaheim Ducks,3,Nashville Predators,2,OT,P,2017
2017-05-19,Pittsburgh Penguins,3,Ottawa Senators,2,,P,2017
2017-05-20,Nashville Predators,3,Anaheim Ducks,1,,P,2017
2017-05-21,Ottawa Senators,0,Pittsburgh Penguins,7,,P,2017
2017-05-22,Anaheim Ducks,3,Nashville Predators,6,,P,2017
2017-05-23,Pittsburgh Penguins,1,Ottawa Senators,2,,P,2017
2017-05-25,Ottawa Senators,2,Pittsburgh Penguins,3,2OT,P,2017
2017-05-29,Nashville Predators,3,Pittsburgh Penguins,5,,P,2017
2017-05-31,Nashville Predators,1,Pittsburgh Penguins,4,,P,2017
2017-06-03,Pittsburgh Penguins,1,Nashville Predators,5,,P,2017
2017-06-05,Pittsburgh Penguins,1,Nashville Predators,4,,P,2017
2017-06-08,Nashville Predators,0,Pittsburgh Penguins,6,,P,2017
2017-06-11,Pittsburgh Penguins,2,Nashville Predators,0,,P,2017
