team,o,d,target,expected,o_sd,d_sd
ANA,0.00218,0.04783,91.37958,91.37969,0.07762,0.07762
BOS,-0.01635,0.03848,87.33368,87.33413,0.07752,0.07752
BUF,0.04361,0.01292,94.99291,94.99276,0.07769,0.07769
CAR,0.10398,-0.09012,109.25609,109.25499,0.08348,0.08348
CBJ,0.00604,0.02136,91.47911,91.47924,0.07777,0.07777
CGY,-0.12027,0.07153,79.22164,79.22269,0.07892,0.07892
CHI,-0.08919,0.08909,79.21588,79.21694,0.07792,0.07792
COL,0.09183,-0.09321,110.02202,110.02093,0.08428,0.08428
DAL,0.02962,-0.05259,101.64208,101.64151,0.08132,0.08132
DET,-0.03491,0.03464,87.22637,87.22683,0.07787,0.07787
EDM,0.06434,-0.03944,103.38997,103.38925,0.08098,0.08098
FLA,0.06848,-0.07126,104.29063,104.29011,0.08160,0.08160
LAK,-0.03182,-0.04017,95.71413,95.71397,0.08078,0.08078
MIN,0.03772,-0.05764,102.05196,102.05136,0.08119,0.08119
MTL,0.05521,-0.01446,99.89109,99.89063,0.07919,0.07919
NJD,0.00619,-0.04307,97.41810,97.41783,0.08012,0.08012
NSH,-0.05243,0.06691,84.37033,84.37098,0.07767,0.07767
NYI,-0.03111,0.02518,88.07685,88.07722,0.07809,0.07809
NYR,-0.02178,0.01901,89.61601,89.61628,0.07824,0.07824
OTT,0.01287,-0.03249,95.96079,95.96065,0.07947,0.07947
PHI,-0.00157,-0.00672,93.55643,93.55641,0.07873,0.07873
PIT,0.02093,0.04284,90.68534,90.68553,0.07699,0.07699
SEA,-0.08719,0.06735,80.94702,80.94794,0.07827,0.07827
SJS,0.00161,0.04212,90.54079,90.54098,0.07731,0.07731
STL,-0.07079,0.02122,87.24613,87.24659,0.07904,0.07904
TBL,0.07507,-0.07284,105.44727,105.44644,0.08201,0.08201
TOR,0.01436,0.00006,93.72465,93.72464,0.07822,0.07822
UTA,0.01424,-0.01215,96.31687,96.31662,0.07921,0.07921
VAN,-0.11303,0.11350,75.45005,75.45141,0.07820,0.07820
VGK,0.03406,-0.06493,103.28771,103.28701,0.08212,0.08212
WPG,-0.07187,0.02484,85.72306,85.72364,0.07887,0.07887
WSH,0.05998,-0.04778,101.95192,101.95130,0.08051,0.08051
