team,player_id,name,pos,change
ANA,8483479,Cruz Lucius,R,added
ANA,8478873,Troy Terry,R,removed
BOS,8480035,Henri Jokiharju,D,removed
BUF,8480056,Jack Rathbone,D,removed
BUF,8475722,Jason Zucker,L,removed
BUF,8483475,Topias Leinonen,G,removed
CAR,8479976,Juuso Välimäki,D,removed
CBJ,8482126,Emil Andrae,D,added
CBJ,8482720,Matthew Knies,L,added
CBJ,8476923,Damon Severson,D,removed
CBJ,8485469,Jack Williams,R,removed
CBJ,8480893,Kirill Marchenko,R,removed
CBJ,8477425,Miles Wood,L,removed
CHI,8482172,Landon Slaggert,L,removed
COL,8481550,Adam Beckman,L,removed
COL,8482763,Fabian Lysell,R,removed
COL,8483567,Georgii Merkulov,C,removed
COL,8479387,Keaton Middleton,D,removed
COL,8482953,Taylor Makar,L,removed
COL,8481529,Trent Miner,G,removed
COL,8476994,Vinnie Hinostroza,C,removed
COL,8483569,Wyatt Aamodt,D,removed
DAL,8484938,Arttu Hyry,R,removed
DAL,8478888,Cameron Hughes,C,removed
DAL,8476278,Colin Blackwell,C,removed
DAL,8485691,Jaxon Fuder,C,removed
DAL,8484822,Luke Krys,D,removed
DAL,8484146,Tristan Bertucci,D,removed
LAK,8482922,Kirill Kirsanov,D,removed
MIN,8484231,Charlie Stramel,C,removed
MTL,8475968,Alex Belzile,R,removed
MTL,8482132,Brett Berard,L,removed
MTL,8482890,Ethan Samson,D,removed
MTL,8484125,Hunter McKown,C,removed
MTL,8483763,Maksymilian Szuber,D,removed
MTL,8480054,Reilly Walsh,D,removed
MTL,8481591,Samuel Poulin,R,removed
MTL,8482682,Sasha Pastujov,R,removed
NJD,8480192,Johnathan Kovacevic,D,removed
NJD,8475760,Nick Bjugstad,C,removed
NJD,8483429,Seamus Casey,D,removed
NSH,8486189,Vitali Pinchuk,C,removed
NYI,8482070,Mitchell Chaffee,R,removed
NYI,8477970,Vitek Vanecek,G,removed
OTT,8482245,Artem Zub,D,removed
OTT,8477073,Kurtis MacDermid,L,removed
OTT,8477998,Warren Foegele,L,removed
PHI,8482169,Helge Grans,D,removed
SJS,8483481,Cam Lund,C,removed
SJS,8478492,Ilya Samsonov,G,removed
SJS,8480356,Kyle Keyser,G,removed
SJS,8483666,Mattias Havelid,D,removed
SJS,8480825,Patrick Giles,R,removed
SJS,8484200,Quentin Musty,L,removed
TBL,8485587,Benjamin Rautiainen,C,removed
TBL,8481592,Jakob Pelletier,L,removed
TBL,8481544,Mads Sogaard,G,removed
TBL,8482168,Maxim Groshev,D,removed
TBL,8480828,Michael Callahan,D,removed
TBL,8481720,Nick Abruzzese,C,removed
TBL,8476826,Yanni Gourde,C,removed
TOR,8480893,Kirill Marchenko,R,added
TOR,8482126,Emil Andrae,D,removed
TOR,8482720,Matthew Knies,L,removed
VAN,8484268,Nikita Tolopilo,G,removed
WPG,8483532,Clay Stevenson,G,added
WPG,8484242,Brayden Yager,C,removed
WPG,8483526,Danil Zhilkin,C,removed
WPG,8483711,Domenic DiVincentiis,G,removed
WPG,8481567,Henry Thrun,D,removed
